primary_type,district,hour,day_of_week,domestic,arrest_actual,arrest_predicted,arrest_probability
OTHER OFFENSE,10,17,Tuesday,No,0,0,0.4829407921419058
CRIMINAL TRESPASS,18,17,Saturday,No,1,0,0.02845151261509028
MOTOR VEHICLE THEFT,19,11,Tuesday,No,0,0,0.0
BURGLARY,2,8,Thursday,No,0,0,0.0
INTERFERENCE WITH PUBLIC OFFICER,2,19,Saturday,No,1,1,0.96
BURGLARY,18,3,Wednesday,No,1,1,0.59
CRIMINAL DAMAGE,2,23,Monday,No,0,0,0.0
OTHER OFFENSE,11,11,Wednesday,No,0,0,0.07845151261509029
BATTERY,14,1,Wednesday,Yes,1,0,0.06519515694274707
MOTOR VEHICLE THEFT,3,19,Thursday,No,0,0,0.0
THEFT,24,7,Wednesday,No,0,0,0.10654607193719683
OTHER OFFENSE,25,2,Saturday,No,1,0,0.15130356674736667
BATTERY,12,21,Saturday,No,0,0,0.01
OTHER OFFENSE,10,10,Saturday,No,0,0,0.0
CRIMINAL DAMAGE,5,16,Tuesday,No,0,0,0.0
THEFT,24,10,Wednesday,No,0,0,0.4761208136354972
ROBBERY,6,13,Tuesday,No,0,0,0.0
CRIMINAL DAMAGE,7,23,Thursday,No,1,0,0.0
THEFT,20,7,Monday,No,0,0,0.0
THEFT,1,11,Saturday,No,0,0,0.46073976283016416
THEFT,25,22,Monday,No,1,0,0.04
CRIMINAL DAMAGE,6,18,Saturday,No,0,0,0.0
THEFT,2,11,Friday,No,0,0,0.36774834433150294
THEFT,18,19,Wednesday,No,0,0,0.21603686470207947
THEFT,25,21,Tuesday,No,0,0,0.03
MOTOR VEHICLE THEFT,7,16,Wednesday,No,0,0,0.005218932289743779
SEX OFFENSE,5,12,Wednesday,Yes,0,0,0.02787593147815086
BATTERY,6,23,Friday,Yes,0,0,0.008451512615090279
ASSAULT,4,18,Saturday,No,0,0,0.037318285359287634
THEFT,4,8,Wednesday,No,0,0,0.0
BATTERY,11,15,Friday,Yes,0,1,0.5301059766007303
CONCEALED CARRY LICENSE VIOLATION,16,19,Wednesday,No,1,1,0.93
CRIMINAL DAMAGE,4,14,Thursday,No,0,0,0.0
BATTERY,20,14,Tuesday,No,0,1,0.6545443534409168
OTHER OFFENSE,16,2,Saturday,Yes,0,0,0.1
BURGLARY,16,6,Sunday,No,0,0,0.024198582420810872
INTIMIDATION,12,14,Tuesday,No,0,0,0.04845151261509027
THEFT,5,15,Friday,No,0,1,0.7426433701941704
ASSAULT,6,23,Monday,No,0,0,0.04
NARCOTICS,8,2,Monday,No,1,1,0.99
THEFT,1,15,Saturday,No,0,0,0.0
ASSAULT,15,10,Monday,No,1,0,0.49116925471015294
THEFT,1,14,Saturday,No,0,0,0.46696212219610245
MOTOR VEHICLE THEFT,2,14,Saturday,No,0,0,0.0078441817879141
BATTERY,17,21,Saturday,No,0,0,0.4758304784452054
THEFT,19,1,Friday,No,0,0,0.01629569440300438
MOTOR VEHICLE THEFT,25,22,Tuesday,No,0,0,0.0
WEAPONS VIOLATION,10,15,Friday,No,1,0,0.39916078024755364
BURGLARY,10,3,Monday,No,0,0,0.0
THEFT,8,4,Thursday,No,0,0,0.0
BATTERY,24,15,Thursday,No,0,0,0.0
ASSAULT,18,8,Thursday,No,0,0,0.08857724777976887
CRIMINAL DAMAGE,5,21,Saturday,Yes,1,0,0.0
BATTERY,15,9,Friday,Yes,0,0,0.44
ASSAULT,17,19,Tuesday,Yes,1,0,0.016742704222348217
BATTERY,1,18,Friday,No,0,0,0.013089023438974117
THEFT,6,9,Saturday,No,1,0,0.3313331116842641
BATTERY,12,1,Wednesday,No,0,0,0.01
MOTOR VEHICLE THEFT,9,19,Monday,No,0,0,0.021540536054064394
CRIMINAL DAMAGE,12,9,Friday,No,0,0,0.0
BATTERY,11,16,Thursday,No,0,0,0.1689106699523583
THEFT,6,18,Monday,No,0,0,0.0
BATTERY,6,6,Sunday,Yes,0,1,0.5641274264402739
BATTERY,24,21,Sunday,No,0,0,0.1917907216463351
ASSAULT,8,22,Wednesday,No,0,0,0.4998863587608624
DECEPTIVE PRACTICE,14,16,Sunday,No,0,0,0.0
ASSAULT,11,10,Sunday,Yes,0,0,0.03
CRIMINAL DAMAGE,25,7,Tuesday,No,0,0,0.0
NARCOTICS,11,14,Saturday,No,0,1,1.0
OTHER OFFENSE,12,15,Friday,Yes,0,0,0.0
THEFT,25,0,Wednesday,No,0,0,0.4706971106650325
MOTOR VEHICLE THEFT,2,19,Wednesday,No,0,1,0.86
ASSAULT,12,12,Thursday,Yes,0,0,0.03942441886306058
THEFT,12,6,Sunday,No,0,0,0.0
NARCOTICS,16,22,Monday,No,1,1,0.96
OTHER OFFENSE,9,9,Wednesday,No,0,0,0.11845151261509028
CRIMINAL DAMAGE,2,0,Saturday,No,0,0,0.351979055856826
DECEPTIVE PRACTICE,9,12,Wednesday,No,0,0,0.0
ASSAULT,24,23,Thursday,No,0,0,0.46731828535928766
BATTERY,8,4,Thursday,Yes,0,0,0.07628908407845747
CRIMINAL DAMAGE,4,20,Monday,Yes,0,0,0.02
BURGLARY,2,11,Saturday,No,0,0,0.01
MOTOR VEHICLE THEFT,2,18,Tuesday,No,0,0,0.0
BATTERY,2,0,Friday,No,0,0,0.13373357644318434
BATTERY,3,18,Thursday,Yes,0,0,0.019160780247553626
BATTERY,18,16,Friday,No,0,1,0.6291922096750077
OTHER OFFENSE,9,14,Wednesday,No,0,0,0.15
BATTERY,6,8,Tuesday,No,1,0,0.35640840829800885
THEFT,14,1,Sunday,No,0,0,0.0
OTHER OFFENSE,8,13,Sunday,No,0,0,0.05422131058946819
THEFT,6,16,Monday,No,1,0,0.04778870267071927
MOTOR VEHICLE THEFT,12,0,Thursday,No,0,0,0.0
BATTERY,2,23,Sunday,Yes,0,1,0.5750793944436698
BURGLARY,4,9,Sunday,No,0,0,0.0
BATTERY,3,16,Sunday,Yes,0,0,0.39455630918875045
MOTOR VEHICLE THEFT,12,3,Saturday,No,0,0,0.0
OTHER OFFENSE,7,19,Tuesday,Yes,0,0,0.06222282454244146
BATTERY,25,23,Thursday,Yes,0,1,0.7416941146479451
THEFT,19,23,Wednesday,No,0,0,0.030406368692953184
CRIMINAL DAMAGE,4,5,Saturday,Yes,0,0,0.08
CRIMINAL DAMAGE,8,0,Tuesday,No,0,0,0.37059331619247243
BATTERY,9,13,Saturday,Yes,0,0,0.03
BATTERY,6,7,Monday,Yes,0,1,0.6969181638571607
THEFT,2,2,Tuesday,Yes,0,0,0.017844181787914103
CRIMINAL DAMAGE,15,13,Friday,No,0,0,0.0
THEFT,2,2,Friday,No,0,0,0.0
CRIMINAL DAMAGE,22,1,Friday,No,0,1,0.5230291823641496
THEFT,19,12,Thursday,No,0,0,0.0
THEFT,18,19,Saturday,No,0,1,0.5816546638101231
BURGLARY,4,20,Monday,No,0,0,0.0
NARCOTICS,20,13,Friday,No,1,1,0.97
SEX OFFENSE,11,10,Saturday,No,0,0,0.15845151261509027
DECEPTIVE PRACTICE,11,14,Monday,No,0,0,0.0
BATTERY,10,5,Sunday,Yes,0,0,0.01
MOTOR VEHICLE THEFT,1,8,Sunday,No,0,0,0.0
BURGLARY,9,17,Thursday,No,0,0,0.0
CRIMINAL DAMAGE,15,10,Monday,No,0,0,0.0
THEFT,18,16,Monday,No,0,0,0.0
DECEPTIVE PRACTICE,19,14,Thursday,No,0,0,0.0
MOTOR VEHICLE THEFT,11,18,Saturday,No,0,0,0.03991101517159481
CRIMINAL TRESPASS,1,12,Sunday,No,1,0,0.3014591878161067
BATTERY,18,21,Friday,No,1,0,0.0
THEFT,7,17,Sunday,No,0,0,0.0
CRIMINAL TRESPASS,12,9,Friday,No,0,1,0.545769797974378
THEFT,22,0,Sunday,No,0,0,0.0
CRIMINAL DAMAGE,9,12,Tuesday,No,0,0,0.02787593147815086
BATTERY,8,22,Wednesday,No,0,0,0.02577073807968648
CRIMINAL TRESPASS,17,18,Tuesday,No,1,0,0.04
OTHER OFFENSE,5,0,Wednesday,Yes,0,0,0.03845151261509028
THEFT,19,6,Thursday,No,1,0,0.0
THEFT,9,10,Tuesday,No,0,0,0.008451512615090279
THEFT,22,11,Monday,No,1,0,0.0
CRIMINAL DAMAGE,2,22,Monday,No,0,0,0.0
THEFT,8,7,Tuesday,No,0,0,0.012545867393890018
BURGLARY,20,3,Sunday,No,0,1,0.6
MOTOR VEHICLE THEFT,25,14,Tuesday,No,0,0,0.02
THEFT,12,12,Wednesday,No,1,0,0.0
OTHER OFFENSE,12,16,Monday,Yes,0,0,0.0
DECEPTIVE PRACTICE,20,8,Tuesday,No,0,0,0.02561380681561717
ASSAULT,9,11,Friday,Yes,0,1,0.5136760983403781
THEFT,5,21,Monday,No,0,0,0.007318285359287636
DECEPTIVE PRACTICE,9,13,Tuesday,No,0,0,0.025769797974377916
NARCOTICS,15,12,Wednesday,No,1,1,1.0
BURGLARY,25,0,Monday,Yes,0,0,0.10731828535928763
CRIMINAL DAMAGE,4,4,Wednesday,No,0,0,0.0
THEFT,2,13,Sunday,No,0,0,0.0
BURGLARY,10,8,Sunday,No,0,0,0.06
DECEPTIVE PRACTICE,8,17,Wednesday,No,0,0,0.0
THEFT,18,1,Saturday,No,0,0,0.0
ASSAULT,20,14,Tuesday,No,0,0,0.05429720835597764
BURGLARY,22,22,Monday,Yes,0,0,0.34
BATTERY,11,9,Tuesday,Yes,0,1,0.5316862279227383
THEFT,19,17,Tuesday,No,0,0,0.0
DECEPTIVE PRACTICE,1,17,Monday,No,0,0,0.0
DECEPTIVE PRACTICE,11,15,Tuesday,No,0,0,0.0
MOTOR VEHICLE THEFT,2,0,Sunday,No,0,0,0.0
CRIMINAL DAMAGE,6,0,Saturday,No,0,1,0.517451595582454
THEFT,16,21,Monday,No,0,1,0.5249653158239856
NARCOTICS,2,18,Wednesday,No,1,1,0.992882407466592
DECEPTIVE PRACTICE,4,16,Sunday,No,0,0,0.0
CRIMINAL DAMAGE,10,16,Monday,No,0,1,0.76
BURGLARY,16,7,Thursday,No,0,0,0.0
ASSAULT,7,12,Tuesday,No,0,0,0.0
OTHER OFFENSE,24,19,Wednesday,No,0,0,0.0
NARCOTICS,10,17,Monday,No,1,1,1.0
BATTERY,2,13,Monday,Yes,1,1,0.6069030252301806
BATTERY,5,12,Monday,Yes,0,0,0.03677307311019753
CRIMINAL DAMAGE,14,0,Wednesday,No,0,0,0.007318285359287636
THEFT,19,10,Saturday,No,0,0,0.0
BATTERY,12,7,Friday,Yes,0,0,0.0
BATTERY,16,17,Monday,Yes,0,0,0.06542866891760175
THEFT,5,14,Sunday,No,1,0,0.0
NARCOTICS,11,11,Tuesday,No,1,1,1.0
THEFT,6,16,Saturday,No,0,0,0.0
ASSAULT,4,16,Monday,No,0,0,0.01
OTHER OFFENSE,10,11,Monday,No,0,0,0.0576122928626439
NARCOTICS,18,20,Monday,No,1,1,0.7794244188630606
THEFT,18,13,Sunday,No,0,0,0.22447444206966677
THEFT,18,16,Friday,No,0,0,0.21798699722714343
DECEPTIVE PRACTICE,24,0,Monday,No,0,0,0.0
MOTOR VEHICLE THEFT,8,1,Friday,No,0,0,0.004381082253765573
CRIMINAL DAMAGE,5,22,Tuesday,Yes,1,0,0.0
CRIMINAL DAMAGE,6,3,Wednesday,No,0,0,0.0
OTHER OFFENSE,16,12,Friday,No,0,0,0.06025037753419245
CRIMINAL TRESPASS,6,15,Friday,No,1,0,0.09942441886306058
THEFT,19,23,Wednesday,No,0,0,0.030406368692953184
BATTERY,3,16,Tuesday,No,0,0,0.0
ASSAULT,24,4,Monday,No,0,0,0.07
NARCOTICS,11,16,Thursday,No,1,1,1.0
THEFT,18,2,Monday,No,0,0,0.0
BATTERY,24,20,Monday,No,1,0,0.4785381369627346
BATTERY,8,16,Thursday,No,0,1,0.7395896609787767
DECEPTIVE PRACTICE,12,12,Monday,No,0,0,0.0
BATTERY,11,16,Sunday,Yes,0,0,0.08871058964351494
CRIMINAL DAMAGE,3,3,Friday,No,0,0,0.0
CRIMINAL DAMAGE,20,17,Tuesday,No,0,0,0.02647906560684126
BATTERY,3,11,Monday,Yes,0,0,0.04
THEFT,8,20,Wednesday,No,0,0,0.0
THEFT,1,11,Saturday,No,0,0,0.46073976283016416
CRIMINAL DAMAGE,11,11,Wednesday,No,0,0,0.05407681359778725
MOTOR VEHICLE THEFT,3,16,Saturday,No,0,0,0.0
ASSAULT,16,12,Sunday,No,0,0,0.04
BATTERY,3,15,Thursday,No,0,0,0.046678991650011215
ROBBERY,4,18,Wednesday,No,0,0,0.0
NARCOTICS,11,12,Sunday,No,1,1,1.0
ASSAULT,4,15,Wednesday,No,0,0,0.0
THEFT,18,19,Sunday,No,0,0,0.0
STALKING,15,17,Wednesday,No,0,0,0.0
MOTOR VEHICLE THEFT,5,16,Sunday,No,0,0,0.01
OTHER OFFENSE,19,11,Wednesday,No,1,0,0.01
DECEPTIVE PRACTICE,18,1,Thursday,No,0,0,0.0
OTHER OFFENSE,7,10,Tuesday,No,0,0,0.3041865729363915
DECEPTIVE PRACTICE,9,1,Saturday,No,0,0,0.0
THEFT,14,20,Tuesday,No,0,0,0.02377131192735118
ASSAULT,8,10,Wednesday,No,0,0,0.019160780247553626
THEFT,9,5,Saturday,No,0,0,0.012223764647750022
MOTOR VEHICLE THEFT,25,13,Monday,No,0,0,0.0
THEFT,18,0,Thursday,No,0,0,0.052521849236650875
BATTERY,9,0,Friday,Yes,0,1,0.5590001349006646
BATTERY,7,16,Sunday,Yes,0,0,0.02
THEFT,3,12,Thursday,No,0,0,0.4516539474763677
BATTERY,20,2,Friday,Yes,0,0,0.04845151261509028
ROBBERY,8,7,Saturday,No,1,0,0.04
ASSAULT,9,19,Wednesday,No,0,0,0.0
BURGLARY,4,11,Saturday,No,0,0,0.0
ASSAULT,6,17,Friday,Yes,0,0,0.37935171097166476
THEFT,1,19,Wednesday,No,1,0,0.0
NARCOTICS,15,11,Sunday,No,1,1,0.9812580223151727
CRIMINAL DAMAGE,6,9,Friday,No,0,0,0.0
MOTOR VEHICLE THEFT,9,15,Friday,No,0,1,0.5684515126150903
OTHER OFFENSE,25,10,Thursday,Yes,0,0,0.11690302523018055
ASSAULT,17,15,Thursday,No,0,0,0.009160780247553625
MOTOR VEHICLE THEFT,4,9,Thursday,No,0,0,0.0
BURGLARY,1,3,Wednesday,No,1,1,0.7348085122831232
THEFT,18,21,Tuesday,No,1,0,0.008451512615090279
THEFT,5,15,Friday,No,0,1,0.7426433701941704
BATTERY,6,0,Tuesday,Yes,0,0,0.0
MOTOR VEHICLE THEFT,3,18,Saturday,No,0,0,0.0
BATTERY,10,3,Sunday,Yes,1,0,0.0
CRIMINAL DAMAGE,2,20,Friday,No,0,0,0.0
MOTOR VEHICLE THEFT,24,12,Friday,No,0,0,0.018451512615090277
ASSAULT,4,15,Sunday,No,0,0,0.026295694403004378
NARCOTICS,24,10,Friday,No,1,1,0.88
ASSAULT,4,21,Sunday,Yes,0,0,0.17007460268024968
CRIMINAL TRESPASS,2,18,Friday,No,0,1,0.8884515126150903
CRIMINAL DAMAGE,4,17,Friday,No,0,0,0.0
MOTOR VEHICLE THEFT,4,20,Saturday,No,0,0,0.0
PUBLIC PEACE VIOLATION,1,15,Monday,No,0,0,0.26
CRIMINAL DAMAGE,12,10,Thursday,No,0,0,0.01
ROBBERY,18,3,Wednesday,No,0,0,0.0
WEAPONS VIOLATION,8,20,Wednesday,No,1,1,0.9684515126150903
BATTERY,10,16,Saturday,No,0,0,0.0312002335861582
BATTERY,3,15,Saturday,Yes,1,0,0.4399805757744838
BATTERY,1,16,Tuesday,No,0,0,0.4791657154208982
CRIMINAL DAMAGE,19,18,Friday,No,0,0,0.13737128932287204
THEFT,8,5,Sunday,Yes,0,0,0.0
DECEPTIVE PRACTICE,1,10,Monday,No,0,0,0.0
STALKING,12,1,Monday,No,0,0,0.0943289580462144
ASSAULT,8,22,Sunday,No,0,0,0.05222282454244146
THEFT,18,12,Friday,No,0,1,0.6715666522178222
THEFT,5,19,Monday,No,0,1,0.7269203068686675
CRIMINAL DAMAGE,8,0,Sunday,No,0,0,0.0
THEFT,14,18,Saturday,No,0,1,0.7697241202834662
ROBBERY,11,23,Saturday,No,0,0,0.029160780247553628
CRIMINAL DAMAGE,9,21,Wednesday,No,0,0,0.01
THEFT,3,6,Tuesday,No,0,0,0.01
THEFT,2,16,Sunday,No,0,1,0.7984515126150903
BATTERY,18,0,Wednesday,No,0,1,0.6619105887969305
BATTERY,16,23,Saturday,No,0,1,0.6807701800162517
NARCOTICS,7,14,Tuesday,No,1,1,0.9873182853592877
OTHER OFFENSE,5,21,Thursday,No,1,0,0.018451512615090277
MOTOR VEHICLE THEFT,1,0,Saturday,No,0,0,0.015195156942747059
MOTOR VEHICLE THEFT,19,1,Saturday,No,0,0,0.0076606813829979414
NARCOTICS,11,17,Thursday,No,1,1,1.0
OTHER OFFENSE,17,20,Wednesday,No,1,1,0.7184515126150903
MOTOR VEHICLE THEFT,8,10,Saturday,No,0,0,0.01
ROBBERY,8,2,Friday,No,0,0,0.03
MOTOR VEHICLE THEFT,22,18,Monday,No,0,0,0.0
THEFT,22,15,Sunday,No,0,1,0.5190346564924382
MOTOR VEHICLE THEFT,12,10,Thursday,No,0,0,0.0
BURGLARY,25,3,Saturday,No,0,0,0.0
DECEPTIVE PRACTICE,2,22,Wednesday,No,0,0,0.0420654923773823
BATTERY,16,21,Friday,No,1,0,0.029160780247553628
NARCOTICS,15,0,Tuesday,No,1,1,1.0
THEFT,19,17,Tuesday,No,0,0,0.0
ASSAULT,1,13,Saturday,No,0,0,0.018911490291670167
BATTERY,17,14,Friday,No,0,0,0.4
MOTOR VEHICLE THEFT,22,22,Tuesday,No,0,0,0.0
BURGLARY,20,19,Monday,No,0,0,0.06576979797437792
BATTERY,14,15,Sunday,No,0,0,0.03154053605406439
ASSAULT,11,9,Friday,No,1,0,0.1270049620354677
CRIMINAL DAMAGE,25,23,Monday,No,0,0,0.0
THEFT,17,13,Wednesday,No,0,1,0.6825000740302579
OTHER OFFENSE,2,10,Friday,Yes,0,0,0.04
OTHER OFFENSE,3,19,Monday,Yes,0,0,0.20313259305886258
THEFT,19,13,Monday,No,1,0,0.27727506567754595
SEX OFFENSE,12,17,Friday,No,0,0,0.044636570718575276
BURGLARY,9,12,Monday,No,0,0,0.06942441886306058
CRIMINAL DAMAGE,1,9,Tuesday,No,0,0,0.026092840825826472
THEFT,1,13,Wednesday,No,0,0,0.2775744316630173
THEFT,12,17,Sunday,No,0,0,0.0
THEFT,20,12,Monday,No,0,0,0.0
THEFT,6,0,Sunday,Yes,0,0,0.0
OFFENSE INVOLVING CHILDREN,22,14,Monday,Yes,0,0,0.03942441886306058
BURGLARY,2,14,Wednesday,No,0,0,0.0
BURGLARY,12,20,Wednesday,No,0,0,0.0
BATTERY,1,1,Thursday,Yes,1,1,0.5415520298185289
OTHER OFFENSE,20,21,Tuesday,Yes,0,0,0.1857697979743779
THEFT,16,12,Tuesday,No,0,0,0.008451512615090279
OTHER OFFENSE,19,6,Tuesday,No,1,0,0.01
NARCOTICS,11,16,Sunday,No,1,1,1.0
OTHER OFFENSE,3,18,Monday,No,0,0,0.22
THEFT,5,16,Friday,No,1,1,0.5335442443801203
MOTOR VEHICLE THEFT,6,19,Tuesday,No,0,0,0.0
ASSAULT,25,18,Saturday,No,0,1,0.67
THEFT,18,18,Friday,No,0,0,0.4183067646787289
ASSAULT,6,17,Sunday,Yes,0,0,0.1433326823758305
CRIMINAL DAMAGE,6,3,Friday,Yes,0,0,0.21
BURGLARY,4,15,Friday,No,0,0,0.0
MOTOR VEHICLE THEFT,11,18,Friday,No,0,0,0.1846887211629643
MOTOR VEHICLE THEFT,3,2,Saturday,No,0,0,0.0
THEFT,1,7,Thursday,No,0,0,0.04658376594600367
CRIMINAL DAMAGE,15,23,Saturday,Yes,0,0,0.06885788130804346
OTHER OFFENSE,18,20,Tuesday,No,0,0,0.1857697979743779
BATTERY,7,11,Thursday,No,0,0,0.40514168884551266
BATTERY,15,2,Sunday,Yes,0,1,0.7517360917877766
DECEPTIVE PRACTICE,24,13,Thursday,No,0,0,0.0
ASSAULT,2,14,Thursday,Yes,0,0,0.0
ROBBERY,22,22,Monday,No,0,0,0.17299339793430424
OTHER OFFENSE,25,1,Sunday,Yes,1,0,0.03916078024755363
ASSAULT,15,9,Friday,No,0,0,0.04545647465055801
CRIMINAL DAMAGE,6,23,Monday,No,0,0,0.0
OTHER OFFENSE,25,11,Saturday,No,1,0,0.2839710867561138
MOTOR VEHICLE THEFT,5,9,Wednesday,No,0,0,0.0
BURGLARY,1,14,Friday,No,0,0,0.0
THEFT,6,12,Saturday,No,0,0,0.0
OTHER OFFENSE,17,9,Wednesday,No,0,1,0.6832710458198402
DECEPTIVE PRACTICE,24,14,Monday,No,0,0,0.0
THEFT,19,2,Tuesday,No,0,0,0.0
BATTERY,12,10,Tuesday,Yes,0,0,0.06801352431732588
THEFT,18,12,Monday,No,0,0,0.22296430276672216
THEFT,1,13,Friday,No,0,1,0.6354428431554923
BATTERY,15,12,Wednesday,Yes,0,0,0.13985226500770914
MOTOR VEHICLE THEFT,8,17,Sunday,No,0,0,0.0
CRIMINAL DAMAGE,19,16,Tuesday,No,0,0,0.0
BATTERY,22,23,Tuesday,No,0,0,0.02891149029167017
THEFT,3,14,Friday,No,0,0,0.0
ASSAULT,2,11,Sunday,No,0,0,0.14
ASSAULT,14,17,Tuesday,No,0,0,0.13690302523018055
OTHER OFFENSE,9,21,Tuesday,No,1,1,0.9048808935136187
BURGLARY,16,11,Sunday,No,0,0,0.0
BATTERY,12,13,Friday,Yes,0,0,0.05
BATTERY,11,16,Monday,Yes,0,0,0.008451512615090277
ROBBERY,19,7,Thursday,No,0,0,0.01
CRIMINAL TRESPASS,12,12,Monday,No,0,1,0.6684515126150903
DECEPTIVE PRACTICE,17,17,Thursday,No,0,0,0.0
CRIMINAL DAMAGE,1,17,Sunday,No,1,0,0.01
BATTERY,18,13,Saturday,No,0,0,0.01
BATTERY,1,9,Monday,No,0,1,0.6047634452082491
BATTERY,6,17,Saturday,No,0,0,0.0
THEFT,6,11,Wednesday,No,1,0,0.0
THEFT,19,13,Saturday,No,0,0,0.0
BATTERY,15,14,Saturday,Yes,0,0,0.0
BURGLARY,9,2,Wednesday,No,0,0,0.053589746935737974
DECEPTIVE PRACTICE,25,21,Wednesday,No,0,0,0.024221310589468192
STALKING,11,5,Monday,No,0,0,0.1152245857252878
THEFT,9,23,Thursday,Yes,0,0,0.03
THEFT,6,5,Saturday,No,0,0,0.0
BATTERY,15,21,Sunday,Yes,0,0,0.08322960873638761
CONCEALED CARRY LICENSE VIOLATION,7,17,Monday,No,1,1,0.8591607802475536
ROBBERY,20,16,Sunday,No,0,0,0.15997179274338247
NARCOTICS,19,21,Tuesday,No,1,1,0.9576122928626439
OTHER OFFENSE,6,1,Sunday,Yes,0,0,0.009160780247553625
BURGLARY,6,1,Sunday,Yes,0,0,0.10321632305223574
CRIMINAL DAMAGE,2,16,Sunday,No,0,0,0.0
THEFT,12,12,Tuesday,No,0,0,0.2659614827988826
BATTERY,22,2,Thursday,Yes,0,0,0.017612292862643906
BATTERY,11,20,Saturday,Yes,0,1,0.5557411062743897
CRIMINAL DAMAGE,24,20,Thursday,No,0,0,0.0
CRIMINAL DAMAGE,4,15,Tuesday,No,0,0,0.0
ASSAULT,4,23,Monday,No,1,1,0.7657697979743778
THEFT,19,17,Wednesday,No,0,0,0.3905943874761009
ASSAULT,10,10,Saturday,No,0,0,0.02845151261509028
ASSAULT,8,23,Friday,No,0,0,0.062058882052835385
THEFT,8,23,Thursday,No,0,0,0.0
ASSAULT,12,22,Wednesday,No,0,0,0.007318285359287636
BATTERY,10,1,Tuesday,Yes,0,0,0.24186901278208706
BATTERY,3,17,Wednesday,No,0,1,0.66
BATTERY,17,2,Sunday,Yes,1,0,0.04009969612590088
DECEPTIVE PRACTICE,10,11,Wednesday,No,0,0,0.0
CRIMINAL DAMAGE,10,4,Monday,No,0,0,0.0
CRIMINAL DAMAGE,15,0,Wednesday,No,0,0,0.01
MOTOR VEHICLE THEFT,19,14,Sunday,No,0,0,0.0
THEFT,16,10,Friday,No,0,0,0.48309406492960205
DECEPTIVE PRACTICE,19,0,Sunday,No,0,1,0.6309133907905804
CRIMINAL TRESPASS,8,15,Monday,No,1,0,0.03
CRIMINAL TRESPASS,6,17,Tuesday,Yes,0,0,0.04
BATTERY,7,14,Wednesday,No,0,0,0.0
MOTOR VEHICLE THEFT,16,0,Tuesday,No,0,0,0.01
ROBBERY,6,3,Tuesday,No,0,0,0.0
BATTERY,24,15,Tuesday,No,0,0,0.12851773152999346
BATTERY,10,17,Sunday,No,0,0,0.2178441817879141
BATTERY,22,18,Monday,Yes,1,0,0.04845151261509027
CRIMINAL DAMAGE,2,7,Thursday,No,0,0,0.0
ARSON,6,3,Saturday,Yes,0,0,0.3917630128137394
ROBBERY,5,10,Tuesday,No,0,0,0.15231494828114361
BATTERY,20,23,Sunday,No,0,0,0.02731828535928764
CRIMINAL DAMAGE,8,23,Friday,No,0,0,0.0
ROBBERY,3,19,Tuesday,No,0,0,0.11
ASSAULT,11,16,Friday,No,0,1,0.64
BATTERY,1,14,Friday,No,0,0,0.18748234074266087
NARCOTICS,7,19,Friday,No,1,1,0.99
DECEPTIVE PRACTICE,22,8,Monday,No,0,0,0.0
THEFT,7,12,Monday,No,0,0,0.0
CRIMINAL DAMAGE,1,0,Saturday,No,0,0,0.00577073807968648
BATTERY,25,12,Tuesday,Yes,1,0,0.025354974261652705
CRIMINAL DAMAGE,22,8,Sunday,Yes,0,0,0.0
OTHER OFFENSE,5,11,Friday,No,0,1,0.8915830988588129
THEFT,19,5,Wednesday,No,0,0,0.0
CRIMINAL DAMAGE,18,21,Monday,No,0,0,0.0
MOTOR VEHICLE THEFT,15,15,Friday,No,0,0,0.0
BATTERY,15,17,Wednesday,No,0,0,0.02
BATTERY,4,11,Saturday,No,1,0,0.05209724206761906
DECEPTIVE PRACTICE,12,11,Wednesday,No,0,0,0.0
BATTERY,5,1,Friday,Yes,0,1,0.8049366423089119
DECEPTIVE PRACTICE,18,20,Tuesday,No,0,0,0.03916078024755363
THEFT,2,18,Thursday,Yes,0,0,0.03251683204579772
CRIMINAL DAMAGE,20,0,Sunday,No,0,1,0.5625485780762594
ASSAULT,4,23,Monday,No,0,1,0.7657697979743778
CRIMINAL DAMAGE,22,17,Sunday,No,0,0,0.0
CRIMINAL DAMAGE,5,19,Monday,No,0,0,0.007318285359287636
MOTOR VEHICLE THEFT,3,0,Monday,No,0,0,0.0
OTHER OFFENSE,17,2,Monday,No,0,0,0.017004962035467724
THEFT,2,19,Wednesday,No,0,0,0.0
DECEPTIVE PRACTICE,7,0,Friday,No,0,0,0.0
THEFT,10,11,Wednesday,No,0,0,0.00815611830568033
ROBBERY,3,0,Thursday,No,0,0,0.02
BATTERY,6,18,Tuesday,No,0,1,0.62
ROBBERY,10,11,Thursday,No,0,0,0.05
CRIMINAL DAMAGE,11,18,Saturday,No,0,0,0.0
LIQUOR LAW VIOLATION,17,4,Sunday,No,1,1,0.7137713119273512
BATTERY,25,0,Sunday,Yes,0,0,0.14785017093395786
OTHER OFFENSE,5,1,Monday,Yes,1,0,0.08916078024755363
THEFT,1,15,Wednesday,No,0,0,0.0
DECEPTIVE PRACTICE,9,12,Thursday,No,0,0,0.0
BATTERY,7,20,Friday,Yes,1,0,0.0
BURGLARY,2,13,Wednesday,No,0,0,0.0
BURGLARY,22,6,Tuesday,No,0,0,0.03
THEFT,8,15,Wednesday,No,0,0,0.44771824479971106
BATTERY,3,12,Friday,No,0,0,0.0
OTHER OFFENSE,7,19,Tuesday,No,0,1,0.5428013289409379
CRIMINAL DAMAGE,11,13,Thursday,No,0,1,0.66
MOTOR VEHICLE THEFT,8,16,Monday,Yes,0,0,0.02
OTHER OFFENSE,11,9,Tuesday,Yes,0,0,0.0
THEFT,18,16,Friday,No,1,0,0.21798699722714343
THEFT,11,20,Wednesday,No,0,0,0.0
OFFENSE INVOLVING CHILDREN,1,5,Sunday,No,1,0,0.15093226512157965
MOTOR VEHICLE THEFT,17,0,Wednesday,No,0,0,0.008451512615090279
BATTERY,5,9,Wednesday,Yes,0,1,0.5088219865005366
MOTOR VEHICLE THEFT,14,9,Sunday,No,0,0,0.01
OTHER OFFENSE,9,23,Wednesday,No,1,1,0.68
ASSAULT,22,9,Sunday,No,1,0,0.08690302523018056
MOTOR VEHICLE THEFT,16,23,Friday,No,0,0,0.0
BATTERY,2,4,Sunday,Yes,1,0,0.01682146163055157
ASSAULT,12,6,Tuesday,Yes,0,0,0.02
CRIMINAL TRESPASS,9,13,Tuesday,No,1,1,0.6057707380796864
THEFT,17,13,Saturday,No,1,0,0.4941627872541492
ROBBERY,9,2,Sunday,No,0,0,0.01
OTHER OFFENSE,19,0,Thursday,No,0,0,0.02224980368652774
THEFT,16,22,Tuesday,No,0,0,0.0
MOTOR VEHICLE THEFT,12,16,Friday,No,0,0,0.0
OTHER OFFENSE,2,12,Monday,Yes,0,0,0.01
CRIMINAL DAMAGE,12,0,Thursday,No,0,0,0.021540536054064394
MOTOR VEHICLE THEFT,6,5,Friday,No,0,0,0.0
THEFT,25,10,Saturday,No,0,1,0.528377755387011
KIDNAPPING,7,8,Friday,No,0,0,0.11
ROBBERY,2,14,Monday,No,0,1,0.59
BATTERY,8,0,Friday,No,0,0,0.037318285359287634
ASSAULT,4,1,Thursday,Yes,1,1,0.7149315183272401
OTHER OFFENSE,16,19,Friday,No,0,0,0.08
BATTERY,11,4,Thursday,Yes,0,1,0.7797520234876196
OTHER OFFENSE,8,18,Friday,No,0,1,0.9069030252301806
MOTOR VEHICLE THEFT,25,22,Sunday,No,0,0,0.0
CRIMINAL DAMAGE,12,9,Tuesday,No,0,0,0.0
BATTERY,19,18,Sunday,Yes,1,0,0.01
THEFT,22,4,Sunday,No,0,0,0.0
NARCOTICS,11,11,Saturday,No,1,1,1.0
BATTERY,12,23,Friday,Yes,0,0,0.045162467147201735
CRIMINAL DAMAGE,2,19,Sunday,No,0,0,0.0
NARCOTICS,5,11,Thursday,No,1,1,1.0
BATTERY,4,13,Wednesday,Yes,0,0,0.01
BATTERY,7,20,Sunday,No,0,0,0.07577073807968648
MOTOR VEHICLE THEFT,2,23,Monday,No,0,0,0.0
THEFT,19,18,Friday,No,1,0,0.05150185563149652
BURGLARY,5,4,Saturday,No,0,0,0.0
BATTERY,4,12,Saturday,No,0,0,0.008451512615090279
DECEPTIVE PRACTICE,9,0,Monday,No,0,0,0.0
BATTERY,3,1,Thursday,Yes,0,0,0.009562011702235602
CRIMINAL DAMAGE,19,22,Wednesday,No,0,0,0.4651444873577959
DECEPTIVE PRACTICE,11,16,Tuesday,No,0,0,0.0
BURGLARY,19,6,Tuesday,No,0,0,0.0
THEFT,2,12,Friday,No,0,0,0.0
BATTERY,12,22,Wednesday,No,0,0,0.44413576947332056
BURGLARY,3,7,Friday,No,0,0,0.03
THEFT,19,18,Friday,No,0,0,0.05150185563149652
WEAPONS VIOLATION,18,2,Sunday,No,0,1,0.7136985530711388
OTHER OFFENSE,18,10,Wednesday,No,0,0,0.06823880291804917
BATTERY,8,20,Monday,Yes,1,1,0.609629247349828
OTHER OFFENSE,14,15,Wednesday,No,0,0,0.04576979797437792
CRIMINAL DAMAGE,18,23,Wednesday,No,0,1,0.5602214752027036
MOTOR VEHICLE THEFT,22,11,Wednesday,No,0,0,0.0
BATTERY,20,10,Thursday,No,0,0,0.13519421683743849
THEFT,8,13,Saturday,No,0,0,0.0
THEFT,19,11,Tuesday,No,0,0,0.0
DECEPTIVE PRACTICE,9,15,Monday,No,0,0,0.06593385335775116
ROBBERY,6,12,Tuesday,No,0,0,0.02
CRIMINAL DAMAGE,19,7,Thursday,No,0,0,0.0
THEFT,8,10,Sunday,No,0,0,0.19194466834215562
THEFT,3,16,Monday,No,1,0,0.044248494614356815
ASSAULT,22,20,Wednesday,No,0,0,0.3471615752099204
CONCEALED CARRY LICENSE VIOLATION,16,4,Sunday,No,1,1,0.94
ROBBERY,9,21,Thursday,No,0,0,0.05474720701809465
CRIMINAL SEXUAL ASSAULT,2,18,Friday,No,0,0,0.01
BATTERY,9,14,Friday,No,0,0,0.01
THEFT,24,16,Sunday,No,0,1,0.5822499298727215
CRIMINAL DAMAGE,11,17,Monday,No,0,0,0.46629678198131347
BATTERY,1,7,Saturday,Yes,1,0,0.03916078024755363
ASSAULT,9,14,Saturday,No,0,0,0.0
THEFT,18,13,Tuesday,No,0,0,0.2773788591885617
BATTERY,6,17,Monday,Yes,0,0,0.0
CRIMINAL TRESPASS,19,0,Saturday,No,1,0,0.03
BATTERY,16,15,Friday,No,0,1,0.558590319218768
CRIMINAL DAMAGE,3,23,Thursday,No,0,0,0.0
CRIMINAL DAMAGE,12,16,Monday,No,0,0,0.0
CRIMINAL SEXUAL ASSAULT,16,1,Tuesday,No,0,0,0.15
CRIMINAL TRESPASS,6,19,Tuesday,No,1,0,0.5
PROSTITUTION,11,21,Thursday,No,1,1,0.9773182853592877
THEFT,19,12,Friday,No,0,0,0.0
CRIMINAL DAMAGE,2,17,Sunday,No,0,0,0.0
THEFT,12,8,Sunday,No,0,0,0.0
SEX OFFENSE,7,14,Thursday,No,0,0,0.01
THEFT,4,17,Tuesday,No,0,0,0.3583390731448577
CRIMINAL DAMAGE,4,23,Friday,No,0,0,0.0
ASSAULT,18,10,Thursday,Yes,0,0,0.08522458572528782
BATTERY,10,1,Wednesday,Yes,1,1,0.9884515126150903
BATTERY,11,17,Sunday,Yes,0,1,0.5071949406440562
BATTERY,10,1,Sunday,Yes,1,1,0.5782269663988743
DECEPTIVE PRACTICE,12,14,Wednesday,No,0,0,0.36973033786027315
BATTERY,22,20,Wednesday,Yes,0,0,0.10971047503557152
MOTOR VEHICLE THEFT,8,20,Saturday,No,0,0,0.017318285359287637
BATTERY,2,19,Monday,Yes,0,1,0.7758616893515315
MOTOR VEHICLE THEFT,17,6,Wednesday,No,0,0,0.018451512615090277
CRIMINAL DAMAGE,22,16,Monday,No,0,0,0.01
BATTERY,1,13,Sunday,No,0,0,0.05451905246836536
BATTERY,19,0,Sunday,No,0,0,0.38040740700192166
BATTERY,2,15,Tuesday,No,0,0,0.006453026568063544
THEFT,16,0,Friday,No,0,0,0.0
CRIMINAL DAMAGE,8,14,Thursday,No,0,0,0.0
CRIMINAL DAMAGE,6,9,Tuesday,No,0,0,0.0
THEFT,4,18,Sunday,No,0,0,0.12797537589529426
BATTERY,4,15,Tuesday,No,0,0,0.2857697979743779
CRIMINAL DAMAGE,20,3,Monday,No,0,0,0.07949428483511005
DECEPTIVE PRACTICE,16,15,Wednesday,No,0,0,0.01
NARCOTICS,11,11,Monday,No,1,1,1.0
BURGLARY,2,11,Saturday,No,0,0,0.01
THEFT,8,19,Thursday,No,0,0,0.3498338749645413
THEFT,8,9,Wednesday,No,0,0,0.05352041660871139
BATTERY,18,19,Monday,Yes,0,0,0.18713578026236585
OTHER OFFENSE,3,11,Saturday,No,0,0,0.037318285359287634
CRIMINAL DAMAGE,11,18,Sunday,Yes,0,0,0.019160780247553626
DECEPTIVE PRACTICE,8,15,Sunday,No,0,0,0.0
THEFT,12,2,Saturday,No,0,1,0.7112147221569238
MOTOR VEHICLE THEFT,6,3,Sunday,No,0,0,0.0
OTHER OFFENSE,15,15,Wednesday,No,0,0,0.006453026568063544
BATTERY,8,23,Thursday,Yes,1,1,0.6383343807534062
ASSAULT,12,23,Thursday,Yes,0,0,0.0
THEFT,6,20,Saturday,Yes,0,0,0.01
THEFT,12,15,Sunday,No,0,0,0.0
MOTOR VEHICLE THEFT,11,13,Tuesday,No,0,0,0.0
BATTERY,18,2,Wednesday,No,1,0,0.07826258093245735
BATTERY,14,0,Saturday,No,1,1,0.5433417962533549
THEFT,12,23,Friday,No,0,0,0.0
BATTERY,3,6,Saturday,No,0,0,0.18731828535928763
ROBBERY,2,19,Wednesday,No,0,0,0.02
NARCOTICS,25,12,Tuesday,No,1,1,0.9549305782219315
BURGLARY,18,2,Friday,No,0,0,0.0
THEFT,10,7,Monday,No,0,0,0.0
BATTERY,20,16,Wednesday,No,0,0,0.0
CRIMINAL TRESPASS,24,8,Tuesday,No,1,0,0.14
ASSAULT,9,23,Sunday,No,0,0,0.170968344660888
BURGLARY,19,12,Tuesday,No,0,0,0.0
OTHER OFFENSE,4,13,Sunday,No,0,0,0.46916078024755364
OTHER OFFENSE,11,15,Friday,Yes,0,1,0.5313616247847247
WEAPONS VIOLATION,25,23,Saturday,Yes,0,1,0.6091607802475536
MOTOR VEHICLE THEFT,1,23,Thursday,No,0,0,0.007318285359287636
DECEPTIVE PRACTICE,5,17,Friday,No,0,0,0.016742704222348217
NARCOTICS,6,19,Friday,No,1,1,0.85
ASSAULT,3,10,Saturday,No,1,0,0.11690302523018055
ARSON,9,22,Saturday,No,0,0,0.08965174620124848
BATTERY,22,15,Sunday,No,0,0,0.0333560517982441
CRIMINAL DAMAGE,2,14,Sunday,No,0,0,0.0
CRIMINAL DAMAGE,2,21,Sunday,No,1,0,0.0
THEFT,20,9,Friday,No,0,0,0.008791864912771716
BATTERY,16,23,Friday,Yes,1,1,0.8872686006509747
MOTOR VEHICLE THEFT,8,15,Sunday,No,0,0,0.0
BATTERY,19,19,Tuesday,Yes,1,0,0.05863194434170457
BATTERY,11,20,Sunday,No,0,1,0.5181002699735656
BATTERY,3,1,Saturday,Yes,0,0,0.006453026568063544
ASSAULT,12,12,Saturday,No,0,0,0.0
BATTERY,6,23,Wednesday,Yes,0,0,0.04376375238555135
THEFT,22,10,Sunday,No,0,0,0.4565864488377902
STALKING,19,12,Saturday,Yes,0,0,0.037318285359287634
BATTERY,9,3,Wednesday,No,0,0,0.25073860043348906
THEFT,19,13,Friday,No,0,0,0.0
THEFT,17,15,Sunday,No,0,0,0.0
THEFT,18,17,Tuesday,No,1,0,0.46821770727516465
OTHER OFFENSE,7,11,Tuesday,No,0,0,0.1882875701254842
THEFT,4,16,Monday,No,0,0,0.0
BATTERY,6,19,Monday,Yes,1,0,0.034930578221931546
THEFT,10,0,Wednesday,Yes,0,0,0.05
CRIMINAL DAMAGE,11,7,Thursday,No,0,0,0.0
BATTERY,24,3,Saturday,Yes,0,0,0.02731828535928764
ASSAULT,10,9,Thursday,No,0,0,0.030224338495414723
BURGLARY,4,13,Wednesday,No,0,0,0.0
CRIMINAL DAMAGE,24,1,Friday,No,0,0,0.04429720835597765
THEFT,25,18,Saturday,No,0,0,0.3711785260058989
THEFT,5,19,Thursday,No,0,1,0.5240717222146785
OTHER OFFENSE,20,8,Thursday,No,0,0,0.06
THEFT,2,12,Monday,No,0,0,0.0
MOTOR VEHICLE THEFT,4,22,Monday,No,0,0,0.01
BURGLARY,1,6,Saturday,No,0,0,0.03
BATTERY,12,2,Saturday,No,0,0,0.012488517828767712
THEFT,19,17,Monday,No,0,0,0.0
THEFT,18,18,Saturday,No,0,1,0.5748924722726723
THEFT,2,16,Sunday,No,0,1,0.7984515126150903
THEFT,14,17,Tuesday,No,1,0,0.006453026568063545
OTHER OFFENSE,24,10,Tuesday,No,0,0,0.1697852905257774
THEFT,18,0,Wednesday,No,0,0,0.0
ASSAULT,9,23,Monday,Yes,0,0,0.07916078024755363
ASSAULT,20,14,Sunday,Yes,0,0,0.09576979797437792
OTHER OFFENSE,25,4,Wednesday,No,0,0,0.4775245693652222
CRIMINAL TRESPASS,12,12,Thursday,No,0,1,0.7315750150565776
DECEPTIVE PRACTICE,4,11,Monday,No,0,0,0.0
MOTOR VEHICLE THEFT,3,8,Sunday,No,0,0,0.0
THEFT,18,13,Tuesday,No,0,0,0.2773788591885617
THEFT,18,15,Saturday,No,0,0,0.4731463697731199
CRIMINAL DAMAGE,14,13,Monday,No,0,0,0.0
OTHER OFFENSE,17,2,Tuesday,No,0,0,0.01
BURGLARY,16,22,Thursday,No,0,0,0.01
BATTERY,3,4,Sunday,Yes,1,1,0.5382855001440074
CRIMINAL DAMAGE,22,22,Tuesday,No,0,0,0.01
BURGLARY,7,14,Friday,No,0,0,0.01
BATTERY,16,21,Sunday,Yes,0,0,0.04
CRIMINAL TRESPASS,18,21,Wednesday,No,0,0,0.3463589005593994
OTHER OFFENSE,4,18,Monday,Yes,0,0,0.1472772761933119
WEAPONS VIOLATION,15,23,Sunday,No,1,1,0.9291607802475537
CRIMINAL TRESPASS,12,13,Sunday,No,0,0,0.2298620965491716
NARCOTICS,11,8,Wednesday,No,1,1,1.0
BATTERY,4,17,Friday,Yes,0,0,0.025769797974377916
ASSAULT,3,9,Friday,No,0,1,0.617612292862644
MOTOR VEHICLE THEFT,3,14,Monday,No,0,0,0.01
THEFT,25,9,Monday,No,0,1,0.5582297838652066
WEAPONS VIOLATION,12,15,Friday,No,1,1,0.955769797974378
THEFT,15,9,Friday,No,0,0,0.03169936761305321
CRIMINAL DAMAGE,2,0,Thursday,No,0,0,0.01
THEFT,18,18,Saturday,No,0,1,0.5748924722726723
BURGLARY,12,15,Saturday,No,0,0,0.0
DECEPTIVE PRACTICE,12,16,Wednesday,No,0,0,0.13822743448644315
DECEPTIVE PRACTICE,14,7,Monday,No,0,0,0.0
THEFT,3,22,Thursday,No,0,0,0.0
CRIMINAL TRESPASS,17,4,Thursday,No,1,0,0.21845151261509027
BURGLARY,14,17,Thursday,No,0,0,0.0
CRIMINAL TRESPASS,1,15,Thursday,No,0,0,0.452434316637289
BATTERY,11,21,Tuesday,Yes,0,1,0.98
WEAPONS VIOLATION,8,21,Wednesday,No,1,1,0.98
SEX OFFENSE,3,14,Tuesday,No,0,0,0.0644163534625822
ARSON,2,4,Monday,No,0,0,0.0
CRIMINAL TRESPASS,8,19,Wednesday,Yes,0,0,0.21675567207958427
MOTOR VEHICLE THEFT,12,6,Tuesday,No,0,0,0.0
THEFT,11,12,Thursday,Yes,0,0,0.0
BATTERY,3,13,Tuesday,No,0,0,0.03266592340932435
WEAPONS VIOLATION,9,6,Wednesday,No,1,1,0.7473182853592877
THEFT,25,17,Sunday,No,0,0,0.20988201308385293
BATTERY,4,3,Wednesday,No,0,0,0.06
CRIMINAL DAMAGE,12,12,Monday,No,0,0,0.0
CRIMINAL DAMAGE,16,14,Tuesday,No,0,0,0.0
ASSAULT,4,11,Friday,Yes,1,0,0.07
BATTERY,18,3,Sunday,No,1,0,0.018081940440961963
CRIMINAL DAMAGE,8,2,Tuesday,No,0,0,0.04364572945252878
THEFT,7,13,Wednesday,No,0,0,0.0
DECEPTIVE PRACTICE,22,14,Tuesday,No,0,0,0.0
THEFT,18,11,Wednesday,No,0,1,0.6298782552476149
THEFT,18,12,Tuesday,No,0,1,0.6577415361075813
MOTOR VEHICLE THEFT,3,14,Tuesday,No,0,0,0.15455114420414334
MOTOR VEHICLE THEFT,25,18,Saturday,No,0,0,0.0
WEAPONS VIOLATION,4,17,Saturday,No,1,1,0.9991607802475536
MOTOR VEHICLE THEFT,11,3,Saturday,No,0,0,0.0
ASSAULT,8,16,Thursday,No,0,0,0.0
DECEPTIVE PRACTICE,25,15,Tuesday,No,0,0,0.0
CRIMINAL DAMAGE,6,1,Thursday,No,0,0,0.01
THEFT,19,1,Saturday,No,0,0,0.4794714139923847
OTHER OFFENSE,12,21,Friday,Yes,0,0,0.13178905185251716
DECEPTIVE PRACTICE,17,8,Friday,No,0,0,0.01
THEFT,24,8,Thursday,No,0,0,0.4569155367413246
BURGLARY,12,8,Tuesday,No,0,0,0.0
OTHER OFFENSE,8,22,Sunday,Yes,0,0,0.04845151261509027
CRIMINAL DAMAGE,8,23,Saturday,No,0,0,0.0
OTHER OFFENSE,10,1,Tuesday,No,0,0,0.02
NARCOTICS,11,13,Friday,No,1,1,1.0
ASSAULT,8,19,Tuesday,Yes,0,0,0.04784418178791411
ASSAULT,1,14,Thursday,No,0,0,0.0
BATTERY,17,0,Sunday,Yes,0,1,0.6171311029393177
THEFT,18,17,Sunday,No,1,0,0.00685847363058561
THEFT,19,19,Wednesday,No,0,0,0.006453026568063545
BATTERY,20,12,Tuesday,No,0,0,0.15
OTHER OFFENSE,22,0,Monday,No,0,0,0.06
CRIMINAL TRESPASS,18,8,Wednesday,No,1,0,0.08
CRIMINAL SEXUAL ASSAULT,8,0,Thursday,No,0,0,0.0
DECEPTIVE PRACTICE,17,14,Wednesday,No,1,0,0.0
DECEPTIVE PRACTICE,9,19,Wednesday,No,0,0,0.06828663002017564
CRIMINAL DAMAGE,6,15,Sunday,No,0,0,0.09361491986760058
BATTERY,10,5,Sunday,Yes,0,0,0.01
ASSAULT,6,19,Thursday,No,0,0,0.024747207018094658
THEFT,1,15,Tuesday,No,0,1,0.5778518390582635
ASSAULT,24,20,Saturday,No,0,0,0.01
THEFT,16,9,Monday,No,0,0,0.0
BATTERY,3,1,Tuesday,Yes,1,1,0.7692582196204516
ASSAULT,1,9,Friday,No,0,0,0.019160780247553626
THEFT,9,10,Sunday,No,0,1,0.5532021237985922
BATTERY,3,14,Wednesday,Yes,0,1,0.522126686690165
INTERFERENCE WITH PUBLIC OFFICER,11,12,Monday,No,1,1,0.8391607802475537
THEFT,3,23,Tuesday,No,0,0,0.017875931478150857
THEFT,22,12,Sunday,Yes,0,0,0.01
BATTERY,9,14,Tuesday,Yes,1,1,0.5918336034521121
THEFT,19,17,Thursday,No,0,0,0.36790208278606307
THEFT,14,16,Friday,No,1,1,0.5545972624644677
ASSAULT,19,19,Saturday,No,0,0,0.0
THEFT,11,23,Wednesday,Yes,0,0,0.02942441886306058
BATTERY,3,2,Tuesday,Yes,0,1,0.6866982693580985
CRIMINAL DAMAGE,5,17,Wednesday,No,0,0,0.07
MOTOR VEHICLE THEFT,3,6,Saturday,No,0,0,0.0
DECEPTIVE PRACTICE,18,0,Thursday,No,0,0,0.0
THEFT,18,1,Wednesday,No,0,0,0.0
OTHER OFFENSE,11,7,Thursday,No,0,0,0.03
THEFT,1,14,Sunday,No,0,0,0.0
BATTERY,7,10,Saturday,Yes,0,0,0.01
THEFT,16,0,Wednesday,No,0,0,0.13731828535928764
CRIMINAL DAMAGE,1,16,Monday,No,0,0,0.0
BATTERY,4,2,Saturday,Yes,1,0,0.04867585111050501
BURGLARY,16,17,Thursday,No,0,0,0.0
BURGLARY,19,14,Wednesday,No,0,0,0.0
CRIMINAL DAMAGE,1,5,Thursday,No,0,0,0.017318285359287637
BATTERY,25,21,Wednesday,No,0,0,0.05438108225376557
CRIMINAL SEXUAL ASSAULT,19,20,Friday,No,0,0,0.06
MOTOR VEHICLE THEFT,15,17,Thursday,No,0,0,0.05
BATTERY,5,21,Monday,Yes,0,1,0.63
CRIMINAL TRESPASS,3,14,Wednesday,No,1,0,0.35447814859009186
CRIMINAL DAMAGE,16,5,Sunday,No,0,0,0.0
CRIMINAL DAMAGE,4,21,Tuesday,No,0,0,0.01
BATTERY,25,23,Wednesday,Yes,0,1,0.7621396176535487
ASSAULT,2,0,Thursday,No,0,0,0.2
ASSAULT,8,21,Sunday,Yes,0,0,0.0887918649127717
CRIMINAL DAMAGE,6,5,Friday,No,0,0,0.0
CRIMINAL DAMAGE,12,14,Friday,No,0,0,0.0
BATTERY,16,4,Saturday,No,0,0,0.18472038056386456
THEFT,18,8,Thursday,No,0,1,0.8091610838047261
BURGLARY,2,7,Saturday,Yes,0,0,0.04
ASSAULT,14,9,Friday,No,0,0,0.12323245660706965
ASSAULT,8,15,Monday,No,0,0,0.0
BATTERY,4,11,Tuesday,Yes,1,0,0.21
ASSAULT,12,15,Wednesday,No,0,1,0.5795023175338097
WEAPONS VIOLATION,25,1,Sunday,No,1,0,0.3906242775344133
INTERFERENCE WITH PUBLIC OFFICER,16,2,Saturday,No,1,1,0.83
CRIMINAL DAMAGE,15,14,Saturday,No,0,0,0.009160780247553625
BATTERY,6,1,Saturday,Yes,0,0,0.38807354970414315
BATTERY,3,17,Sunday,Yes,0,1,0.5771281584292922
BATTERY,8,16,Saturday,Yes,0,0,0.019562011702235604
THEFT,1,7,Saturday,No,0,0,0.08221462132307861
THEFT,3,1,Monday,No,0,1,0.65
WEAPONS VIOLATION,5,15,Saturday,No,1,1,0.9449045391831539
ASSAULT,14,4,Sunday,Yes,0,0,0.04845151261509027
ASSAULT,11,10,Friday,No,0,0,0.04891149029167017
CRIMINAL DAMAGE,2,4,Saturday,No,0,0,0.0
OTHER OFFENSE,25,18,Saturday,No,1,0,0.19319573079041177
MOTOR VEHICLE THEFT,2,8,Friday,No,0,0,0.0
NARCOTICS,11,20,Sunday,No,1,1,1.0
NARCOTICS,7,17,Monday,No,1,1,0.8560638054777343
OTHER OFFENSE,25,23,Friday,No,0,0,0.18
CRIMINAL TRESPASS,18,1,Sunday,No,0,0,0.11606380547773419
WEAPONS VIOLATION,7,12,Thursday,No,1,1,0.8591607802475536
ROBBERY,5,0,Tuesday,No,0,0,0.10183360345211209
THEFT,1,16,Thursday,No,0,0,0.29653105523631296
CRIMINAL SEXUAL ASSAULT,8,21,Tuesday,No,0,0,0.03606380547773418
NARCOTICS,10,11,Sunday,No,1,1,0.9984515126150904
ASSAULT,3,7,Saturday,Yes,0,0,0.31361196909795547
MOTOR VEHICLE THEFT,8,5,Wednesday,No,0,0,0.0
OTHER OFFENSE,6,0,Monday,No,0,0,0.0
ROBBERY,2,21,Saturday,No,0,0,0.05690302523018056
BATTERY,6,16,Saturday,No,0,0,0.03845151261509028
BURGLARY,20,11,Friday,No,0,0,0.08845151261509027
BATTERY,1,5,Friday,Yes,0,1,0.71
BATTERY,3,18,Monday,Yes,0,0,0.02
MOTOR VEHICLE THEFT,5,1,Friday,No,0,0,0.00577073807968648
BATTERY,10,23,Monday,Yes,1,0,0.4862841487284652
OTHER OFFENSE,11,19,Wednesday,No,1,0,0.2991073372118047
THEFT,12,11,Saturday,No,0,0,0.0
THEFT,7,11,Sunday,Yes,0,0,0.0
DECEPTIVE PRACTICE,9,14,Thursday,No,0,0,0.04422131058946819
DECEPTIVE PRACTICE,7,9,Friday,No,0,0,0.0
THEFT,10,21,Monday,Yes,0,0,0.019562011702235604
BURGLARY,16,5,Saturday,No,0,0,0.0
ASSAULT,9,2,Sunday,No,1,0,0.0
CRIMINAL DAMAGE,15,9,Tuesday,Yes,0,0,0.04845151261509027
CRIMINAL DAMAGE,19,16,Tuesday,No,0,0,0.0
THEFT,19,18,Friday,No,0,0,0.05150185563149652
ASSAULT,1,16,Friday,No,0,0,0.01
DECEPTIVE PRACTICE,2,19,Thursday,No,0,0,0.0
BATTERY,25,18,Thursday,Yes,1,0,0.4839376229724293
ASSAULT,9,19,Monday,No,1,0,0.02
BATTERY,12,20,Thursday,Yes,0,1,0.9619240299023432
DECEPTIVE PRACTICE,12,23,Friday,No,0,0,0.007318285359287636
ASSAULT,19,11,Wednesday,No,0,0,0.03
OTHER OFFENSE,2,12,Wednesday,Yes,0,0,0.03845151261509028
BATTERY,22,12,Saturday,Yes,0,0,0.01629569440300438
THEFT,25,21,Sunday,No,0,0,0.47367686700142747
THEFT,3,9,Thursday,No,0,0,0.0047634452082490905
BATTERY,12,10,Thursday,No,0,1,0.525262525647534
CRIMINAL DAMAGE,22,22,Tuesday,No,0,0,0.01
CRIMINAL TRESPASS,12,17,Friday,No,1,0,0.20969429421824132
BATTERY,3,21,Friday,Yes,0,0,0.15087563920633731
CRIMINAL DAMAGE,10,18,Thursday,No,0,0,0.0
THEFT,11,20,Thursday,No,0,0,0.0
NARCOTICS,2,15,Thursday,No,1,1,0.8884515126150903
CRIMINAL DAMAGE,5,8,Tuesday,No,0,0,0.16757179975334147
THEFT,8,20,Friday,No,0,0,0.00577073807968648
NARCOTICS,11,20,Thursday,No,1,1,1.0
OTHER OFFENSE,22,9,Tuesday,No,0,0,0.05530998624567589
CRIMINAL DAMAGE,1,7,Monday,No,0,0,0.017612292862643906
THEFT,20,15,Saturday,No,0,0,0.006453026568063544
OTHER OFFENSE,20,9,Monday,No,0,0,0.40367044490483406
THEFT,14,18,Wednesday,No,0,0,0.4315680424642071
STALKING,8,18,Sunday,Yes,0,0,0.058451512615090274
DECEPTIVE PRACTICE,25,0,Friday,No,0,0,0.014904539183153822
BATTERY,22,15,Saturday,No,1,1,0.5680262531194555
THEFT,5,8,Tuesday,No,0,0,0.0
MOTOR VEHICLE THEFT,18,12,Thursday,No,0,0,0.024323247394755363
DECEPTIVE PRACTICE,22,20,Saturday,No,0,0,0.4169030252301805
CRIMINAL DAMAGE,16,14,Saturday,Yes,0,0,0.01
MOTOR VEHICLE THEFT,3,7,Wednesday,No,0,0,0.0
ASSAULT,22,14,Tuesday,Yes,1,0,0.03
BURGLARY,9,14,Monday,No,0,0,0.0
THEFT,20,14,Friday,No,0,0,0.0
OTHER OFFENSE,6,23,Monday,No,0,1,0.75
INTIMIDATION,9,10,Thursday,No,0,0,0.01813652977235445
BURGLARY,4,18,Wednesday,No,0,0,0.0
DECEPTIVE PRACTICE,5,16,Wednesday,No,0,0,0.0
BATTERY,9,16,Monday,No,0,0,0.00964651289750239
ASSAULT,25,18,Saturday,No,0,1,0.67
OTHER OFFENSE,9,9,Monday,No,0,0,0.03844450138955351
BATTERY,1,1,Thursday,Yes,0,1,0.5415520298185289
PUBLIC PEACE VIOLATION,6,3,Thursday,Yes,0,0,0.18645302656806353
ASSAULT,6,6,Sunday,Yes,0,0,0.03
MOTOR VEHICLE THEFT,2,20,Thursday,No,0,0,0.0
THEFT,7,10,Monday,No,1,0,0.0
ROBBERY,3,2,Monday,No,0,0,0.0
ASSAULT,4,7,Thursday,No,0,0,0.057500178964591545
THEFT,24,14,Tuesday,No,0,0,0.35534309082786025
MOTOR VEHICLE THEFT,24,20,Tuesday,No,0,0,0.0
CRIMINAL TRESPASS,4,5,Thursday,Yes,0,0,0.19
THEFT,22,16,Wednesday,No,1,0,0.0
THEFT,12,16,Wednesday,No,0,1,0.5177083420356936
BATTERY,15,20,Tuesday,No,0,0,0.02
CRIMINAL DAMAGE,12,4,Monday,No,0,0,0.01
BATTERY,2,18,Tuesday,No,0,0,0.02645302656806354
THEFT,8,9,Monday,No,0,0,0.0
MOTOR VEHICLE THEFT,22,14,Saturday,No,0,0,0.0
NARCOTICS,15,19,Wednesday,No,1,1,1.0
NARCOTICS,11,12,Thursday,No,1,1,0.921351010223006
THEFT,12,16,Thursday,No,0,1,0.542322140701789
OTHER OFFENSE,25,13,Wednesday,No,0,0,0.009160780247553625
CRIMINAL TRESPASS,19,14,Friday,No,1,0,0.1357612983272695
THEFT,18,8,Tuesday,No,0,1,0.8841134264340273
BATTERY,6,12,Saturday,Yes,0,0,0.07783717056237734
ROBBERY,4,14,Wednesday,No,0,0,0.01
THEFT,9,2,Sunday,No,0,0,0.0
CRIMINAL DAMAGE,3,11,Monday,Yes,0,1,0.5580444318703089
BURGLARY,25,8,Thursday,No,0,0,0.0
CRIMINAL DAMAGE,9,0,Sunday,No,0,0,0.0
DECEPTIVE PRACTICE,7,17,Wednesday,No,0,0,0.0347745870631708
MOTOR VEHICLE THEFT,22,19,Monday,No,0,0,0.0
THEFT,3,8,Friday,No,0,0,0.0
ROBBERY,17,20,Thursday,No,0,1,0.55
DECEPTIVE PRACTICE,8,2,Saturday,No,0,0,0.0
BATTERY,10,20,Wednesday,No,1,0,0.02731828535928764
BATTERY,18,2,Saturday,No,0,1,0.6871775697344509
CRIMINAL DAMAGE,6,15,Thursday,No,0,0,0.019400015926824367
OTHER OFFENSE,25,12,Saturday,Yes,0,0,0.0
BATTERY,2,17,Saturday,No,0,0,0.04283122515238768
BURGLARY,16,18,Sunday,No,0,0,0.0
DECEPTIVE PRACTICE,18,10,Monday,No,0,0,0.0
BATTERY,9,16,Wednesday,No,0,1,0.5791627130025985
ASSAULT,2,5,Saturday,No,0,0,0.09308808333366557
ASSAULT,15,14,Friday,No,0,0,0.0
ASSAULT,6,1,Wednesday,No,0,0,0.0
THEFT,11,6,Wednesday,No,0,0,0.0
CRIMINAL DAMAGE,25,20,Saturday,No,0,0,0.0
OTHER OFFENSE,12,21,Friday,No,0,1,0.5969030252301806
WEAPONS VIOLATION,5,19,Monday,No,1,1,0.8333820908370219
OTHER OFFENSE,15,22,Monday,No,0,0,0.18463657071857525
BATTERY,7,21,Wednesday,No,0,0,0.05
CRIMINAL TRESPASS,3,0,Thursday,No,0,0,0.45
OTHER OFFENSE,12,15,Monday,No,0,0,0.025769797974377916
THEFT,12,15,Friday,No,0,0,0.0
THEFT,24,11,Saturday,No,0,1,0.6047673886554857
BATTERY,3,1,Monday,Yes,0,1,0.7087119661652054
CRIMINAL DAMAGE,12,23,Monday,No,0,0,0.009160780247553625
THEFT,2,7,Tuesday,No,0,0,0.0
CRIMINAL TRESPASS,1,5,Friday,No,0,0,0.01
NARCOTICS,7,16,Thursday,No,1,1,1.0
THEFT,4,11,Tuesday,No,0,0,0.0
THEFT,8,14,Thursday,No,0,0,0.28537979757621845
ASSAULT,12,8,Wednesday,No,0,0,0.0
MOTOR VEHICLE THEFT,1,21,Friday,No,0,0,0.0
MOTOR VEHICLE THEFT,2,6,Monday,No,0,0,0.02
BATTERY,16,11,Thursday,Yes,0,0,0.2784194893041581
THEFT,2,9,Saturday,No,0,0,0.4693180578578266
BATTERY,25,9,Friday,Yes,0,1,0.589745467312581
THEFT,2,15,Sunday,No,0,1,0.8014631972534105
THEFT,8,17,Friday,No,0,0,0.3916233893771956
THEFT,8,13,Wednesday,No,0,0,0.0
BATTERY,19,11,Friday,No,0,0,0.0
BATTERY,7,17,Wednesday,No,0,0,0.07916078024755363
BATTERY,25,19,Saturday,No,1,0,0.09
ASSAULT,17,9,Thursday,Yes,1,0,0.04
THEFT,4,3,Friday,No,0,0,0.0
BATTERY,1,10,Saturday,No,0,0,0.06669359103567098
DECEPTIVE PRACTICE,16,13,Monday,No,0,0,0.0
NARCOTICS,15,13,Tuesday,No,1,1,0.9729668307079148
BATTERY,7,18,Tuesday,Yes,1,0,0.0697743838178296
ROBBERY,11,17,Friday,No,0,0,0.01
THEFT,18,10,Sunday,No,1,0,0.0
ASSAULT,19,10,Friday,No,0,0,0.015769797974377914
BURGLARY,25,15,Wednesday,No,0,0,0.0
CRIMINAL DAMAGE,4,12,Saturday,No,0,0,0.0
WEAPONS VIOLATION,4,22,Saturday,No,1,1,0.8304273399067301
OTHER OFFENSE,12,21,Friday,No,0,1,0.5969030252301806
BATTERY,14,23,Sunday,Yes,1,0,0.07022014464814362
THEFT,12,15,Thursday,No,0,0,0.3158128911120064
BATTERY,6,15,Thursday,No,1,0,0.025769797974377916
DECEPTIVE PRACTICE,18,18,Saturday,No,0,0,0.008451512615090279
ASSAULT,1,10,Wednesday,No,0,0,0.0
BATTERY,3,10,Tuesday,Yes,0,0,0.0
BATTERY,14,0,Friday,No,0,0,0.3215345301324692
THEFT,12,19,Thursday,No,0,1,0.6043689309544056
CRIMINAL DAMAGE,8,3,Thursday,No,0,0,0.01
OTHER OFFENSE,6,21,Wednesday,Yes,0,0,0.24507809494314983
CRIMINAL DAMAGE,24,0,Wednesday,No,0,0,0.01
CRIMINAL TRESPASS,24,13,Wednesday,No,0,1,0.6649216867857777
CRIMINAL DAMAGE,3,8,Wednesday,No,0,0,0.017318285359287637
DECEPTIVE PRACTICE,4,0,Tuesday,No,0,0,0.0
BATTERY,11,13,Sunday,Yes,0,0,0.0
CRIMINAL DAMAGE,4,2,Saturday,No,0,0,0.02997991458652522
MOTOR VEHICLE THEFT,4,22,Monday,No,0,0,0.01
BATTERY,4,0,Thursday,Yes,1,1,0.7363728537867037
CRIMINAL DAMAGE,12,10,Sunday,No,0,1,0.66
OFFENSE INVOLVING CHILDREN,10,12,Friday,Yes,0,0,0.04
ROBBERY,16,12,Thursday,No,0,0,0.16576979797437794
CRIMINAL DAMAGE,3,6,Friday,No,0,0,0.0
CRIMINAL TRESPASS,1,1,Tuesday,No,1,1,0.6208383925409051
THEFT,25,14,Tuesday,No,1,0,0.384068938915472
CRIMINAL DAMAGE,5,22,Thursday,No,0,0,0.0
THEFT,1,16,Friday,No,0,0,0.33761657745534135
CRIMINAL DAMAGE,10,10,Wednesday,No,0,0,0.12731828535928763
OTHER OFFENSE,17,22,Monday,Yes,0,0,0.11606380547773419
ASSAULT,18,15,Monday,No,0,0,0.03390798726564828
MOTOR VEHICLE THEFT,14,20,Saturday,No,0,0,0.0
THEFT,24,3,Sunday,No,0,0,0.0
MOTOR VEHICLE THEFT,3,2,Saturday,No,0,0,0.0
BURGLARY,1,20,Monday,No,0,0,0.02
THEFT,18,23,Friday,No,0,0,0.0
OTHER OFFENSE,9,15,Monday,No,0,0,0.0
BATTERY,3,0,Monday,No,0,1,0.7226728232045585
DECEPTIVE PRACTICE,15,0,Saturday,No,0,0,0.0
OTHER OFFENSE,10,10,Friday,No,0,0,0.07372448686073213
THEFT,19,18,Thursday,No,0,0,0.28164664490639335
ROBBERY,11,17,Wednesday,No,0,0,0.01
ROBBERY,19,4,Thursday,No,0,0,0.01
MOTOR VEHICLE THEFT,8,17,Thursday,No,0,0,0.0
THEFT,15,3,Saturday,No,0,0,0.013214957823339368
BATTERY,20,12,Saturday,Yes,1,0,0.02
BATTERY,25,10,Saturday,Yes,0,1,0.6203233722119018
MOTOR VEHICLE THEFT,5,0,Wednesday,No,0,0,0.016453026568063543
OTHER OFFENSE,3,13,Friday,Yes,0,0,0.04577073807968648
OTHER OFFENSE,25,18,Monday,No,0,1,0.6189995860941115
ASSAULT,6,8,Monday,No,0,0,0.02845151261509028
CRIMINAL DAMAGE,4,20,Wednesday,No,0,0,0.0
THEFT,18,7,Monday,No,1,0,0.41963641948085545
ASSAULT,7,15,Friday,Yes,0,0,0.09212195751992432
BATTERY,7,18,Thursday,Yes,1,0,0.18474720701809466
NARCOTICS,10,14,Sunday,No,1,1,1.0
CRIMINAL TRESPASS,1,10,Monday,No,1,1,0.7960016329351255
THEFT,16,5,Friday,No,0,0,0.01
CRIMINAL SEXUAL ASSAULT,4,23,Sunday,No,0,0,0.02
ASSAULT,4,17,Monday,No,0,0,0.0
MOTOR VEHICLE THEFT,8,2,Sunday,No,0,0,0.0
OTHER OFFENSE,11,18,Sunday,No,0,0,0.0857697979743779
BURGLARY,12,4,Sunday,Yes,1,0,0.05690302523018056
CRIMINAL DAMAGE,2,10,Saturday,No,0,0,0.0
ASSAULT,14,12,Wednesday,Yes,0,0,0.009317163195359874
BATTERY,24,7,Thursday,Yes,0,0,0.07646503693241616
THEFT,22,16,Friday,Yes,0,0,0.0
BURGLARY,4,0,Monday,No,0,0,0.0
OTHER OFFENSE,5,11,Friday,No,1,1,0.8915830988588129
CRIMINAL DAMAGE,18,18,Sunday,No,0,0,0.04154321220676574
BATTERY,22,10,Monday,Yes,0,0,0.15928755787985455
CRIMINAL DAMAGE,16,22,Friday,No,0,0,0.0
BURGLARY,11,4,Thursday,Yes,0,0,0.06
CRIMINAL DAMAGE,22,22,Wednesday,No,0,0,0.10114526392780922
BURGLARY,15,12,Sunday,No,0,0,0.008451512615090279
THEFT,2,17,Monday,No,1,0,0.0
THEFT,25,16,Saturday,No,1,1,0.8531638260819837
MOTOR VEHICLE THEFT,16,23,Monday,No,0,0,0.0
OTHER OFFENSE,1,13,Sunday,No,1,0,0.0
OTHER OFFENSE,2,0,Thursday,No,0,0,0.0
BURGLARY,14,8,Wednesday,No,0,0,0.0
OTHER OFFENSE,9,15,Monday,No,0,0,0.0
DECEPTIVE PRACTICE,25,0,Thursday,No,0,0,0.0
CRIMINAL DAMAGE,5,23,Thursday,No,0,0,0.0
OTHER OFFENSE,2,9,Tuesday,Yes,0,0,0.02688029706152324
OTHER OFFENSE,6,20,Wednesday,No,1,0,0.1417171093775515
CRIMINAL TRESPASS,12,18,Wednesday,Yes,0,0,0.11490453918315381
MOTOR VEHICLE THEFT,19,11,Wednesday,No,0,0,0.008451512615090279
THEFT,8,3,Monday,Yes,0,0,0.01
BATTERY,6,18,Saturday,Yes,0,1,0.5121368995678278
BATTERY,7,19,Wednesday,Yes,0,0,0.08432860119886143
BATTERY,2,11,Thursday,No,1,0,0.26
THEFT,14,19,Friday,No,0,0,0.42735699669642463
BATTERY,5,10,Thursday,Yes,0,0,0.03
CRIMINAL DAMAGE,16,18,Monday,No,0,0,0.0
OTHER OFFENSE,3,18,Monday,No,1,0,0.22
ASSAULT,8,15,Monday,No,0,0,0.0
MOTOR VEHICLE THEFT,25,16,Sunday,No,0,0,0.10126723991651376
THEFT,1,8,Thursday,No,0,0,0.3702561850832496
BATTERY,25,1,Thursday,Yes,0,0,0.11784418178791409
ASSAULT,22,8,Monday,No,0,0,0.01942441886306058
BURGLARY,12,5,Thursday,No,0,0,0.01
BURGLARY,16,6,Tuesday,No,0,0,0.03
THEFT,25,16,Monday,No,0,1,0.6130978767494842
OTHER OFFENSE,12,17,Monday,No,0,0,0.05731828535928764
CRIMINAL TRESPASS,22,5,Saturday,No,0,0,0.24
THEFT,18,14,Sunday,No,0,0,0.0
CRIMINAL TRESPASS,2,19,Saturday,No,0,1,0.5451624671472017
MOTOR VEHICLE THEFT,19,18,Monday,No,0,0,0.007318285359287636
DECEPTIVE PRACTICE,10,12,Wednesday,No,0,0,0.0
THEFT,12,20,Wednesday,No,1,0,0.0
ROBBERY,3,3,Monday,No,1,0,0.01
THEFT,19,20,Tuesday,No,0,0,0.015769797974377914
CRIMINAL DAMAGE,7,21,Saturday,Yes,0,0,0.0
DECEPTIVE PRACTICE,2,0,Wednesday,No,0,0,0.0
BATTERY,9,16,Wednesday,Yes,0,1,0.6067663556865138
MOTOR VEHICLE THEFT,3,21,Sunday,No,0,0,0.008451512615090279
MOTOR VEHICLE THEFT,3,18,Tuesday,No,0,0,0.0
THEFT,19,20,Wednesday,No,0,0,0.3811494118377508
BATTERY,19,12,Friday,No,0,0,0.04645091556613874
BATTERY,25,11,Friday,No,0,0,0.008911490291670168
THEFT,8,0,Sunday,No,0,0,0.0
THEFT,10,21,Sunday,No,1,1,0.5163930714877418
CRIMINAL DAMAGE,11,0,Thursday,No,0,0,0.0
PUBLIC PEACE VIOLATION,16,19,Saturday,No,0,0,0.11761229286264391
CRIMINAL DAMAGE,2,14,Wednesday,No,0,0,0.0
BURGLARY,1,0,Friday,No,0,0,0.0
THEFT,8,17,Sunday,No,0,0,0.33828303194195297
BATTERY,1,19,Sunday,Yes,0,0,0.2570480200640246
BURGLARY,17,4,Tuesday,No,0,0,0.06
CRIMINAL DAMAGE,15,5,Tuesday,No,0,0,0.0
THEFT,17,3,Sunday,Yes,0,0,0.0
THEFT,1,18,Thursday,No,0,0,0.3358845677575841
BATTERY,1,0,Thursday,No,1,0,0.05562581717996978
BATTERY,11,10,Saturday,No,0,1,0.5404836961005443
THEFT,1,18,Friday,No,0,1,0.5471928318835083
WEAPONS VIOLATION,9,0,Wednesday,Yes,1,0,0.31161549371526526
THEFT,19,16,Sunday,No,0,0,0.37319791845712763
MOTOR VEHICLE THEFT,22,7,Tuesday,No,0,0,0.0
OTHER OFFENSE,22,12,Tuesday,Yes,0,0,0.006453026568063544
ASSAULT,8,2,Thursday,No,0,0,0.08422333827308574
BATTERY,22,22,Tuesday,Yes,0,0,0.07967778524002621
MOTOR VEHICLE THEFT,14,11,Monday,No,0,0,0.18
THEFT,8,23,Tuesday,No,0,0,0.0
LIQUOR LAW VIOLATION,19,20,Saturday,No,1,1,0.8784515126150904
BATTERY,16,15,Friday,Yes,0,1,0.5893847178419784
THEFT,12,10,Saturday,No,0,0,0.0
THEFT,8,16,Monday,No,0,0,0.4305116170057661
ASSAULT,17,18,Monday,Yes,0,0,0.07367044490483406
BATTERY,9,4,Sunday,Yes,1,1,0.6470248091671764
CRIMINAL DAMAGE,10,8,Monday,No,0,0,0.0
THEFT,8,19,Sunday,No,0,0,0.1299423757904606
THEFT,22,12,Wednesday,No,0,0,0.45227818119320845
CRIMINAL DAMAGE,9,0,Monday,No,0,0,0.011699367613053211
CRIMINAL DAMAGE,7,20,Wednesday,No,0,0,0.007318285359287636
BURGLARY,20,1,Sunday,No,0,1,0.58
THEFT,8,14,Thursday,No,1,0,0.28537979757621845
DECEPTIVE PRACTICE,8,12,Monday,No,0,0,0.0
BATTERY,25,1,Sunday,Yes,0,0,0.0376122928626439
THEFT,17,13,Sunday,No,0,0,0.0
OTHER OFFENSE,17,10,Monday,Yes,0,0,0.11561380681561717
MOTOR VEHICLE THEFT,17,10,Friday,No,0,0,0.0
BATTERY,22,8,Thursday,Yes,1,0,0.13558261071622646
THEFT,25,13,Monday,No,1,1,0.5811994731173116
DECEPTIVE PRACTICE,2,18,Friday,No,0,0,0.0
THEFT,15,22,Tuesday,No,0,0,0.03912584977262201
THEFT,19,7,Monday,No,1,0,0.0634195441951931
BATTERY,12,15,Friday,Yes,0,1,0.65
PROSTITUTION,11,1,Sunday,No,1,0,0.4584515126150903
BATTERY,22,7,Friday,Yes,0,0,0.0
CRIMINAL SEXUAL ASSAULT,5,0,Tuesday,No,0,0,0.0
ASSAULT,9,13,Monday,No,0,0,0.015877445431124123
BATTERY,25,10,Monday,Yes,0,0,0.09639603992819325
BATTERY,1,21,Monday,Yes,0,0,0.04916078024755363
BATTERY,15,19,Sunday,Yes,0,0,0.04597290575902496
MOTOR VEHICLE THEFT,3,23,Sunday,No,1,0,0.01377131192735118
MOTOR VEHICLE THEFT,11,5,Saturday,No,0,0,0.006453026568063544
CRIMINAL DAMAGE,5,22,Tuesday,No,0,0,0.0
THEFT,22,19,Tuesday,Yes,0,0,0.01
MOTOR VEHICLE THEFT,22,20,Saturday,No,0,0,0.008451512615090279
OTHER OFFENSE,10,16,Monday,No,1,1,0.8769030252301806
THEFT,14,0,Sunday,No,0,0,0.0
ASSAULT,11,10,Friday,Yes,0,0,0.05
MOTOR VEHICLE THEFT,9,22,Thursday,No,0,0,0.0
BATTERY,3,8,Tuesday,Yes,0,0,0.13
THEFT,10,17,Wednesday,No,0,0,0.0
OTHER OFFENSE,15,18,Sunday,Yes,0,0,0.03493057822193154
BATTERY,8,12,Thursday,No,0,0,0.02
BATTERY,1,17,Thursday,No,0,1,0.7665325935391306
ASSAULT,20,19,Tuesday,No,0,0,0.11629569440300436
ASSAULT,12,12,Tuesday,No,0,0,0.0
OTHER OFFENSE,12,0,Friday,No,0,0,0.17100784174508812
CRIMINAL DAMAGE,19,11,Tuesday,No,0,0,0.0
OTHER OFFENSE,15,13,Tuesday,No,0,0,0.0
BATTERY,22,22,Wednesday,Yes,0,0,0.0759202485913618
CRIMINAL DAMAGE,10,21,Thursday,No,0,0,0.01
MOTOR VEHICLE THEFT,4,7,Thursday,No,0,0,0.0078441817879141
CRIMINAL DAMAGE,8,3,Thursday,No,0,0,0.01
THEFT,15,9,Sunday,No,0,0,0.03493057822193154
ASSAULT,18,18,Wednesday,No,0,0,0.02
THEFT,3,10,Monday,No,0,0,0.0
OTHER OFFENSE,3,19,Saturday,No,0,0,0.2449045391831538
BATTERY,24,16,Thursday,Yes,0,0,0.3112187221950804
WEAPONS VIOLATION,11,18,Sunday,No,1,1,0.7336013937284928
BATTERY,9,4,Saturday,Yes,0,1,0.9
ASSAULT,19,19,Monday,No,0,0,0.008451512615090279
THEFT,15,16,Wednesday,No,0,0,0.0
THEFT,1,10,Saturday,No,0,0,0.3896300519747015
BURGLARY,4,6,Monday,No,0,0,0.0
DECEPTIVE PRACTICE,22,4,Thursday,No,0,0,0.0
THEFT,12,7,Saturday,No,0,0,0.0
BATTERY,17,13,Thursday,No,0,1,0.5651983962572027
DECEPTIVE PRACTICE,14,18,Tuesday,No,0,0,0.0
OTHER OFFENSE,10,5,Monday,Yes,0,0,0.08
CRIMINAL TRESPASS,3,9,Monday,No,0,1,0.5084530961925532
BURGLARY,11,15,Tuesday,No,0,0,0.009160780247553625
ASSAULT,22,17,Sunday,Yes,0,0,0.050099696125900886
ASSAULT,4,5,Wednesday,No,0,0,0.1534850131605054
BATTERY,11,12,Friday,Yes,0,0,0.0
DECEPTIVE PRACTICE,20,10,Thursday,No,0,0,0.0
ASSAULT,4,17,Monday,No,0,0,0.0
BATTERY,7,1,Thursday,Yes,0,0,0.036903025230180554
THEFT,1,8,Tuesday,No,0,1,0.5998662174052891
ROBBERY,1,16,Friday,No,0,1,0.5573182853592876
BURGLARY,2,0,Saturday,No,0,0,0.0037750360519147575
THEFT,8,16,Sunday,No,0,0,0.0
BATTERY,25,7,Friday,Yes,0,1,0.7662197547620972
CRIMINAL DAMAGE,3,21,Saturday,No,0,0,0.0
CRIMINAL DAMAGE,6,18,Wednesday,No,0,0,0.0
THEFT,11,17,Friday,No,0,0,0.0
THEFT,12,2,Wednesday,No,0,0,0.0
BURGLARY,16,7,Saturday,No,0,0,0.0
CRIMINAL DAMAGE,6,15,Wednesday,No,0,0,0.0
DECEPTIVE PRACTICE,25,20,Friday,No,0,0,0.05379735096612889
CRIMINAL DAMAGE,2,7,Friday,Yes,0,0,0.02
BATTERY,1,18,Friday,No,0,0,0.013089023438974117
MOTOR VEHICLE THEFT,4,5,Wednesday,No,0,0,0.0
CRIMINAL DAMAGE,17,13,Tuesday,No,0,0,0.017318285359287637
BATTERY,5,4,Tuesday,Yes,0,0,0.0976122928626439
CRIMINAL DAMAGE,11,0,Sunday,No,0,0,0.0
ASSAULT,5,11,Saturday,No,0,0,0.03845151261509028
BATTERY,3,10,Friday,Yes,0,0,0.05900833192502735
CRIMINAL DAMAGE,19,4,Saturday,No,0,0,0.0
CRIMINAL DAMAGE,11,18,Friday,No,0,0,0.007318285359287636
ROBBERY,19,1,Sunday,No,0,0,0.0
NARCOTICS,11,16,Monday,No,1,1,1.0
ASSAULT,1,8,Thursday,No,0,0,0.024328958046214405
THEFT,22,6,Tuesday,No,0,0,0.0
ASSAULT,4,12,Monday,Yes,0,0,0.05
BATTERY,6,8,Sunday,Yes,0,0,0.01
MOTOR VEHICLE THEFT,1,13,Sunday,No,0,0,0.0
NARCOTICS,15,19,Monday,No,1,1,1.0
THEFT,7,13,Thursday,No,0,0,0.0
BATTERY,17,9,Tuesday,Yes,0,0,0.25
THEFT,3,12,Friday,No,0,0,0.0
ASSAULT,8,17,Thursday,No,0,0,0.0
CRIMINAL DAMAGE,18,4,Saturday,No,0,0,0.0
BURGLARY,25,4,Tuesday,No,0,0,0.0
THEFT,10,20,Monday,No,0,1,0.6584515126150903
BURGLARY,12,10,Sunday,No,0,0,0.0
BATTERY,17,10,Tuesday,Yes,0,0,0.3437842623970123
CRIMINAL DAMAGE,2,8,Sunday,No,0,0,0.0
BATTERY,15,21,Thursday,Yes,0,0,0.04700496203546772
BATTERY,4,13,Friday,Yes,0,0,0.0
NARCOTICS,15,19,Sunday,No,1,1,0.96
CRIMINAL DAMAGE,7,2,Sunday,No,0,0,0.0
THEFT,1,11,Friday,No,1,1,0.5465007963831278
NARCOTICS,9,13,Thursday,Yes,1,1,0.86
BATTERY,10,18,Thursday,No,1,0,0.0
ASSAULT,8,9,Monday,Yes,0,0,0.05
ASSAULT,7,2,Sunday,Yes,0,1,0.67
BATTERY,19,13,Saturday,No,0,0,0.035738648004982936
ROBBERY,20,17,Sunday,No,0,0,0.0976122928626439
BATTERY,12,2,Thursday,Yes,0,0,0.33757268418214254
THEFT,20,15,Saturday,No,0,0,0.006453026568063544
CRIMINAL DAMAGE,4,22,Tuesday,No,0,0,0.0
BATTERY,8,11,Saturday,No,0,0,0.01
BURGLARY,9,4,Thursday,No,0,0,0.03645302656806354
BATTERY,14,1,Saturday,Yes,0,0,0.12050148944705942
DECEPTIVE PRACTICE,5,0,Monday,No,0,0,0.01942441886306058
ASSAULT,10,19,Friday,Yes,1,0,0.4661621103524509
THEFT,4,10,Wednesday,Yes,0,0,0.0
ASSAULT,6,14,Monday,No,0,0,0.02
MOTOR VEHICLE THEFT,25,3,Wednesday,No,0,0,0.02731828535928764
THEFT,3,16,Friday,No,0,0,0.0
WEAPONS VIOLATION,1,11,Saturday,No,1,1,0.8462956944030043
OTHER OFFENSE,11,0,Wednesday,No,0,0,0.052092872422458435
OTHER OFFENSE,11,15,Friday,No,0,1,0.9545153180928245
THEFT,19,15,Wednesday,No,0,0,0.0
THEFT,18,14,Saturday,No,0,1,0.5144898563762573
OTHER OFFENSE,10,10,Tuesday,No,0,0,0.008451512615090279
ASSAULT,1,15,Friday,No,0,0,0.03916078024755363
OTHER OFFENSE,1,11,Saturday,No,0,0,0.29
BATTERY,14,18,Tuesday,Yes,0,0,0.0
THEFT,5,13,Monday,No,1,0,0.0
OFFENSE INVOLVING CHILDREN,6,16,Monday,No,0,0,0.09417162588115524
THEFT,1,15,Wednesday,No,0,0,0.0
THEFT,16,12,Sunday,No,0,0,0.005218932289743779
THEFT,9,0,Saturday,No,0,0,0.01832156049510725
THEFT,3,7,Thursday,No,0,0,0.018451512615090277
THEFT,19,16,Tuesday,No,0,0,0.429375228019026
OTHER OFFENSE,22,0,Monday,Yes,0,0,0.06845151261509028
CRIMINAL TRESPASS,16,1,Saturday,No,1,1,0.5969030252301806
BURGLARY,19,7,Saturday,No,0,0,0.0
ASSAULT,12,17,Friday,No,0,0,0.04
OTHER OFFENSE,4,23,Wednesday,Yes,1,0,0.4685747859674224
BATTERY,11,19,Friday,No,0,0,0.08468132070824845
BATTERY,3,11,Friday,No,0,0,0.009160780247553625
ROBBERY,4,21,Tuesday,No,0,0,0.09690302523018055
NARCOTICS,4,19,Monday,No,1,1,0.9460638054777343
BURGLARY,18,12,Monday,No,0,0,0.0
NARCOTICS,9,12,Tuesday,No,1,1,0.9884515126150903
THEFT,8,0,Saturday,No,0,0,0.0
BATTERY,11,10,Sunday,Yes,0,1,0.7733913612720206
THEFT,4,7,Thursday,No,1,0,0.007318285359287636
BURGLARY,14,1,Thursday,No,0,0,0.0
ASSAULT,4,8,Monday,No,0,0,0.024222250694776758
THEFT,14,13,Monday,No,0,1,0.7492597407562462
ASSAULT,12,11,Tuesday,No,0,0,0.0
STALKING,16,0,Friday,Yes,0,0,0.3083693048472916
NARCOTICS,25,6,Monday,No,1,1,0.92
BATTERY,2,17,Saturday,Yes,1,1,0.5876899587443684
THEFT,9,11,Friday,No,0,0,0.4043726283123564
CRIMINAL TRESPASS,12,9,Tuesday,No,0,0,0.08
THEFT,7,10,Thursday,No,0,0,0.0
BURGLARY,6,0,Sunday,No,0,0,0.02647906560684126
CRIMINAL DAMAGE,2,10,Thursday,No,0,0,0.01
DECEPTIVE PRACTICE,7,0,Sunday,No,0,0,0.0
MOTOR VEHICLE THEFT,1,13,Wednesday,No,0,0,0.0078441817879141
ASSAULT,11,22,Tuesday,Yes,0,1,0.7384515126150903
ASSAULT,18,17,Wednesday,No,0,0,0.016453026568063543
CRIMINAL DAMAGE,11,21,Monday,No,1,0,0.3775208506604515
BURGLARY,9,8,Sunday,No,0,0,0.04009982580336237
BATTERY,3,22,Thursday,Yes,1,0,0.01
NARCOTICS,11,17,Saturday,No,1,1,1.0
THEFT,11,13,Tuesday,No,0,0,0.0
THEFT,10,12,Wednesday,No,0,0,0.4837076980087465
DECEPTIVE PRACTICE,19,14,Tuesday,No,0,0,0.0
BURGLARY,12,23,Wednesday,No,1,0,0.03831454926957049
OTHER OFFENSE,4,18,Wednesday,Yes,1,0,0.0
MOTOR VEHICLE THEFT,24,22,Friday,No,0,0,0.008451512615090279
BATTERY,11,17,Thursday,No,0,1,0.5291199543022211
CRIMINAL DAMAGE,25,16,Wednesday,No,0,0,0.0
THEFT,18,15,Saturday,No,0,0,0.4731463697731199
THEFT,11,11,Thursday,No,0,0,0.0
ASSAULT,17,16,Thursday,No,0,0,0.008451512615090279
THEFT,18,16,Tuesday,No,0,1,0.6200404067834951
BATTERY,4,23,Saturday,Yes,1,1,0.8451922608445679
OTHER OFFENSE,6,1,Saturday,Yes,0,0,0.02
BATTERY,5,0,Wednesday,No,0,1,0.6288764979420488
OFFENSE INVOLVING CHILDREN,7,18,Sunday,Yes,0,0,0.07
THEFT,8,9,Friday,No,0,0,0.0
CRIMINAL DAMAGE,2,6,Thursday,No,0,0,0.0
ASSAULT,15,20,Tuesday,Yes,0,0,0.016453026568063543
THEFT,10,20,Monday,No,0,1,0.6584515126150903
CRIMINAL DAMAGE,11,9,Tuesday,No,0,0,0.0
THEFT,19,6,Friday,No,0,0,0.0
CRIMINAL DAMAGE,3,20,Tuesday,No,0,0,0.22571941613994903
BATTERY,11,16,Wednesday,Yes,0,0,0.036503039773689905
NARCOTICS,11,16,Thursday,No,1,1,1.0
OTHER OFFENSE,11,2,Tuesday,Yes,0,0,0.01
ASSAULT,10,9,Wednesday,Yes,0,0,0.1
LIQUOR LAW VIOLATION,22,16,Wednesday,No,1,1,0.85
THEFT,19,18,Saturday,No,0,0,0.0
DECEPTIVE PRACTICE,11,20,Saturday,No,0,0,0.02
THEFT,18,19,Friday,No,0,0,0.0
CRIMINAL DAMAGE,4,11,Friday,Yes,0,0,0.01
BATTERY,2,10,Tuesday,No,0,0,0.03
BATTERY,25,7,Tuesday,No,0,0,0.47392933729934456
CRIMINAL DAMAGE,8,21,Sunday,No,0,0,0.0
THEFT,20,14,Sunday,Yes,0,0,0.03
BATTERY,15,15,Sunday,No,0,0,0.14916078024755364
ASSAULT,18,18,Monday,No,0,0,0.0
BATTERY,2,16,Friday,Yes,0,0,0.019160780247553626
MOTOR VEHICLE THEFT,2,18,Friday,No,0,0,0.0
DECEPTIVE PRACTICE,5,14,Thursday,No,0,0,0.0
BATTERY,15,3,Friday,No,1,0,0.02
THEFT,19,19,Tuesday,No,0,0,0.0
DECEPTIVE PRACTICE,16,12,Tuesday,No,0,0,0.0
DECEPTIVE PRACTICE,6,16,Monday,No,0,0,0.0
THEFT,12,12,Monday,No,0,0,0.32803131331990437
DECEPTIVE PRACTICE,1,0,Thursday,No,0,0,0.0
BATTERY,25,22,Tuesday,Yes,1,0,0.2058511416684806
THEFT,22,11,Sunday,No,0,0,0.026295694403004378
OTHER OFFENSE,19,22,Saturday,No,0,0,0.12916078024755362
ROBBERY,8,6,Sunday,No,0,0,0.04
BATTERY,6,11,Wednesday,Yes,0,0,0.01
ASSAULT,12,10,Wednesday,No,0,0,0.0
CRIMINAL TRESPASS,11,23,Tuesday,No,0,0,0.37690302523018054
DECEPTIVE PRACTICE,4,7,Thursday,No,0,0,0.007318285359287636
MOTOR VEHICLE THEFT,5,0,Friday,No,0,0,0.012629211710272087
BURGLARY,1,9,Monday,No,0,0,0.0
THEFT,6,15,Wednesday,No,0,0,0.4459278246088693
BURGLARY,12,16,Sunday,No,0,0,0.0
THEFT,2,9,Monday,No,0,0,0.0
MOTOR VEHICLE THEFT,5,23,Sunday,No,0,0,0.05388927156864168
THEFT,18,1,Saturday,No,0,0,0.0
OTHER OFFENSE,4,14,Sunday,No,0,0,0.35647906560684123
THEFT,2,0,Friday,No,0,0,0.0
BATTERY,10,9,Thursday,Yes,0,0,0.0
CRIMINAL DAMAGE,10,15,Saturday,No,0,0,0.0
BATTERY,16,12,Friday,No,0,1,0.5626728232045585
NARCOTICS,11,17,Tuesday,No,1,1,1.0
CRIMINAL DAMAGE,6,20,Sunday,No,0,0,0.0
THEFT,17,17,Tuesday,No,0,1,0.8108896443638608
THEFT,5,16,Tuesday,No,0,0,0.13366911346085267
MOTOR VEHICLE THEFT,1,8,Friday,No,0,0,0.0
WEAPONS VIOLATION,7,19,Thursday,No,1,1,0.9664530265680635
THEFT,19,21,Thursday,No,0,0,0.008314282055503379
BATTERY,15,13,Tuesday,No,0,0,0.008451512615090279
CRIMINAL DAMAGE,4,4,Sunday,No,0,0,0.0
MOTOR VEHICLE THEFT,2,23,Friday,No,0,0,0.0
BATTERY,4,17,Sunday,Yes,0,1,0.5916860498606538
THEFT,16,16,Monday,No,0,0,0.0
OTHER OFFENSE,5,12,Thursday,No,0,0,0.05690302523018056
BATTERY,11,15,Wednesday,Yes,0,0,0.09910220410308676
ASSAULT,17,15,Monday,No,0,0,0.029992988774463235
CRIMINAL DAMAGE,8,3,Saturday,No,0,0,0.016903025230180557
BATTERY,14,18,Saturday,Yes,0,0,0.1954454722124793
THEFT,4,18,Monday,No,0,0,0.0
BATTERY,14,16,Wednesday,No,1,0,0.0839079872656483
BURGLARY,6,11,Monday,No,0,0,0.01
THEFT,9,22,Saturday,No,0,0,0.03856079617437799
ASSAULT,18,16,Saturday,No,0,1,0.9025168320457978
BATTERY,5,20,Saturday,Yes,0,0,0.008451512615090279
THEFT,10,16,Wednesday,No,0,0,0.04786267039683636
CRIMINAL DAMAGE,8,15,Thursday,No,0,0,0.0
BATTERY,12,19,Tuesday,Yes,0,1,0.7465237831543141
BATTERY,14,15,Saturday,No,1,0,0.30277915183310694
CRIMINAL DAMAGE,24,22,Tuesday,No,0,0,0.047318285359287636
MOTOR VEHICLE THEFT,4,21,Friday,No,0,0,0.0
NARCOTICS,9,9,Wednesday,No,1,1,0.98
BATTERY,3,3,Saturday,Yes,0,0,0.01561380681561717
BATTERY,5,12,Tuesday,Yes,0,0,0.40295139221882825
BURGLARY,14,17,Sunday,No,0,0,0.0
BURGLARY,17,13,Friday,No,0,0,0.0
CRIMINAL TRESPASS,8,17,Wednesday,No,1,1,0.6791607802475537
THEFT,2,17,Sunday,No,0,0,0.05
NARCOTICS,10,10,Thursday,No,1,1,0.9884515126150903
LIQUOR LAW VIOLATION,17,4,Sunday,No,1,1,0.7137713119273512
THEFT,18,12,Tuesday,No,0,1,0.6577415361075813
OTHER OFFENSE,9,13,Thursday,No,0,0,0.03
CRIMINAL DAMAGE,2,7,Tuesday,No,0,0,0.0
THEFT,6,20,Monday,No,0,0,0.0
BATTERY,16,13,Wednesday,Yes,1,0,0.17715694519799222
BATTERY,22,1,Thursday,No,0,1,0.5429252106268295
WEAPONS VIOLATION,6,21,Wednesday,No,1,1,0.98
BATTERY,7,1,Tuesday,Yes,0,0,0.33246439004571515
THEFT,9,13,Wednesday,No,1,0,0.0
INTIMIDATION,25,17,Friday,No,0,0,0.05
BURGLARY,14,4,Tuesday,No,0,0,0.0
CRIMINAL SEXUAL ASSAULT,6,2,Saturday,Yes,0,0,0.48
BURGLARY,20,0,Wednesday,No,0,0,0.04645302656806354
THEFT,3,12,Saturday,No,0,0,0.0
BURGLARY,3,14,Saturday,No,0,0,0.01
CRIMINAL DAMAGE,25,2,Wednesday,No,0,0,0.01
MOTOR VEHICLE THEFT,6,23,Saturday,No,0,0,0.009646512897502388
ASSAULT,12,13,Thursday,No,0,1,0.5428435890316691
THEFT,17,9,Saturday,No,0,1,0.752479982510863
THEFT,5,10,Monday,Yes,0,0,0.0
BATTERY,11,19,Sunday,Yes,0,0,0.15519866714080308
BATTERY,12,18,Wednesday,Yes,0,0,0.15246076999154815
DECEPTIVE PRACTICE,19,16,Saturday,No,0,0,0.0
OFFENSE INVOLVING CHILDREN,24,23,Friday,Yes,0,0,0.11
THEFT,8,4,Thursday,No,0,0,0.0
BATTERY,12,20,Thursday,Yes,0,1,0.9619240299023432
ASSAULT,14,8,Friday,No,0,0,0.08845151261509027
THEFT,7,21,Friday,No,0,0,0.01
THEFT,19,8,Sunday,No,0,0,0.017268600650974682
BURGLARY,19,0,Wednesday,No,0,0,0.0
WEAPONS VIOLATION,22,16,Monday,No,1,0,0.4273182853592876
THEFT,25,15,Friday,No,0,1,0.86848454687399
BATTERY,16,12,Sunday,Yes,1,1,0.5842302037199981
THEFT,15,21,Wednesday,Yes,0,0,0.01
OTHER OFFENSE,6,16,Friday,Yes,1,0,0.04666779639092258
OTHER OFFENSE,15,19,Thursday,Yes,0,0,0.025769797974377916
BURGLARY,9,18,Friday,No,0,0,0.03
THEFT,12,21,Friday,No,0,0,0.0
THEFT,1,9,Sunday,No,0,1,0.5653053518100859
ASSAULT,12,8,Friday,No,0,0,0.1022838894300303
CRIMINAL DAMAGE,16,4,Monday,No,0,0,0.0
DECEPTIVE PRACTICE,25,13,Tuesday,No,0,0,0.0
THEFT,12,5,Wednesday,No,0,0,0.0
NARCOTICS,9,4,Tuesday,No,1,1,0.96
THEFT,8,4,Saturday,No,0,0,0.0
CRIMINAL DAMAGE,5,8,Monday,Yes,0,0,0.018451512615090277
THEFT,4,21,Sunday,No,0,0,0.0
CRIMINAL DAMAGE,8,7,Tuesday,No,0,0,0.0
MOTOR VEHICLE THEFT,4,22,Thursday,No,0,0,0.0
CRIMINAL DAMAGE,24,14,Tuesday,No,0,0,0.03857498408798788
CRIMINAL DAMAGE,1,0,Sunday,No,0,0,0.03942441886306058
MOTOR VEHICLE THEFT,12,14,Sunday,No,0,0,0.0
MOTOR VEHICLE THEFT,18,14,Thursday,No,0,0,0.0
ROBBERY,12,2,Tuesday,No,0,0,0.17
CRIMINAL DAMAGE,10,15,Thursday,No,0,0,0.04
BATTERY,3,23,Saturday,Yes,0,0,0.0
ASSAULT,6,13,Monday,No,0,1,0.6341304225814139
MOTOR VEHICLE THEFT,7,4,Monday,No,0,1,0.61
ASSAULT,16,18,Sunday,No,0,0,0.0778441817879141
ASSAULT,24,6,Saturday,Yes,0,0,0.05
MOTOR VEHICLE THEFT,25,3,Thursday,No,0,0,0.0
MOTOR VEHICLE THEFT,3,23,Saturday,No,0,0,0.007318285359287636
ASSAULT,9,15,Saturday,No,1,0,0.01464335115280436
THEFT,9,22,Saturday,No,0,0,0.03856079617437799
CRIMINAL DAMAGE,14,14,Thursday,No,0,0,0.025769797974377916
ROBBERY,3,23,Friday,No,0,0,0.09300284876115535
OFFENSE INVOLVING CHILDREN,3,14,Thursday,No,0,0,0.044904539183153826
THEFT,19,18,Friday,No,1,0,0.05150185563149652
THEFT,19,18,Sunday,No,1,0,0.0
BATTERY,11,0,Monday,No,0,1,0.5383812623784344
ASSAULT,12,15,Friday,No,0,1,0.5170912264493875
KIDNAPPING,16,15,Thursday,No,0,0,0.12
BATTERY,4,9,Tuesday,Yes,0,0,0.20136823270675575
CRIMINAL DAMAGE,2,20,Monday,No,0,0,0.0
THEFT,19,7,Wednesday,No,0,0,0.0
BURGLARY,19,17,Thursday,No,0,0,0.0
NARCOTICS,11,16,Sunday,No,1,1,1.0
THEFT,18,14,Wednesday,No,0,0,0.0
BURGLARY,6,9,Tuesday,No,0,0,0.03
BATTERY,2,14,Thursday,No,0,1,0.5766478836820275
BATTERY,9,19,Saturday,Yes,1,1,0.8162293284152211
THEFT,1,8,Saturday,No,0,0,0.45881860874748237
ROBBERY,2,15,Thursday,No,0,0,0.09731828535928763
OTHER OFFENSE,9,10,Thursday,No,0,1,0.8047841333299363
ASSAULT,15,4,Friday,Yes,0,0,0.01
NARCOTICS,8,14,Wednesday,No,1,1,0.99
OFFENSE INVOLVING CHILDREN,9,21,Thursday,Yes,0,0,0.11916078024755362
OTHER OFFENSE,3,18,Thursday,No,0,0,0.07878297347661783
DECEPTIVE PRACTICE,18,11,Friday,No,0,0,0.0
BATTERY,3,6,Friday,Yes,0,0,0.17591607048544336
THEFT,16,11,Saturday,No,0,1,0.5369806593365994
BATTERY,11,12,Wednesday,No,0,0,0.25559700561657234
BATTERY,2,11,Wednesday,No,0,0,0.0
ASSAULT,25,18,Friday,Yes,1,0,0.10867824447974747
MOTOR VEHICLE THEFT,4,1,Sunday,No,0,0,0.0
CRIMINAL DAMAGE,3,3,Sunday,Yes,0,0,0.21128043987217662
BATTERY,2,12,Tuesday,No,0,0,0.0
ASSAULT,24,17,Saturday,No,0,0,0.01
ASSAULT,4,15,Wednesday,No,0,0,0.0
BATTERY,4,15,Thursday,Yes,0,1,0.897612292862644
BATTERY,10,9,Monday,Yes,0,0,0.15436179307275505
CRIMINAL DAMAGE,9,17,Sunday,No,0,0,0.01
WEAPONS VIOLATION,9,16,Friday,No,1,1,0.96
MOTOR VEHICLE THEFT,11,18,Saturday,No,0,0,0.03991101517159481
DECEPTIVE PRACTICE,17,11,Friday,No,0,0,0.0
BATTERY,14,3,Sunday,Yes,0,1,0.9709687810772699
THEFT,5,14,Wednesday,No,0,0,0.04094907066026229
ASSAULT,6,23,Saturday,Yes,0,0,0.34542571610290085
THEFT,2,17,Thursday,No,0,0,0.0
THEFT,20,18,Saturday,No,1,0,0.046936233756042445
OTHER OFFENSE,6,11,Thursday,No,0,0,0.3563968200941979
BURGLARY,6,5,Wednesday,No,0,0,0.04
OTHER OFFENSE,15,23,Saturday,Yes,0,0,0.04577073807968648
THEFT,1,13,Friday,No,1,1,0.6354428431554923
BURGLARY,12,18,Thursday,No,0,0,0.0
ASSAULT,3,8,Tuesday,Yes,1,0,0.0
THEFT,25,12,Thursday,No,0,0,0.1357198362383729
ASSAULT,10,2,Sunday,No,0,0,0.0737973509661289
ASSAULT,4,9,Sunday,No,1,0,0.1671881412973829
THEFT,25,16,Wednesday,No,0,0,0.43302190215208336
BURGLARY,22,0,Monday,No,0,0,0.18
MOTOR VEHICLE THEFT,25,13,Friday,No,0,0,0.0
BATTERY,20,23,Friday,No,0,0,0.46931587208539677
BATTERY,15,8,Saturday,Yes,0,0,0.01
THEFT,12,15,Sunday,No,0,0,0.0
HOMICIDE,4,7,Tuesday,No,0,0,0.19
CRIMINAL TRESPASS,15,13,Wednesday,No,0,0,0.10916078024755363
DECEPTIVE PRACTICE,9,0,Monday,No,0,0,0.0
BATTERY,20,14,Friday,Yes,0,0,0.11
CRIMINAL DAMAGE,3,1,Friday,No,0,0,0.020988730264121694
BURGLARY,18,9,Sunday,No,0,0,0.0
THEFT,1,18,Tuesday,No,1,0,0.2591383300024631
CRIMINAL DAMAGE,6,14,Sunday,No,0,1,0.69
NARCOTICS,2,6,Sunday,No,1,1,0.88
BATTERY,1,1,Thursday,No,0,0,0.029160780247553628
ASSAULT,12,17,Saturday,Yes,1,0,0.46
THEFT,12,19,Sunday,No,0,0,0.0
WEAPONS VIOLATION,14,3,Wednesday,No,0,0,0.2873182853592876
THEFT,19,7,Monday,No,0,0,0.0634195441951931
OTHER OFFENSE,5,23,Sunday,Yes,0,0,0.17629569440300435
THEFT,6,20,Wednesday,No,0,0,0.3979274617532549
CRIMINAL TRESPASS,3,21,Saturday,No,1,1,0.6339723589544058
MOTOR VEHICLE THEFT,16,19,Tuesday,No,0,0,0.0
OTHER OFFENSE,18,15,Friday,Yes,0,0,0.017318285359287637
THEFT,1,20,Friday,No,0,0,0.3908611756816049
BURGLARY,18,13,Thursday,No,1,0,0.008451512615090279
DECEPTIVE PRACTICE,1,18,Wednesday,No,0,0,0.0
MOTOR VEHICLE THEFT,3,12,Sunday,No,0,0,0.0
ROBBERY,2,18,Thursday,No,0,0,0.03
BATTERY,25,9,Monday,Yes,0,0,0.4571322939003802
BATTERY,22,10,Tuesday,Yes,0,0,0.018451512615090277
MOTOR VEHICLE THEFT,1,4,Monday,No,0,0,0.0
OTHER OFFENSE,10,12,Tuesday,No,0,0,0.0
BATTERY,14,19,Saturday,No,0,0,0.09
BATTERY,11,10,Sunday,Yes,0,1,0.7733913612720206
BATTERY,6,9,Sunday,No,0,0,0.0
THEFT,8,0,Friday,No,0,0,0.0
CRIMINAL DAMAGE,12,20,Thursday,No,0,0,0.0
MOTOR VEHICLE THEFT,2,5,Tuesday,No,0,0,0.03535453784527083
BATTERY,19,20,Monday,No,0,0,0.0
BATTERY,8,17,Thursday,Yes,0,0,0.0
BATTERY,24,10,Thursday,Yes,0,0,0.02
DECEPTIVE PRACTICE,20,0,Thursday,No,0,0,0.05435021276275956
CRIMINAL DAMAGE,9,13,Thursday,No,0,0,0.0
BATTERY,2,16,Wednesday,Yes,1,0,0.0078441817879141
BATTERY,16,6,Monday,Yes,0,0,0.11
OTHER OFFENSE,8,2,Wednesday,No,0,0,0.05075023492404119
THEFT,12,6,Thursday,No,0,0,0.03814553604527091
MOTOR VEHICLE THEFT,6,7,Friday,No,0,0,0.01
MOTOR VEHICLE THEFT,2,10,Friday,No,0,0,0.0
WEAPONS VIOLATION,24,19,Thursday,No,1,1,0.6684515126150903
MOTOR VEHICLE THEFT,14,0,Monday,No,0,0,0.03006700633035556
OTHER OFFENSE,16,22,Tuesday,No,0,0,0.4112064756849123
BATTERY,8,13,Friday,No,0,0,0.037612292862643906
BURGLARY,12,23,Friday,No,0,0,0.0
OTHER OFFENSE,19,11,Sunday,No,0,0,0.02731828535928764
BURGLARY,19,6,Tuesday,No,0,0,0.0
CRIMINAL SEXUAL ASSAULT,1,2,Thursday,No,0,0,0.01858519911061421
CRIMINAL TRESPASS,3,20,Sunday,No,0,0,0.17761229286264388
THEFT,19,19,Saturday,No,0,0,0.0
THEFT,19,11,Friday,No,0,0,0.0
DECEPTIVE PRACTICE,3,15,Friday,No,0,0,0.0
MOTOR VEHICLE THEFT,14,10,Friday,No,0,0,0.06576979797437792
THEFT,12,14,Friday,No,0,0,0.4167830314331274
BATTERY,4,13,Friday,Yes,0,0,0.0
ASSAULT,9,22,Friday,Yes,0,0,0.058451512615090274
OTHER OFFENSE,6,1,Thursday,No,1,0,0.029160780247553628
DECEPTIVE PRACTICE,24,18,Thursday,No,0,0,0.0
BURGLARY,8,4,Monday,No,0,0,0.0
DECEPTIVE PRACTICE,8,0,Tuesday,No,0,0,0.0
CRIMINAL DAMAGE,10,2,Sunday,Yes,0,0,0.44
OTHER OFFENSE,2,13,Tuesday,No,0,0,0.12
BATTERY,16,17,Thursday,Yes,0,0,0.015244891480835259
CRIMINAL DAMAGE,15,9,Thursday,Yes,0,0,0.01
CRIMINAL DAMAGE,3,1,Thursday,No,0,0,0.0
ASSAULT,5,9,Tuesday,Yes,0,0,0.06577073807968647
MOTOR VEHICLE THEFT,11,1,Sunday,No,0,0,0.0
OTHER OFFENSE,7,6,Monday,No,0,0,0.06
THEFT,24,11,Sunday,No,0,1,0.5237804495482222
BATTERY,9,17,Sunday,No,0,1,0.64
BATTERY,10,15,Sunday,No,0,0,0.03
CRIMINAL DAMAGE,3,4,Monday,No,0,0,0.0
KIDNAPPING,1,15,Friday,Yes,0,0,0.1219548560778629
CRIMINAL DAMAGE,8,16,Wednesday,No,0,1,0.65
THEFT,8,0,Thursday,No,0,0,0.0
THEFT,10,21,Friday,No,0,0,0.0
NARCOTICS,18,21,Tuesday,No,1,1,0.8642393936246325
SEX OFFENSE,14,15,Thursday,Yes,0,0,0.0
ASSAULT,3,15,Tuesday,No,0,0,0.45594275283735786
INTERFERENCE WITH PUBLIC OFFICER,8,22,Sunday,No,1,1,0.9564530265680635
THEFT,19,19,Sunday,No,0,0,0.002667874532895482
THEFT,7,12,Friday,No,0,0,0.0
BATTERY,3,19,Tuesday,Yes,0,0,0.037442696937493795
THEFT,3,20,Friday,No,0,0,0.38071305766206637
DECEPTIVE PRACTICE,16,5,Thursday,No,1,0,0.0
THEFT,7,11,Monday,No,0,0,0.0
ROBBERY,6,14,Sunday,No,0,0,0.02
BATTERY,15,23,Friday,No,0,0,0.14
OTHER OFFENSE,22,15,Sunday,No,1,1,0.6939912317861583
BATTERY,8,15,Wednesday,No,0,0,0.49142900436066334
THEFT,6,16,Tuesday,No,0,1,0.5045386338134241
CRIMINAL TRESPASS,20,10,Thursday,No,0,0,0.28375800987314054
BATTERY,2,1,Wednesday,Yes,0,0,0.14701659969573577
THEFT,1,19,Tuesday,No,0,0,0.3253536588454301
MOTOR VEHICLE THEFT,1,20,Saturday,No,0,0,0.0
THEFT,25,13,Tuesday,No,1,0,0.40253969438244325
BURGLARY,25,16,Sunday,No,0,0,0.0
THEFT,22,0,Sunday,No,0,0,0.0
THEFT,5,12,Saturday,No,0,1,0.6103807374354957
THEFT,1,6,Monday,No,0,0,0.0
NARCOTICS,11,16,Wednesday,No,1,1,1.0
BATTERY,25,23,Monday,Yes,1,1,0.9791607802475536
BURGLARY,7,0,Wednesday,No,0,0,0.04645302656806354
OTHER OFFENSE,3,16,Tuesday,Yes,0,0,0.0854215441756264
THEFT,2,11,Wednesday,No,0,0,0.0
CRIMINAL TRESPASS,22,15,Tuesday,No,0,0,0.08916078024755363
MOTOR VEHICLE THEFT,24,17,Wednesday,No,0,0,0.005218932289743779
BATTERY,6,18,Monday,No,0,0,0.04380605046036111
DECEPTIVE PRACTICE,18,11,Tuesday,No,1,0,0.11909121807969111
THEFT,9,15,Wednesday,No,0,0,0.043222644050659974
THEFT,10,12,Thursday,No,0,0,0.42172163362341797
ASSAULT,6,12,Monday,No,0,0,0.01
BATTERY,8,13,Sunday,Yes,0,0,0.06663110561432035
NARCOTICS,15,22,Tuesday,No,1,1,1.0
BATTERY,6,22,Friday,No,0,0,0.01
ASSAULT,16,15,Saturday,No,1,0,0.01
ROBBERY,3,16,Friday,No,0,0,0.0
BATTERY,4,11,Friday,Yes,1,0,0.046479065606841265
WEAPONS VIOLATION,6,19,Tuesday,No,1,1,0.9169030252301806
BATTERY,9,8,Friday,Yes,0,1,0.63
BATTERY,17,0,Thursday,Yes,0,1,0.5856516927288232
THEFT,24,16,Friday,Yes,0,0,0.0
NARCOTICS,17,11,Wednesday,No,1,1,0.52
DECEPTIVE PRACTICE,18,12,Saturday,No,1,0,0.0
BURGLARY,16,3,Thursday,No,0,0,0.0
ASSAULT,12,19,Tuesday,No,0,0,0.01
MOTOR VEHICLE THEFT,12,17,Monday,No,0,0,0.0
THEFT,12,10,Tuesday,Yes,0,0,0.010971795621085068
INTERFERENCE WITH PUBLIC OFFICER,25,12,Wednesday,No,1,1,0.9452189322897437
CRIMINAL TRESPASS,18,14,Wednesday,No,0,1,0.5681564176812149
THEFT,8,19,Wednesday,No,0,0,0.0
BATTERY,9,23,Monday,Yes,0,1,0.560036779509054
DECEPTIVE PRACTICE,2,14,Monday,No,0,0,0.0
THEFT,1,14,Sunday,No,0,0,0.0
OTHER OFFENSE,10,8,Friday,Yes,0,0,0.07
PUBLIC PEACE VIOLATION,12,21,Wednesday,No,0,0,0.36736300290676044
CRIMINAL DAMAGE,4,9,Wednesday,Yes,0,0,0.05
BATTERY,12,10,Wednesday,No,0,0,0.030776273962818904
BATTERY,7,10,Saturday,Yes,0,0,0.01
BATTERY,2,14,Tuesday,Yes,0,1,0.5106312451742469
THEFT,4,2,Wednesday,No,0,0,0.0
ASSAULT,2,8,Friday,No,0,0,0.02
THEFT,5,4,Tuesday,No,0,0,0.0
CRIMINAL DAMAGE,10,12,Saturday,No,0,0,0.0
THEFT,19,15,Thursday,No,0,0,0.0
ROBBERY,12,4,Saturday,No,0,0,0.015769797974377914
BURGLARY,3,12,Thursday,No,0,0,0.01
ASSAULT,6,14,Thursday,Yes,0,0,0.0
DECEPTIVE PRACTICE,3,19,Tuesday,No,0,0,0.03
THEFT,6,17,Saturday,No,0,1,0.5194759968811546
BATTERY,1,1,Wednesday,Yes,1,0,0.04380550111682615
SEX OFFENSE,12,11,Thursday,No,0,0,0.11
ASSAULT,2,13,Friday,No,0,0,0.04
CRIMINAL SEXUAL ASSAULT,12,1,Saturday,No,0,0,0.0
ASSAULT,3,5,Monday,No,0,0,0.01
ASSAULT,25,15,Tuesday,Yes,0,0,0.04
CRIMINAL TRESPASS,5,8,Tuesday,No,0,0,0.1376122928626439
INTERFERENCE WITH PUBLIC OFFICER,8,12,Thursday,No,1,1,0.897612292862644
OFFENSE INVOLVING CHILDREN,14,0,Tuesday,Yes,0,0,0.047318285359287636
WEAPONS VIOLATION,4,15,Sunday,No,0,1,0.63
NARCOTICS,11,15,Monday,No,1,1,1.0
THEFT,20,17,Saturday,No,0,0,0.43540541014990114
BATTERY,22,6,Sunday,Yes,1,0,0.26813996643175186
BATTERY,19,11,Monday,No,0,0,0.0
NARCOTICS,18,18,Tuesday,No,1,1,0.842089238122532
DECEPTIVE PRACTICE,9,0,Thursday,No,0,0,0.0
NARCOTICS,10,15,Tuesday,No,1,1,0.99
DECEPTIVE PRACTICE,22,18,Thursday,No,0,0,0.01
DECEPTIVE PRACTICE,15,17,Thursday,Yes,0,0,0.03262014965347235
DECEPTIVE PRACTICE,12,22,Friday,No,1,0,0.007318285359287636
CRIMINAL DAMAGE,12,10,Saturday,No,0,0,0.0
CRIMINAL DAMAGE,10,12,Monday,No,0,0,0.0
MOTOR VEHICLE THEFT,2,20,Thursday,No,0,0,0.0
CRIMINAL DAMAGE,3,9,Tuesday,Yes,0,0,0.05606380547773418
THEFT,12,23,Thursday,No,0,0,0.009009560229445506
THEFT,11,21,Wednesday,Yes,0,0,0.0
CRIMINAL DAMAGE,24,1,Saturday,No,0,0,0.01942441886306058
ASSAULT,3,12,Friday,No,0,0,0.0
NARCOTICS,11,15,Tuesday,No,1,1,1.0
THEFT,24,7,Saturday,No,0,1,0.6386570466196371
ASSAULT,6,0,Saturday,Yes,0,0,0.2953549742616527
ASSAULT,3,15,Sunday,No,0,0,0.0
ASSAULT,9,10,Monday,No,0,0,0.0
OFFENSE INVOLVING CHILDREN,10,23,Sunday,Yes,0,0,0.043356051798244095
CRIMINAL SEXUAL ASSAULT,19,22,Saturday,No,0,0,0.0
NARCOTICS,22,21,Saturday,No,1,1,0.92
THEFT,18,16,Wednesday,No,0,0,0.0
BURGLARY,2,20,Sunday,No,0,0,0.0
CRIMINAL DAMAGE,15,4,Thursday,Yes,1,0,0.08
THEFT,1,16,Saturday,No,0,1,0.6710049368979621
DECEPTIVE PRACTICE,14,17,Sunday,No,0,0,0.0
ASSAULT,19,6,Saturday,No,0,0,0.01
THEFT,25,16,Thursday,No,0,0,0.008911490291670168
OTHER OFFENSE,6,9,Sunday,No,0,1,0.64
MOTOR VEHICLE THEFT,3,0,Wednesday,No,0,0,0.0
OTHER OFFENSE,6,7,Friday,Yes,0,0,0.0
BATTERY,7,23,Friday,No,0,0,0.03831566536826793
DECEPTIVE PRACTICE,12,2,Saturday,No,0,0,0.009160780247553625
CRIMINAL SEXUAL ASSAULT,19,2,Tuesday,Yes,0,0,0.15845151261509027
DECEPTIVE PRACTICE,15,13,Monday,No,0,0,0.0
THEFT,1,17,Tuesday,No,0,0,0.29566475321175867
ASSAULT,10,7,Saturday,No,0,0,0.45289903739407605
CRIMINAL DAMAGE,18,16,Monday,No,1,0,0.02845151261509028
DECEPTIVE PRACTICE,14,16,Friday,No,0,0,0.0
THEFT,15,15,Thursday,No,0,0,0.00577073807968648
CRIMINAL SEXUAL ASSAULT,8,2,Saturday,No,0,0,0.01
BATTERY,24,16,Monday,No,0,0,0.028098025512592665
BATTERY,6,13,Monday,Yes,0,1,0.6456222248348169
THEFT,17,19,Sunday,No,1,0,0.0
BATTERY,3,16,Sunday,Yes,0,0,0.39455630918875045
THEFT,1,5,Sunday,No,0,0,0.0
THEFT,6,12,Sunday,No,0,0,0.0
OTHER OFFENSE,5,0,Wednesday,Yes,0,0,0.03845151261509028
BURGLARY,12,8,Saturday,No,0,0,0.0
OTHER OFFENSE,11,18,Friday,No,0,1,0.6471924421025872
ROBBERY,1,19,Wednesday,No,0,0,0.09422225069477676
CRIMINAL DAMAGE,19,14,Tuesday,No,0,0,0.0
THEFT,10,3,Sunday,No,0,0,0.0
BATTERY,1,0,Friday,Yes,0,1,0.5008170329194144
THEFT,5,14,Friday,No,0,1,0.641572519256795
BATTERY,1,23,Tuesday,Yes,0,0,0.4527749172402213
THEFT,1,0,Thursday,No,1,1,0.5121244622981375
BATTERY,5,9,Tuesday,Yes,0,0,0.0
THEFT,20,15,Friday,No,0,0,0.010508569372745665
BURGLARY,14,23,Sunday,No,0,0,0.0
OTHER OFFENSE,8,19,Saturday,No,1,0,0.04845151261509027
BATTERY,9,0,Thursday,Yes,0,1,0.5039065441501474
OTHER OFFENSE,6,10,Thursday,Yes,0,0,0.008451512615090279
ASSAULT,1,17,Monday,No,0,0,0.11630436994534162
THEFT,18,12,Wednesday,No,0,0,0.0
BATTERY,12,16,Sunday,No,1,0,0.04576278674884115
INTERFERENCE WITH PUBLIC OFFICER,11,3,Wednesday,No,1,1,0.93
MOTOR VEHICLE THEFT,1,6,Sunday,No,0,0,0.01
BATTERY,25,1,Thursday,Yes,0,0,0.11784418178791409
DECEPTIVE PRACTICE,17,18,Saturday,No,0,0,0.03703671172570448
ASSAULT,22,10,Saturday,No,0,0,0.04
THEFT,1,17,Tuesday,No,0,0,0.29566475321175867
THEFT,11,14,Saturday,No,0,0,0.0
THEFT,8,6,Thursday,No,0,0,0.0
MOTOR VEHICLE THEFT,12,20,Thursday,No,0,0,0.0
MOTOR VEHICLE THEFT,2,20,Friday,No,0,0,0.0
THEFT,3,11,Thursday,No,0,0,0.007318285359287636
THEFT,18,23,Saturday,No,0,0,0.0
ASSAULT,3,15,Tuesday,No,0,0,0.45594275283735786
MOTOR VEHICLE THEFT,12,9,Sunday,No,0,0,0.0
ASSAULT,11,15,Sunday,No,0,0,0.025903484469901844
THEFT,4,10,Friday,No,0,0,0.4393421947274444
BURGLARY,12,11,Wednesday,No,0,0,0.0
ASSAULT,7,0,Wednesday,No,0,0,0.02
CRIMINAL DAMAGE,5,1,Wednesday,No,0,0,0.0
MOTOR VEHICLE THEFT,3,22,Tuesday,No,0,0,0.0
BATTERY,19,2,Saturday,No,0,0,0.022939085442938132
CRIMINAL DAMAGE,2,4,Saturday,No,0,0,0.0
CRIMINAL DAMAGE,11,2,Friday,Yes,0,0,0.08
THEFT,2,14,Tuesday,No,0,0,0.0
THEFT,12,17,Sunday,No,0,0,0.0
ASSAULT,3,8,Saturday,Yes,0,1,0.7939978561624919
OTHER OFFENSE,10,14,Friday,No,0,0,0.4689106406172425
ASSAULT,6,2,Friday,No,0,0,0.07845151261509027
WEAPONS VIOLATION,4,21,Monday,No,1,0,0.38
CRIMINAL DAMAGE,2,3,Monday,No,0,0,0.0
CRIMINAL DAMAGE,12,14,Tuesday,No,0,0,0.0
ASSAULT,7,21,Wednesday,Yes,0,0,0.0876122928626439
ASSAULT,7,0,Saturday,No,0,0,0.20690302523018056
SEX OFFENSE,6,8,Monday,No,0,0,0.17
BATTERY,24,23,Thursday,Yes,0,0,0.06364572945252878
THEFT,2,14,Thursday,No,0,0,0.0
CRIMINAL DAMAGE,1,9,Saturday,No,0,0,0.23
BATTERY,19,10,Wednesday,No,0,0,0.02490453918315382
OTHER OFFENSE,17,19,Wednesday,Yes,0,0,0.11999204866915467
BURGLARY,12,18,Tuesday,No,0,0,0.008451512615090279
WEAPONS VIOLATION,3,15,Saturday,No,1,1,0.9473100747488118
BATTERY,12,19,Tuesday,No,0,0,0.02
BURGLARY,1,2,Sunday,No,0,0,0.0
THEFT,19,3,Sunday,No,0,0,0.0
OFFENSE INVOLVING CHILDREN,5,0,Friday,Yes,0,0,0.2205131577691522
THEFT,7,15,Wednesday,No,0,1,0.5248825384776474
BURGLARY,8,3,Wednesday,No,0,0,0.0
CRIMINAL SEXUAL ASSAULT,14,12,Tuesday,Yes,0,0,0.03
BATTERY,7,19,Thursday,Yes,0,0,0.49443348673930243
STALKING,1,15,Saturday,No,0,0,0.02845151261509028
BATTERY,10,20,Wednesday,Yes,1,0,0.4773677119365429
WEAPONS VIOLATION,9,20,Monday,No,1,1,0.52
CRIMINAL DAMAGE,3,0,Sunday,No,0,0,0.04054438503754871
THEFT,22,8,Sunday,No,0,0,0.15450642665667055
CRIMINAL DAMAGE,25,11,Wednesday,No,0,0,0.0
ASSAULT,9,4,Sunday,No,0,0,0.05761229286264391
CRIMINAL DAMAGE,5,3,Friday,No,0,0,0.01
CRIMINAL TRESPASS,18,21,Wednesday,No,0,0,0.3463589005593994
THEFT,4,0,Sunday,No,0,0,0.0
OTHER OFFENSE,10,8,Tuesday,No,0,0,0.08
WEAPONS VIOLATION,6,0,Monday,No,0,1,0.7284515126150903
BATTERY,2,8,Wednesday,No,1,0,0.0
BATTERY,3,17,Thursday,No,0,0,0.09974274283291713
BATTERY,5,19,Wednesday,Yes,1,0,0.0
CRIMINAL DAMAGE,1,22,Wednesday,No,0,1,0.5876280864806931
MOTOR VEHICLE THEFT,12,8,Monday,No,0,0,0.0
BURGLARY,18,4,Tuesday,No,0,0,0.0
CRIMINAL TRESPASS,4,16,Saturday,No,0,1,0.513185175977646
NARCOTICS,15,20,Thursday,No,1,1,1.0
BATTERY,9,7,Thursday,Yes,0,1,0.8825168320457978
BATTERY,19,14,Thursday,No,0,0,0.008451512615090279
OTHER OFFENSE,22,14,Monday,No,1,1,0.68
MOTOR VEHICLE THEFT,25,23,Sunday,No,0,0,0.0
THEFT,22,9,Friday,No,0,0,0.02256522056615176
BATTERY,2,21,Monday,No,0,0,0.03688029706152324
CRIMINAL DAMAGE,15,5,Wednesday,Yes,0,0,0.0
STALKING,15,22,Saturday,No,0,0,0.05845151261509028
THEFT,3,14,Sunday,No,0,1,0.66
OTHER OFFENSE,2,22,Sunday,Yes,0,0,0.02
DECEPTIVE PRACTICE,8,17,Tuesday,No,0,0,0.0
NARCOTICS,11,12,Monday,No,1,1,0.9387267675525507
ASSAULT,10,12,Monday,No,0,0,0.46616954018682305
ROBBERY,22,6,Friday,No,0,0,0.42
BATTERY,1,0,Thursday,No,1,0,0.05562581717996978
MOTOR VEHICLE THEFT,25,0,Saturday,No,0,1,0.6159954896037626
BATTERY,15,19,Wednesday,Yes,1,0,0.08661350026575208
ASSAULT,22,13,Monday,No,1,0,0.0
WEAPONS VIOLATION,8,19,Saturday,No,1,1,0.8742213105894683
DECEPTIVE PRACTICE,12,16,Monday,No,0,0,0.0
THEFT,1,13,Sunday,No,0,0,0.4695213403459279
BATTERY,7,7,Wednesday,Yes,0,0,0.01
MOTOR VEHICLE THEFT,18,3,Tuesday,No,0,0,0.022513442302034697
MOTOR VEHICLE THEFT,3,23,Wednesday,No,0,0,0.014636570718575275
THEFT,3,8,Wednesday,No,0,0,0.0047634452082490905
CRIMINAL DAMAGE,3,9,Monday,No,0,0,0.01
THEFT,25,11,Monday,No,0,0,0.0
NARCOTICS,5,11,Tuesday,No,1,1,1.0
BATTERY,4,11,Monday,Yes,0,0,0.03845151261509028
MOTOR VEHICLE THEFT,2,2,Saturday,No,0,0,0.0
ASSAULT,12,13,Saturday,No,0,0,0.0
CRIMINAL DAMAGE,12,10,Friday,No,0,0,0.0
NARCOTICS,8,13,Friday,No,1,1,0.99
WEAPONS VIOLATION,5,7,Thursday,No,0,1,0.648013524317326
THEFT,11,9,Tuesday,No,0,0,0.0
BATTERY,8,7,Wednesday,Yes,0,0,0.12655178258865588
ASSAULT,12,15,Thursday,No,0,0,0.0
THEFT,16,5,Friday,No,0,0,0.01
ASSAULT,12,14,Saturday,No,0,0,0.008451512615090279
MOTOR VEHICLE THEFT,3,8,Friday,No,0,0,0.0
MOTOR VEHICLE THEFT,16,22,Friday,No,0,0,0.0
CRIMINAL DAMAGE,7,11,Friday,No,0,0,0.0
THEFT,14,1,Thursday,No,0,0,0.016903025230180557
CRIMINAL DAMAGE,4,6,Wednesday,No,0,0,0.0
BURGLARY,9,11,Friday,No,0,0,0.27
CRIMINAL TRESPASS,11,10,Sunday,No,1,1,0.5308527412005286
OTHER OFFENSE,25,19,Monday,No,0,1,0.8194780078658437
BATTERY,9,19,Monday,No,0,0,0.0
BATTERY,6,0,Wednesday,No,0,0,0.07913582878708489
BATTERY,5,8,Thursday,No,0,0,0.0
THEFT,12,1,Saturday,No,0,0,0.0
THEFT,18,12,Friday,No,0,1,0.6715666522178222
ASSAULT,3,4,Saturday,No,0,1,0.66
CRIMINAL DAMAGE,10,16,Thursday,Yes,0,0,0.026903025230180556
THEFT,1,19,Friday,No,0,0,0.007080922683898114
THEFT,14,7,Monday,No,0,0,0.01942441886306058
BATTERY,17,4,Saturday,No,0,0,0.06845151261509028
THEFT,10,21,Wednesday,No,1,0,0.00577073807968648
CRIMINAL DAMAGE,17,6,Thursday,No,0,0,0.0
BURGLARY,3,0,Sunday,No,0,0,0.0
MOTOR VEHICLE THEFT,8,18,Saturday,No,0,0,0.48269006314776325
ASSAULT,8,14,Monday,No,0,0,0.025390555898511434
PUBLIC PEACE VIOLATION,6,11,Saturday,No,0,1,0.767612292862644
MOTOR VEHICLE THEFT,4,0,Saturday,No,0,0,0.0
THEFT,10,17,Tuesday,No,0,0,0.3961090216671757
OTHER OFFENSE,6,23,Tuesday,No,1,0,0.43161549371526525
ASSAULT,4,21,Thursday,No,0,0,0.08070037619630945
ASSAULT,8,21,Friday,No,1,0,0.01
CRIMINAL DAMAGE,16,18,Friday,No,0,0,0.025769797974377916
THEFT,2,15,Wednesday,No,0,0,0.0
THEFT,12,11,Tuesday,No,0,0,0.32358802002107917
BATTERY,11,3,Saturday,No,1,0,0.016453026568063543
ASSAULT,22,1,Tuesday,No,0,0,0.035309986245675884
BURGLARY,16,5,Saturday,No,0,0,0.0
WEAPONS VIOLATION,10,7,Tuesday,No,1,0,0.48
THEFT,19,15,Sunday,No,0,0,0.0
CRIMINAL SEXUAL ASSAULT,11,0,Monday,No,0,0,0.0
CRIMINAL DAMAGE,15,18,Thursday,No,0,0,0.04493057822193154
NARCOTICS,12,12,Thursday,No,1,1,0.9791607802475536
THEFT,1,8,Sunday,No,0,0,0.017318285359287637
BURGLARY,17,3,Tuesday,No,0,0,0.05
DECEPTIVE PRACTICE,18,21,Monday,No,0,0,0.026903025230180556
BURGLARY,10,14,Friday,No,0,0,0.0
OTHER OFFENSE,24,16,Friday,No,0,0,0.12828480365202485
BATTERY,7,12,Monday,No,0,1,0.5056316306877924
CRIMINAL DAMAGE,6,5,Monday,No,0,0,0.0
ASSAULT,4,9,Wednesday,No,0,0,0.0409887302641217
CRIMINAL DAMAGE,9,19,Monday,No,0,1,0.5190276548501231
THEFT,1,0,Wednesday,No,0,0,0.0
THEFT,15,13,Friday,Yes,0,0,0.0
CRIMINAL SEXUAL ASSAULT,2,2,Friday,No,0,0,0.008911490291670168
OTHER OFFENSE,1,16,Wednesday,No,1,1,0.5209239773738393
THEFT,2,4,Friday,No,0,0,0.0
BURGLARY,14,1,Wednesday,No,0,0,0.0
CRIMINAL DAMAGE,3,22,Thursday,Yes,0,0,0.0
DECEPTIVE PRACTICE,3,18,Monday,No,0,0,0.10647906560684127
CRIMINAL DAMAGE,5,10,Thursday,No,0,0,0.024930578221931537
CRIMINAL DAMAGE,2,11,Monday,No,0,0,0.0
DECEPTIVE PRACTICE,22,11,Sunday,No,0,0,0.0
CRIMINAL DAMAGE,20,22,Friday,No,0,0,0.0
BATTERY,22,18,Tuesday,No,0,0,0.01759870060460067
ASSAULT,3,13,Thursday,No,1,0,0.017318285359287637
PUBLIC PEACE VIOLATION,2,13,Sunday,No,0,0,0.4870367117257045
MOTOR VEHICLE THEFT,5,11,Saturday,No,0,0,0.0
BATTERY,15,9,Monday,Yes,1,0,0.08271643135880505
CRIMINAL DAMAGE,12,17,Tuesday,No,0,0,0.0
OTHER OFFENSE,1,0,Wednesday,Yes,0,0,0.03083273910536095
THEFT,14,15,Sunday,No,0,0,0.051004088902696545
BATTERY,19,7,Tuesday,No,0,0,0.03860255879111163
SEX OFFENSE,8,12,Friday,No,0,0,0.04
CRIMINAL DAMAGE,3,17,Tuesday,No,0,0,0.02
CRIMINAL DAMAGE,4,15,Wednesday,No,0,0,0.013807426982051549
MOTOR VEHICLE THEFT,12,2,Saturday,No,0,0,0.0
OTHER OFFENSE,10,10,Saturday,No,0,0,0.0
OTHER OFFENSE,5,23,Sunday,No,0,1,0.6857697979743779
ASSAULT,22,17,Sunday,Yes,0,0,0.050099696125900886
CRIMINAL DAMAGE,3,23,Tuesday,No,0,0,0.034221310589468194
ASSAULT,8,18,Tuesday,Yes,0,0,0.02845151261509028
DECEPTIVE PRACTICE,25,12,Wednesday,No,0,0,0.0
MOTOR VEHICLE THEFT,24,18,Saturday,No,0,0,0.0
OTHER OFFENSE,4,17,Sunday,Yes,0,0,0.054904539183153814
WEAPONS VIOLATION,4,0,Saturday,No,1,1,0.933198719633185
THEFT,17,22,Saturday,No,0,0,0.018451512615090277
OTHER OFFENSE,16,2,Wednesday,No,0,0,0.0378441817879141
BURGLARY,17,23,Wednesday,No,0,0,0.007318285359287636
BATTERY,11,6,Sunday,Yes,0,0,0.07411867498634471
BATTERY,2,0,Sunday,Yes,0,0,0.1349968032561579
OTHER OFFENSE,20,0,Saturday,No,0,0,0.0
MOTOR VEHICLE THEFT,19,16,Friday,No,0,0,0.0
CRIMINAL DAMAGE,1,21,Saturday,No,0,0,0.023356051798244102
THEFT,18,16,Saturday,No,0,0,0.0
BATTERY,12,10,Friday,Yes,0,0,0.018451512615090277
ASSAULT,15,20,Friday,Yes,0,0,0.04
CRIMINAL DAMAGE,12,18,Thursday,No,0,0,0.0
CRIMINAL TRESPASS,9,4,Tuesday,No,0,1,0.67
DECEPTIVE PRACTICE,25,0,Monday,No,0,0,0.0
THEFT,18,4,Sunday,No,0,0,0.0
THEFT,4,1,Monday,No,0,0,0.0
THEFT,12,2,Friday,No,0,0,0.3809370207028156
BATTERY,15,1,Saturday,No,0,0,0.14222282454244145
ASSAULT,4,22,Friday,Yes,1,0,0.0767351543869949
DECEPTIVE PRACTICE,19,12,Monday,No,0,0,0.0
DECEPTIVE PRACTICE,6,0,Wednesday,No,0,0,0.0
MOTOR VEHICLE THEFT,8,9,Saturday,No,0,0,0.0
THEFT,6,12,Wednesday,No,0,0,0.0
BATTERY,11,1,Saturday,Yes,0,0,0.4860622412728956
ASSAULT,6,18,Sunday,Yes,1,0,0.09285122724755522
MOTOR VEHICLE THEFT,17,11,Saturday,No,0,0,0.0
BURGLARY,18,2,Monday,No,0,0,0.03
BATTERY,10,11,Friday,No,0,0,0.0
NARCOTICS,15,18,Monday,No,1,1,0.98
CRIMINAL SEXUAL ASSAULT,11,3,Saturday,No,0,0,0.02
BATTERY,8,1,Sunday,Yes,0,1,0.5935572140145584
MOTOR VEHICLE THEFT,12,21,Wednesday,No,0,0,0.0
CRIMINAL DAMAGE,2,2,Wednesday,No,0,0,0.0
THEFT,10,22,Thursday,Yes,0,0,0.017318285359287637
BATTERY,10,3,Friday,Yes,1,1,0.635076690028665
BATTERY,25,23,Friday,Yes,0,0,0.008911490291670168
OTHER OFFENSE,18,8,Monday,No,0,0,0.02
THEFT,6,9,Friday,Yes,0,0,0.01053418328793557
MOTOR VEHICLE THEFT,3,19,Sunday,No,0,0,0.01
THEFT,1,14,Saturday,No,0,0,0.46696212219610245
BURGLARY,5,2,Monday,No,0,0,0.01
THEFT,20,17,Thursday,No,0,0,0.44645090902350687
BURGLARY,16,5,Sunday,No,0,0,0.0
BATTERY,5,8,Friday,Yes,0,0,0.0
CRIMINAL DAMAGE,11,22,Sunday,No,0,0,0.008451512615090279
NARCOTICS,11,18,Friday,No,1,1,1.0
THEFT,16,2,Saturday,No,0,0,0.0
PUBLIC PEACE VIOLATION,1,23,Wednesday,No,0,0,0.05685847363058561
CRIMINAL DAMAGE,25,9,Sunday,No,0,0,0.00577073807968648
DECEPTIVE PRACTICE,24,9,Thursday,No,0,0,0.005218932289743778
BATTERY,6,12,Wednesday,Yes,0,0,0.034130422581413945
CRIMINAL DAMAGE,25,16,Monday,Yes,0,0,0.03
CRIMINAL SEXUAL ASSAULT,16,12,Sunday,No,0,0,0.09845151261509028
MOTOR VEHICLE THEFT,12,19,Monday,No,0,0,0.0
MOTOR VEHICLE THEFT,25,9,Sunday,No,0,0,0.03682083980940864
ASSAULT,4,16,Tuesday,Yes,0,0,0.18
MOTOR VEHICLE THEFT,1,0,Monday,No,0,0,0.024636570718575276
BATTERY,4,2,Monday,No,0,0,0.0
CRIMINAL DAMAGE,10,19,Wednesday,No,0,0,0.0
BATTERY,15,16,Thursday,Yes,0,0,0.078995897652639
THEFT,4,1,Wednesday,No,0,0,0.0
BATTERY,22,22,Saturday,Yes,0,0,0.07854589899052197
BURGLARY,24,19,Saturday,No,0,0,0.0
DECEPTIVE PRACTICE,22,16,Sunday,No,1,0,0.0
BATTERY,7,22,Monday,Yes,0,0,0.2557707380796865
BATTERY,11,21,Monday,No,0,0,0.07362733113294304
OTHER OFFENSE,22,21,Thursday,No,0,1,0.7012580223151725
CRIMINAL TRESPASS,8,17,Friday,No,0,0,0.11
BATTERY,8,14,Wednesday,No,1,0,0.04262313849624552
MOTOR VEHICLE THEFT,9,21,Wednesday,No,0,0,0.0
THEFT,12,10,Sunday,No,0,0,0.01
BATTERY,18,14,Monday,Yes,0,0,0.2567427042223482
MOTOR VEHICLE THEFT,9,17,Saturday,No,0,0,0.0
ASSAULT,6,18,Wednesday,No,0,0,0.17875871343498764
BATTERY,11,13,Tuesday,Yes,0,0,0.4824796657205656
BATTERY,11,1,Friday,No,0,0,0.06120946055077587
THEFT,17,10,Thursday,No,1,0,0.08475195744768779
THEFT,24,0,Thursday,No,1,0,0.0
CRIMINAL DAMAGE,15,12,Friday,No,0,0,0.02
ASSAULT,11,22,Tuesday,No,0,0,0.10647205438130448
BATTERY,2,20,Tuesday,Yes,0,0,0.22308531433250967
THEFT,8,4,Wednesday,No,0,0,0.0
CRIMINAL DAMAGE,12,0,Tuesday,No,0,0,0.0
ASSAULT,1,1,Sunday,No,0,0,0.28718209349701185
CRIMINAL DAMAGE,25,21,Monday,No,0,0,0.0
ASSAULT,9,18,Wednesday,No,0,0,0.09599561292993666
DECEPTIVE PRACTICE,10,16,Friday,No,0,0,0.0
MOTOR VEHICLE THEFT,5,19,Wednesday,No,0,0,0.0
THEFT,18,10,Thursday,No,0,1,0.6816339614970255
BATTERY,12,18,Thursday,No,0,0,0.011671958857807323
THEFT,19,18,Monday,No,0,0,0.0
NARCOTICS,16,19,Tuesday,No,1,1,0.9784515126150903
ASSAULT,11,8,Sunday,Yes,0,0,0.02521893228974378
CRIMINAL DAMAGE,25,10,Saturday,No,0,0,0.0
CRIMINAL DAMAGE,8,19,Thursday,No,0,0,0.0
ASSAULT,3,0,Sunday,Yes,0,0,0.1315477811468495
NARCOTICS,11,9,Saturday,No,1,1,0.9960638054777342
ASSAULT,24,17,Thursday,No,0,0,0.13
THEFT,1,19,Saturday,No,0,0,0.40795765662124966
NARCOTICS,10,11,Thursday,No,1,1,1.0
BATTERY,9,5,Friday,Yes,0,0,0.2
THEFT,17,11,Friday,No,0,0,0.44865095342436484
ASSAULT,1,12,Friday,No,0,1,0.5073182853592876
NARCOTICS,11,11,Thursday,No,1,1,1.0
INTERFERENCE WITH PUBLIC OFFICER,6,21,Tuesday,No,1,1,0.52
MOTOR VEHICLE THEFT,25,5,Wednesday,No,0,0,0.0
ASSAULT,8,9,Monday,No,0,0,0.0
OTHER OFFENSE,7,15,Wednesday,Yes,0,0,0.02
BURGLARY,3,9,Thursday,No,0,0,0.0
CRIMINAL DAMAGE,24,7,Wednesday,No,0,0,0.01521893228974378
CRIMINAL DAMAGE,14,10,Wednesday,No,0,0,0.0
OTHER OFFENSE,7,12,Thursday,No,0,0,0.0
CRIMINAL DAMAGE,3,23,Friday,No,0,0,0.0
THEFT,22,19,Tuesday,No,1,0,0.0
THEFT,7,9,Thursday,No,0,0,0.00577073807968648
THEFT,14,14,Saturday,No,0,1,0.7478635960400202
BATTERY,19,2,Monday,No,0,0,0.4042505455224423
OTHER OFFENSE,6,11,Friday,No,0,0,0.3651798072760246
CRIMINAL SEXUAL ASSAULT,8,12,Saturday,Yes,0,0,0.02845151261509028
NARCOTICS,15,15,Saturday,No,1,1,1.0
OTHER OFFENSE,11,12,Tuesday,Yes,0,0,0.07845151261509029
THEFT,12,9,Friday,No,0,0,0.0
BURGLARY,25,6,Sunday,No,0,0,0.016479065606841262
THEFT,14,15,Friday,No,0,1,0.5196566436692494
MOTOR VEHICLE THEFT,9,16,Saturday,No,0,0,0.0
CRIMINAL DAMAGE,18,1,Tuesday,No,0,0,0.018451512615090277
MOTOR VEHICLE THEFT,2,17,Sunday,No,0,0,0.0078441817879141
ASSAULT,25,9,Wednesday,No,0,0,0.04916078024755363
CRIMINAL DAMAGE,17,12,Tuesday,No,0,0,0.0
ASSAULT,4,23,Wednesday,No,0,0,0.06916078024755362
OTHER OFFENSE,5,20,Wednesday,Yes,0,0,0.4957697979743779
THEFT,3,20,Friday,No,0,0,0.38071305766206637
BATTERY,8,18,Wednesday,Yes,0,1,0.7907334848305385
DECEPTIVE PRACTICE,19,13,Sunday,No,0,0,0.0
OTHER OFFENSE,5,0,Thursday,Yes,0,0,0.044266028136941006
CRIMINAL TRESPASS,18,15,Sunday,No,0,0,0.4311752004468517
BATTERY,11,21,Monday,Yes,0,0,0.01
MOTOR VEHICLE THEFT,12,21,Monday,No,0,0,0.0
BURGLARY,18,4,Thursday,No,0,0,0.01
CRIMINAL DAMAGE,11,22,Tuesday,No,0,0,0.018451512615090277
BATTERY,6,19,Thursday,No,0,1,0.6728390539099633
BATTERY,17,11,Monday,No,1,0,0.009160780247553625
ASSAULT,3,8,Sunday,Yes,0,0,0.04
THEFT,7,17,Tuesday,No,0,0,0.0
THEFT,7,11,Thursday,No,0,0,0.0
CRIMINAL DAMAGE,11,20,Wednesday,No,0,0,0.02
DECEPTIVE PRACTICE,17,11,Monday,No,0,0,0.18375286799359938
THEFT,19,8,Monday,No,0,1,0.5309414794240105
CRIMINAL DAMAGE,3,14,Thursday,No,0,0,0.0
NARCOTICS,6,9,Thursday,No,1,1,0.751072834552228
ASSAULT,6,19,Tuesday,Yes,0,0,0.01
THEFT,16,17,Friday,No,0,0,0.023356051798244102
THEFT,8,10,Saturday,No,0,0,0.005770738079686481
ASSAULT,3,20,Friday,No,0,0,0.01
CRIMINAL TRESPASS,1,11,Wednesday,No,0,1,0.5996276505226305
MOTOR VEHICLE THEFT,14,23,Monday,No,0,0,0.01
THEFT,22,7,Friday,No,0,0,0.06
THEFT,19,7,Friday,No,0,0,0.0
ASSAULT,9,17,Sunday,Yes,0,0,0.03803668890236507
THEFT,10,20,Tuesday,No,0,0,0.006453026568063544
CRIMINAL DAMAGE,1,18,Wednesday,No,0,0,0.0
CRIMINAL DAMAGE,3,15,Sunday,No,0,0,0.0
MOTOR VEHICLE THEFT,20,18,Tuesday,No,0,0,0.0
THEFT,14,19,Thursday,No,0,0,0.024930578221931544
MOTOR VEHICLE THEFT,15,7,Thursday,No,0,0,0.0
THEFT,7,4,Saturday,No,0,0,0.0
THEFT,19,23,Monday,No,0,0,0.0
BURGLARY,12,8,Thursday,No,0,0,0.0
THEFT,19,21,Wednesday,No,0,0,0.0
THEFT,22,15,Thursday,No,0,0,0.0
THEFT,18,17,Friday,No,0,1,0.6050741449325414
INTERFERENCE WITH PUBLIC OFFICER,3,19,Sunday,No,1,1,0.95
CRIMINAL DAMAGE,4,4,Friday,No,0,0,0.0
OTHER OFFENSE,1,15,Thursday,No,0,0,0.0
BATTERY,25,13,Friday,Yes,0,0,0.00942441886306058
THEFT,19,13,Wednesday,No,1,0,0.2136817782033341
CRIMINAL DAMAGE,9,19,Saturday,Yes,0,0,0.0
DECEPTIVE PRACTICE,24,9,Saturday,No,0,0,0.016903025230180557
ROBBERY,10,7,Saturday,Yes,0,0,0.04490453918315382
THEFT,12,12,Thursday,No,0,0,0.47232257136447936
CRIMINAL DAMAGE,11,12,Tuesday,No,0,0,0.0
BATTERY,18,14,Tuesday,No,0,1,0.5553492162409323
THEFT,19,11,Thursday,No,0,0,0.0
NARCOTICS,3,20,Monday,No,1,1,1.0
BATTERY,7,22,Wednesday,Yes,0,1,0.5043918125925082
THEFT,19,16,Tuesday,No,0,0,0.429375228019026
ROBBERY,2,16,Wednesday,No,1,0,0.02521893228974378
DECEPTIVE PRACTICE,19,18,Saturday,No,0,0,0.0
OTHER OFFENSE,4,3,Sunday,Yes,0,0,0.03
THEFT,3,14,Saturday,No,0,0,0.008451512615090279
THEFT,19,6,Thursday,No,0,0,0.0
THEFT,4,11,Tuesday,No,0,0,0.0
BATTERY,6,12,Monday,Yes,0,1,0.5465917873114277
PUBLIC PEACE VIOLATION,18,7,Tuesday,No,0,1,0.5690095602294455
WEAPONS VIOLATION,12,20,Sunday,No,1,1,0.9773182853592877
ROBBERY,8,20,Tuesday,No,0,0,0.04
MOTOR VEHICLE THEFT,12,5,Monday,No,0,0,0.0
BURGLARY,20,4,Friday,No,0,1,0.53
THEFT,4,12,Friday,No,0,0,0.01588087069027917
THEFT,11,6,Friday,No,0,0,0.01
BATTERY,11,19,Tuesday,Yes,0,0,0.01942441886306058
CRIMINAL DAMAGE,6,3,Monday,No,0,0,0.0
NARCOTICS,11,8,Friday,No,1,1,0.9115293016498717
BATTERY,3,15,Sunday,Yes,0,0,0.0374419227800631
ASSAULT,15,19,Sunday,No,0,0,0.01
ASSAULT,8,0,Friday,No,1,0,0.08
OTHER OFFENSE,16,11,Thursday,Yes,0,0,0.11
DECEPTIVE PRACTICE,3,6,Thursday,No,0,0,0.01942441886306058
DECEPTIVE PRACTICE,10,20,Sunday,No,0,0,0.10891149029167017
OTHER OFFENSE,24,16,Friday,Yes,0,0,0.12
ASSAULT,8,12,Tuesday,No,0,0,0.019160780247553626
THEFT,17,10,Saturday,No,0,1,0.543284403787614
ASSAULT,8,15,Monday,No,0,0,0.0
BATTERY,6,19,Saturday,No,0,0,0.016903025230180557
BATTERY,8,19,Sunday,Yes,0,0,0.17923505815601967
NARCOTICS,11,11,Friday,No,1,1,0.9542519069959674
CRIMINAL DAMAGE,3,20,Monday,No,0,0,0.0
THEFT,14,15,Tuesday,No,0,0,0.0
ASSAULT,18,10,Thursday,No,1,0,0.10305325892959859
DECEPTIVE PRACTICE,2,13,Thursday,No,0,0,0.0
CRIMINAL DAMAGE,8,4,Friday,No,0,0,0.0
BATTERY,18,1,Wednesday,Yes,0,0,0.22378861328444802
CRIMINAL TRESPASS,4,16,Thursday,No,0,0,0.08
BATTERY,6,19,Sunday,Yes,1,0,0.06039409284780585
THEFT,19,20,Thursday,No,0,0,0.30779802908406395
CRIMINAL DAMAGE,9,15,Thursday,Yes,0,0,0.01
THEFT,18,11,Tuesday,No,0,0,0.26610819901661215
ROBBERY,11,19,Sunday,No,0,1,0.67
CRIMINAL DAMAGE,8,15,Thursday,Yes,0,0,0.03
THEFT,14,18,Thursday,No,1,1,0.7329963899725486
BATTERY,24,18,Saturday,Yes,0,1,0.5580680323979056
THEFT,19,12,Sunday,No,0,0,0.27574715857962767
THEFT,19,13,Monday,No,1,0,0.27727506567754595
BATTERY,14,15,Wednesday,Yes,1,0,0.03576979797437792
THEFT,19,13,Saturday,No,0,0,0.0
CRIMINAL DAMAGE,24,3,Wednesday,No,0,0,0.0
DECEPTIVE PRACTICE,11,12,Thursday,No,0,0,0.00942441886306058
OTHER OFFENSE,3,19,Sunday,Yes,0,0,0.007318285359287636
NARCOTICS,7,19,Saturday,No,1,1,0.8805238076686784
BATTERY,3,3,Saturday,No,0,0,0.05942441886306058
WEAPONS VIOLATION,3,10,Thursday,No,1,0,0.4289114902916702
CRIMINAL DAMAGE,5,22,Monday,No,0,0,0.007318285359287636
DECEPTIVE PRACTICE,16,12,Tuesday,No,0,0,0.0
BATTERY,7,15,Friday,Yes,0,1,0.6765656082978364
CRIMINAL DAMAGE,2,18,Thursday,No,0,0,0.0
BATTERY,6,15,Friday,Yes,0,0,0.0
CRIMINAL TRESPASS,16,13,Saturday,No,0,1,0.7268214616305516
ROBBERY,8,19,Friday,No,0,0,0.0
MOTOR VEHICLE THEFT,17,23,Sunday,No,0,0,0.0
CRIMINAL DAMAGE,2,15,Friday,Yes,0,0,0.03
BATTERY,17,14,Tuesday,Yes,0,0,0.22986115644386307
THEFT,1,15,Sunday,No,1,0,0.0
DECEPTIVE PRACTICE,15,19,Saturday,No,0,1,0.5169030252301805
BATTERY,22,10,Thursday,Yes,1,1,0.547096852991499
THEFT,20,14,Sunday,No,0,0,0.0
ASSAULT,14,18,Wednesday,No,0,0,0.02
BATTERY,8,23,Wednesday,Yes,1,0,0.04
MOTOR VEHICLE THEFT,14,14,Monday,No,0,0,0.01
MOTOR VEHICLE THEFT,25,3,Monday,No,0,0,0.0
THEFT,1,7,Friday,No,0,0,0.0
OTHER OFFENSE,5,9,Tuesday,No,0,0,0.39
THEFT,19,18,Friday,No,0,0,0.05150185563149652
MOTOR VEHICLE THEFT,6,8,Thursday,No,0,0,0.0
OFFENSE INVOLVING CHILDREN,2,17,Wednesday,Yes,0,0,0.01
ROBBERY,18,2,Thursday,Yes,0,0,0.01
THEFT,1,18,Thursday,No,0,0,0.3358845677575841
CRIMINAL TRESPASS,24,9,Thursday,No,0,0,0.06916078024755362
BURGLARY,12,19,Monday,No,0,0,0.0
DECEPTIVE PRACTICE,7,0,Thursday,No,0,0,0.0
BATTERY,6,4,Sunday,No,0,0,0.05
BATTERY,25,15,Tuesday,No,0,0,0.013089023438974117
THEFT,8,18,Monday,No,0,0,0.34650805491180187
BATTERY,15,9,Friday,No,0,0,0.0
THEFT,8,11,Friday,No,0,0,0.34488666322601164
ASSAULT,2,10,Monday,No,0,0,0.01
BATTERY,14,22,Saturday,No,0,0,0.2466886106168092
CRIMINAL DAMAGE,3,16,Monday,No,0,0,0.0
CRIMINAL DAMAGE,12,18,Friday,No,0,0,0.018451512615090277
CRIMINAL DAMAGE,7,0,Saturday,No,0,1,0.758725979202713
NARCOTICS,8,20,Tuesday,No,1,1,1.0
DECEPTIVE PRACTICE,11,15,Monday,No,0,0,0.0
BATTERY,8,11,Thursday,Yes,0,1,0.5190905457961807
DECEPTIVE PRACTICE,18,13,Friday,No,0,0,0.05760340142649002
ASSAULT,20,18,Tuesday,Yes,0,0,0.09576979797437792
STALKING,15,19,Wednesday,No,0,0,0.02845151261509028
OTHER OFFENSE,4,3,Sunday,Yes,1,0,0.03
BATTERY,12,15,Saturday,Yes,0,0,0.01
THEFT,22,12,Monday,No,0,0,0.0
BATTERY,3,16,Sunday,No,0,0,0.4081756612445123
THEFT,17,15,Saturday,No,1,1,0.6944877781043993
BATTERY,7,7,Sunday,Yes,0,0,0.01
ASSAULT,6,20,Friday,No,0,0,0.02
MOTOR VEHICLE THEFT,11,17,Thursday,No,1,0,0.0
THEFT,7,20,Friday,Yes,0,0,0.0
NARCOTICS,10,15,Thursday,No,1,1,1.0
BURGLARY,6,19,Sunday,No,0,0,0.01
WEAPONS VIOLATION,25,23,Sunday,No,0,1,0.6740913584694852
CRIMINAL TRESPASS,11,0,Sunday,No,0,0,0.12845151261509027
THEFT,19,1,Sunday,No,0,0,0.0
ASSAULT,5,7,Friday,Yes,0,0,0.09
HOMICIDE,20,4,Saturday,No,0,0,0.37
THEFT,12,12,Thursday,No,0,0,0.47232257136447936
BATTERY,9,4,Saturday,Yes,1,1,0.9
CRIMINAL DAMAGE,15,10,Friday,No,0,0,0.0
THEFT,2,11,Monday,Yes,0,0,0.03
CRIMINAL DAMAGE,5,3,Monday,No,0,0,0.0
DECEPTIVE PRACTICE,11,0,Tuesday,No,0,0,0.01
DECEPTIVE PRACTICE,22,10,Friday,No,0,0,0.0
ASSAULT,4,0,Sunday,No,0,0,0.08
MOTOR VEHICLE THEFT,18,22,Thursday,No,0,0,0.0
BATTERY,1,10,Tuesday,Yes,0,0,0.0495620117022356
THEFT,22,15,Thursday,Yes,0,0,0.04
BURGLARY,4,19,Friday,No,0,0,0.0
CRIMINAL DAMAGE,5,3,Monday,No,0,0,0.0
MOTOR VEHICLE THEFT,9,22,Friday,No,0,0,0.0
CRIMINAL TRESPASS,8,3,Saturday,No,1,0,0.479852357336401
BATTERY,24,20,Monday,Yes,1,0,0.14826298435064042
THEFT,16,12,Friday,No,0,0,0.0
THEFT,18,13,Sunday,No,0,0,0.22447444206966677
MOTOR VEHICLE THEFT,19,17,Tuesday,No,0,0,0.0
MOTOR VEHICLE THEFT,8,13,Wednesday,No,0,0,0.3906280782643507
DECEPTIVE PRACTICE,14,20,Saturday,No,0,0,0.03
BURGLARY,4,10,Wednesday,No,0,0,0.0
MOTOR VEHICLE THEFT,15,0,Monday,No,0,0,0.0
CRIMINAL DAMAGE,5,0,Sunday,No,0,0,0.012906053136127088
CRIMINAL TRESPASS,6,17,Monday,No,0,0,0.26845151261509026
THEFT,9,22,Monday,No,0,1,0.5270539885260065
BATTERY,3,13,Saturday,Yes,0,1,0.6425519105195597
BATTERY,14,19,Tuesday,No,0,0,0.11916078024755362
THEFT,12,8,Wednesday,No,0,0,0.0
ASSAULT,4,11,Sunday,No,0,0,0.02377131192735118
THEFT,10,16,Saturday,No,0,0,0.1468584736305856
BATTERY,9,20,Tuesday,Yes,0,0,0.0
CRIMINAL DAMAGE,22,5,Friday,No,0,0,0.0
ASSAULT,22,14,Thursday,No,0,0,0.05274872097106792
THEFT,17,21,Saturday,No,0,0,0.0
CRIMINAL DAMAGE,9,3,Tuesday,No,0,0,0.02845151261509028
MOTOR VEHICLE THEFT,25,1,Monday,No,0,0,0.016453026568063543
THEFT,1,20,Friday,No,0,0,0.3908611756816049
MOTOR VEHICLE THEFT,7,1,Saturday,No,0,0,0.03
BATTERY,6,20,Wednesday,Yes,0,0,0.0
BURGLARY,4,6,Wednesday,No,0,0,0.0
DECEPTIVE PRACTICE,3,14,Wednesday,No,0,0,0.0
BATTERY,12,8,Tuesday,No,0,0,0.0
CRIMINAL DAMAGE,4,20,Tuesday,Yes,0,0,0.0
BATTERY,10,1,Sunday,Yes,0,1,0.5782269663988743
OTHER OFFENSE,15,17,Tuesday,No,0,0,0.07442294352065625
ROBBERY,9,21,Friday,No,0,0,0.10431435595860147
NARCOTICS,10,20,Sunday,No,1,1,0.9612164717763126
DECEPTIVE PRACTICE,4,0,Friday,No,0,0,0.0
BATTERY,11,8,Tuesday,Yes,0,0,0.47846038167246646
OTHER OFFENSE,17,8,Friday,Yes,0,0,0.39472859693424556
CRIMINAL DAMAGE,2,2,Tuesday,No,0,0,0.0
NARCOTICS,11,12,Thursday,No,1,1,0.921351010223006
STALKING,8,0,Wednesday,Yes,0,0,0.06521893228974378
CRIMINAL DAMAGE,9,22,Saturday,No,0,0,0.0
CRIMINAL DAMAGE,15,1,Tuesday,No,0,0,0.0
MOTOR VEHICLE THEFT,3,18,Monday,No,0,0,0.0
THEFT,8,15,Tuesday,No,0,0,0.00803668890236507
NARCOTICS,11,14,Friday,No,1,1,1.0
CRIMINAL DAMAGE,22,21,Thursday,No,0,0,0.0
BATTERY,4,21,Monday,Yes,0,0,0.10516246714720175
CRIMINAL SEXUAL ASSAULT,24,0,Monday,Yes,0,0,0.05338209083702182
BATTERY,6,8,Wednesday,No,0,0,0.009646512897502388
MOTOR VEHICLE THEFT,19,0,Saturday,No,0,0,0.0
MOTOR VEHICLE THEFT,14,19,Saturday,No,0,0,0.0
CRIMINAL DAMAGE,6,16,Saturday,Yes,0,0,0.08491654954750644
THEFT,7,9,Friday,No,0,0,0.0
CRIMINAL TRESPASS,24,16,Tuesday,No,1,1,0.66
OTHER OFFENSE,25,0,Friday,Yes,0,0,0.17338209083702183
WEAPONS VIOLATION,15,19,Tuesday,No,1,1,0.99
BURGLARY,6,13,Tuesday,No,0,0,0.01
DECEPTIVE PRACTICE,19,8,Tuesday,No,0,0,0.009160780247553625
THEFT,14,18,Sunday,No,0,1,0.6641074157025132
THEFT,20,7,Tuesday,No,0,0,0.009160780247553625
THEFT,14,20,Wednesday,No,0,0,0.0
BURGLARY,20,0,Tuesday,No,0,0,0.05
DECEPTIVE PRACTICE,24,17,Wednesday,No,0,0,0.0
THEFT,19,14,Tuesday,No,0,0,0.15442673025403003
THEFT,1,9,Monday,No,1,0,0.0
ASSAULT,17,14,Friday,Yes,1,0,0.44439497372331965
MOTOR VEHICLE THEFT,12,23,Wednesday,No,0,0,0.0
THEFT,19,16,Sunday,No,1,0,0.37319791845712763
DECEPTIVE PRACTICE,15,0,Monday,No,0,0,0.016453026568063543
THEFT,17,12,Tuesday,No,0,0,0.0
THEFT,1,14,Tuesday,No,0,0,0.3586448525956545
MOTOR VEHICLE THEFT,5,11,Thursday,No,0,0,0.03226754208991427
CRIMINAL DAMAGE,8,19,Tuesday,No,0,0,0.0
CRIMINAL DAMAGE,9,15,Saturday,No,0,0,0.009160780247553625
BATTERY,25,13,Sunday,No,0,0,0.1636890901133491
OTHER OFFENSE,9,22,Sunday,Yes,1,0,0.4184515126150903
BURGLARY,22,2,Thursday,No,0,0,0.05
MOTOR VEHICLE THEFT,8,8,Sunday,No,0,0,0.0
THEFT,9,18,Tuesday,No,0,1,0.6260279613242998
BURGLARY,1,15,Sunday,No,0,0,0.01
CRIMINAL DAMAGE,2,23,Friday,No,0,0,0.0
BATTERY,22,7,Thursday,No,0,0,0.04
BURGLARY,12,19,Friday,No,0,0,0.0
THEFT,14,17,Wednesday,No,0,0,0.0
CRIMINAL DAMAGE,25,8,Sunday,No,0,0,0.0
CRIMINAL TRESPASS,4,13,Thursday,No,0,0,0.140533243182627
NARCOTICS,11,18,Friday,No,1,1,1.0
THEFT,12,6,Monday,No,0,0,0.0
OTHER OFFENSE,17,8,Tuesday,Yes,0,0,0.5
BATTERY,7,8,Friday,Yes,1,1,0.5349781684236778
BATTERY,1,22,Sunday,No,0,0,0.06247206603748143
MOTOR VEHICLE THEFT,10,18,Thursday,No,0,0,0.02845151261509028
DECEPTIVE PRACTICE,5,22,Monday,No,0,0,0.01
THEFT,6,15,Saturday,No,0,1,0.5466018838527651
BATTERY,6,3,Friday,No,0,1,0.6588680369099038
NARCOTICS,11,8,Saturday,No,1,1,0.7311987606561366
ASSAULT,6,21,Wednesday,Yes,0,0,0.06
THEFT,16,14,Monday,No,0,0,0.0
OTHER OFFENSE,7,19,Thursday,Yes,0,0,0.0495620117022356
BURGLARY,1,13,Saturday,No,0,0,0.0
THEFT,18,14,Monday,No,0,1,0.6190967618113811
BATTERY,16,15,Monday,No,0,0,0.3349045391831538
OTHER OFFENSE,22,16,Wednesday,No,0,0,0.38153959594875586
THEFT,25,6,Wednesday,No,0,0,0.007318285359287636
MOTOR VEHICLE THEFT,8,22,Thursday,No,0,0,0.0
CRIMINAL DAMAGE,12,22,Saturday,No,0,0,0.0
DECEPTIVE PRACTICE,19,18,Sunday,No,0,0,0.0
OTHER OFFENSE,2,15,Tuesday,Yes,0,0,0.01
CRIMINAL SEXUAL ASSAULT,25,20,Saturday,Yes,0,0,0.04
BATTERY,2,11,Friday,Yes,0,0,0.4690994363853354
BATTERY,11,19,Sunday,Yes,0,0,0.15519866714080308
HOMICIDE,5,21,Monday,No,0,0,0.11
THEFT,15,9,Friday,No,0,0,0.03169936761305321
BATTERY,15,5,Sunday,Yes,0,1,0.5918888067885162
THEFT,10,17,Sunday,No,0,1,0.7030631140776579
DECEPTIVE PRACTICE,19,16,Sunday,No,0,0,0.0
BATTERY,25,0,Monday,Yes,0,1,0.5666340622897692
BATTERY,10,11,Wednesday,No,1,1,0.5720211775115036
DECEPTIVE PRACTICE,9,14,Monday,No,0,0,0.01
CRIMINAL SEXUAL ASSAULT,22,0,Tuesday,No,0,0,0.35
INTERFERENCE WITH PUBLIC OFFICER,6,8,Monday,No,1,1,0.79
BATTERY,7,23,Monday,Yes,0,0,0.02
BATTERY,14,17,Tuesday,No,0,0,0.02
BATTERY,25,19,Wednesday,Yes,0,1,0.5089159740464377
ASSAULT,7,14,Thursday,No,0,0,0.04632744409324114
ASSAULT,19,22,Saturday,No,0,0,0.023670444904834057
THEFT,19,17,Monday,No,0,0,0.0
MOTOR VEHICLE THEFT,24,15,Thursday,No,0,0,0.0
CRIMINAL DAMAGE,2,0,Wednesday,No,0,0,0.0
BATTERY,5,19,Monday,Yes,0,0,0.023195730790411758
BURGLARY,20,9,Wednesday,No,0,0,0.1372499143239924
DECEPTIVE PRACTICE,18,9,Monday,No,0,0,0.0
THEFT,25,3,Thursday,No,0,0,0.0
OTHER OFFENSE,17,1,Wednesday,No,0,0,0.3350960260192383
DECEPTIVE PRACTICE,14,13,Sunday,No,0,0,0.009160780247553625
BATTERY,15,10,Friday,No,0,0,0.01
CRIMINAL DAMAGE,12,13,Monday,No,0,0,0.0
ASSAULT,17,19,Saturday,No,0,0,0.0
CRIMINAL DAMAGE,12,14,Wednesday,No,0,0,0.0
NARCOTICS,11,12,Monday,No,1,1,0.9387267675525507
BATTERY,24,18,Wednesday,No,0,0,0.3991480753662075
THEFT,19,18,Wednesday,No,0,0,0.2963316189633804
ASSAULT,4,4,Saturday,No,0,0,0.0778441817879141
ASSAULT,4,16,Saturday,Yes,0,0,0.0
OTHER OFFENSE,16,10,Saturday,No,0,0,0.02401079720251549
BATTERY,15,8,Friday,Yes,0,0,0.09569489014295227
THEFT,2,0,Wednesday,No,0,0,0.00803668890236507
THEFT,19,10,Monday,No,0,0,0.41968727567730413
BATTERY,4,22,Tuesday,Yes,1,1,0.96
BATTERY,5,21,Saturday,Yes,0,0,0.01
BURGLARY,14,21,Wednesday,No,0,0,0.0
MOTOR VEHICLE THEFT,4,19,Tuesday,No,0,0,0.0
NARCOTICS,3,17,Thursday,No,1,1,1.0
DECEPTIVE PRACTICE,20,12,Tuesday,No,0,0,0.0
WEAPONS VIOLATION,6,16,Thursday,No,1,1,0.9580273610498292
CRIMINAL SEXUAL ASSAULT,4,10,Sunday,No,0,0,0.0
BATTERY,2,19,Sunday,Yes,1,0,0.07760340142649001
BATTERY,19,12,Sunday,No,0,0,0.022831225152387686
THEFT,2,17,Wednesday,No,0,0,0.0
CRIMINAL TRESPASS,2,21,Sunday,No,1,0,0.06422131058946819
MOTOR VEHICLE THEFT,9,19,Sunday,No,0,0,0.02845151261509028
OTHER OFFENSE,8,12,Wednesday,No,0,0,0.026903025230180556
CRIMINAL TRESPASS,3,19,Sunday,Yes,1,0,0.12731828535928763
BATTERY,15,12,Sunday,Yes,0,0,0.0
THEFT,2,15,Thursday,No,1,0,0.0
CRIMINAL TRESPASS,1,6,Monday,No,0,1,0.6689715003775185
BURGLARY,12,10,Saturday,No,0,0,0.0
CRIMINAL DAMAGE,6,20,Monday,No,0,0,0.014222250694776757
BATTERY,6,2,Tuesday,Yes,0,0,0.0
BATTERY,6,9,Sunday,No,1,0,0.0
OFFENSE INVOLVING CHILDREN,6,16,Monday,Yes,0,0,0.0
THEFT,8,14,Tuesday,No,0,0,0.06137927494092349
THEFT,19,15,Friday,No,0,1,0.5894389193553231
BURGLARY,3,17,Monday,No,0,0,0.0
CRIMINAL DAMAGE,9,2,Wednesday,No,0,0,0.0
PROSTITUTION,11,20,Thursday,No,1,1,0.9873182853592877
OFFENSE INVOLVING CHILDREN,25,0,Thursday,Yes,0,0,0.01
BURGLARY,20,22,Wednesday,No,0,0,0.01
CRIMINAL DAMAGE,3,17,Wednesday,No,0,0,0.03
THEFT,2,0,Sunday,No,0,0,0.0
THEFT,17,15,Wednesday,No,1,0,0.038768434310888125
BURGLARY,17,5,Tuesday,No,0,0,0.13845151261509028
MOTOR VEHICLE THEFT,4,5,Friday,No,0,0,0.04278047066130468
ASSAULT,19,11,Tuesday,No,0,0,0.02
MOTOR VEHICLE THEFT,12,10,Saturday,No,0,0,0.0
CRIMINAL DAMAGE,18,4,Monday,No,0,0,0.0
CRIMINAL DAMAGE,4,16,Thursday,No,0,0,0.040472453392877625
BATTERY,2,19,Friday,Yes,0,1,0.5902005831432807
THEFT,1,13,Monday,No,0,0,0.3683731852258805
THEFT,22,19,Monday,No,0,0,0.09308902343897411
WEAPONS VIOLATION,4,13,Wednesday,No,0,1,0.87
CRIMINAL DAMAGE,8,18,Monday,No,0,1,0.6757863542611682
MOTOR VEHICLE THEFT,3,20,Friday,No,0,0,0.018019066400357938
MOTOR VEHICLE THEFT,15,20,Tuesday,No,1,0,0.0
BATTERY,3,23,Tuesday,Yes,0,1,0.6828911719218965
MOTOR VEHICLE THEFT,5,23,Saturday,No,0,0,0.0
WEAPONS VIOLATION,7,12,Friday,No,0,1,0.98
MOTOR VEHICLE THEFT,3,6,Tuesday,No,0,0,0.0
THEFT,3,23,Wednesday,No,0,0,0.0
CRIMINAL TRESPASS,1,14,Saturday,No,1,1,0.7849536960833806
BATTERY,2,8,Saturday,Yes,0,0,0.1537833222917038
BURGLARY,12,4,Saturday,No,0,0,0.0
DECEPTIVE PRACTICE,18,14,Thursday,No,0,1,0.9262120415031689
ASSAULT,25,9,Tuesday,No,0,0,0.14804603248872886
ASSAULT,3,10,Tuesday,Yes,0,0,0.0
CRIMINAL DAMAGE,2,0,Saturday,No,0,0,0.351979055856826
BATTERY,11,20,Thursday,Yes,0,1,0.6562188255943384
BATTERY,25,9,Sunday,Yes,0,1,0.6520837794755198
DECEPTIVE PRACTICE,1,14,Tuesday,No,0,0,0.0
MOTOR VEHICLE THEFT,3,19,Thursday,No,0,0,0.0
BATTERY,3,8,Wednesday,No,0,0,0.061677612293351364
INTERFERENCE WITH PUBLIC OFFICER,5,19,Tuesday,No,1,1,0.93
OTHER OFFENSE,18,16,Tuesday,Yes,0,0,0.0
CRIMINAL DAMAGE,7,10,Tuesday,Yes,0,0,0.0
CRIMINAL DAMAGE,25,17,Sunday,No,0,0,0.008451512615090279
BATTERY,10,17,Wednesday,No,0,0,0.09085616645968354
THEFT,18,13,Monday,No,0,0,0.41372162656154143
BURGLARY,19,7,Thursday,No,0,0,0.0
OTHER OFFENSE,1,14,Sunday,No,0,0,0.01
NARCOTICS,10,15,Saturday,No,1,1,1.0
BATTERY,12,11,Friday,Yes,0,0,0.04577073807968648
BURGLARY,25,6,Tuesday,No,0,0,0.03
BURGLARY,19,17,Saturday,No,0,0,0.01
OTHER OFFENSE,25,8,Saturday,Yes,0,0,0.03
THEFT,12,14,Friday,No,0,0,0.4167830314331274
ASSAULT,9,19,Monday,Yes,0,0,0.01
MOTOR VEHICLE THEFT,8,19,Thursday,No,0,0,0.0
THEFT,6,15,Monday,No,0,0,0.44264094483468447
MOTOR VEHICLE THEFT,7,5,Friday,No,0,0,0.03
MOTOR VEHICLE THEFT,18,3,Sunday,No,0,0,0.0
ASSAULT,3,12,Monday,Yes,1,0,0.0
THEFT,17,8,Tuesday,No,1,0,0.006453026568063544
BATTERY,6,0,Sunday,Yes,0,1,0.5013877901630037
BATTERY,12,2,Thursday,No,0,0,0.05338209083702182
MOTOR VEHICLE THEFT,4,1,Saturday,No,0,0,0.0
BATTERY,12,10,Thursday,Yes,0,0,0.05
THEFT,24,16,Tuesday,No,0,0,0.4521153167549301
BATTERY,15,9,Thursday,No,0,1,0.5967779418325105
ASSAULT,22,16,Sunday,No,0,1,0.5784515126150903
BATTERY,8,3,Monday,No,0,0,0.02
MOTOR VEHICLE THEFT,1,23,Tuesday,No,0,0,0.018451512615090277
MOTOR VEHICLE THEFT,5,22,Saturday,No,0,0,0.0
THEFT,5,19,Friday,Yes,0,0,0.11137379172341007
ASSAULT,15,21,Saturday,No,0,0,0.02
CRIMINAL DAMAGE,20,10,Friday,No,0,0,0.0
MOTOR VEHICLE THEFT,18,0,Saturday,No,0,0,0.0
THEFT,3,16,Friday,No,0,0,0.0
OTHER OFFENSE,16,18,Saturday,No,0,0,0.024065319430707447
BATTERY,2,16,Saturday,No,0,0,0.0
BATTERY,10,7,Monday,Yes,0,1,0.5075187138393001
ASSAULT,16,11,Thursday,No,0,0,0.16650995221953913
CRIMINAL TRESPASS,7,18,Tuesday,No,1,0,0.25
THEFT,12,2,Thursday,No,0,0,0.423906773158481
ASSAULT,6,12,Wednesday,No,1,1,0.5292950201887314
BATTERY,20,13,Monday,No,0,1,0.89
CRIMINAL SEXUAL ASSAULT,1,2,Sunday,No,0,0,0.0
THEFT,16,6,Saturday,No,0,0,0.02
DECEPTIVE PRACTICE,7,11,Thursday,No,0,0,0.01
BATTERY,1,18,Friday,No,1,0,0.013089023438974117
BURGLARY,5,20,Wednesday,No,0,0,0.008451512615090279
CRIMINAL TRESPASS,6,16,Sunday,No,0,0,0.2749026154397742
THEFT,6,13,Thursday,No,0,0,0.004055542804682121
OFFENSE INVOLVING CHILDREN,19,16,Monday,Yes,0,0,0.0378441817879141
CRIMINAL TRESPASS,14,9,Saturday,No,1,0,0.3384515126150903
ASSAULT,8,7,Wednesday,No,1,0,0.02
OTHER OFFENSE,6,18,Saturday,No,0,0,0.02845151261509028
BATTERY,17,12,Saturday,Yes,0,0,0.01
ROBBERY,18,20,Thursday,No,0,0,0.13
CRIMINAL DAMAGE,8,4,Friday,Yes,0,0,0.49542818802101357
CRIMINAL DAMAGE,22,20,Thursday,No,0,0,0.0
THEFT,12,1,Tuesday,No,0,0,0.009160780247553625
BURGLARY,15,3,Sunday,No,0,0,0.01
BATTERY,9,0,Friday,No,0,0,0.1980039196250117
BATTERY,6,10,Thursday,No,0,0,0.19
DECEPTIVE PRACTICE,11,14,Thursday,No,0,0,0.0
ASSAULT,10,21,Monday,Yes,0,0,0.08
THEFT,19,17,Wednesday,No,0,0,0.3905943874761009
THEFT,11,9,Saturday,No,0,0,0.015769797974377914
DECEPTIVE PRACTICE,6,18,Friday,No,0,0,0.007318285359287636
CRIMINAL DAMAGE,18,17,Saturday,No,0,0,0.0
DECEPTIVE PRACTICE,8,9,Monday,No,0,0,0.0
MOTOR VEHICLE THEFT,7,12,Monday,No,0,0,0.1061121939980882
CRIMINAL TRESPASS,6,11,Wednesday,No,1,0,0.057844181787914103
THEFT,4,17,Wednesday,No,0,0,0.0
ROBBERY,25,10,Friday,No,0,0,0.03
BURGLARY,15,1,Sunday,No,0,0,0.0
OTHER OFFENSE,2,9,Tuesday,Yes,0,0,0.02688029706152324
MOTOR VEHICLE THEFT,6,9,Tuesday,No,0,0,0.0
THEFT,16,6,Friday,No,0,0,0.01
MOTOR VEHICLE THEFT,22,12,Monday,No,0,0,0.0
BURGLARY,25,18,Saturday,No,0,0,0.0
ROBBERY,11,15,Saturday,No,0,0,0.015877445431124123
CRIMINAL DAMAGE,12,6,Thursday,No,0,0,0.0
BATTERY,11,23,Friday,Yes,1,0,0.04278047066130467
OTHER OFFENSE,18,22,Saturday,Yes,0,0,0.04
ASSAULT,6,15,Monday,No,1,0,0.4515834842451534
CRIMINAL DAMAGE,12,20,Wednesday,No,0,0,0.0
NARCOTICS,6,10,Monday,No,1,1,0.97
OTHER OFFENSE,3,0,Monday,Yes,0,1,0.6945153180928245
ASSAULT,15,21,Saturday,Yes,1,0,0.02
BATTERY,2,20,Wednesday,No,1,0,0.0
CRIMINAL DAMAGE,2,21,Saturday,No,0,0,0.0
THEFT,2,6,Monday,No,0,0,0.0
MOTOR VEHICLE THEFT,4,22,Saturday,No,0,0,0.0
OTHER OFFENSE,16,17,Friday,Yes,0,0,0.07
BATTERY,10,21,Wednesday,Yes,1,0,0.4793730617361059
MOTOR VEHICLE THEFT,12,0,Saturday,No,0,0,0.0
ASSAULT,4,6,Tuesday,No,0,0,0.2312085204454673
MOTOR VEHICLE THEFT,25,19,Tuesday,No,0,0,0.0
THEFT,19,14,Wednesday,No,0,0,0.4610422509309795
CRIMINAL DAMAGE,6,15,Saturday,No,0,0,0.03422225069477676
OTHER OFFENSE,7,14,Monday,No,0,0,0.06576979797437792
ASSAULT,22,0,Sunday,Yes,0,0,0.07
BATTERY,6,10,Thursday,Yes,1,0,0.11652527213327339
ASSAULT,22,18,Thursday,Yes,0,0,0.06963323364043124
BATTERY,7,9,Friday,No,0,0,0.10527039085106962
ASSAULT,8,15,Saturday,No,1,0,0.02
BURGLARY,7,11,Thursday,No,0,0,0.02731828535928764
ASSAULT,25,15,Monday,Yes,0,0,0.04599413646979264
THEFT,12,17,Wednesday,No,1,0,0.0
THEFT,24,7,Tuesday,No,0,0,0.2823479936263001
BATTERY,5,19,Wednesday,Yes,0,0,0.0
BURGLARY,4,15,Friday,No,0,0,0.0
MOTOR VEHICLE THEFT,25,2,Sunday,No,0,1,0.7199144192790351
OTHER OFFENSE,14,19,Tuesday,No,0,0,0.13845151261509028
CRIMINAL DAMAGE,3,12,Wednesday,No,0,0,0.0
BATTERY,22,15,Thursday,No,0,0,0.12970229232728372
INTIMIDATION,4,16,Friday,No,0,0,0.02
OTHER OFFENSE,14,10,Wednesday,Yes,0,0,0.04180756441333438
THEFT,6,17,Monday,No,0,0,0.04216334494330012
THEFT,12,23,Monday,No,0,0,0.0
THEFT,12,15,Tuesday,No,0,0,0.28764529560728613
THEFT,5,0,Saturday,No,0,0,0.0
THEFT,6,8,Thursday,No,0,0,0.0
THEFT,2,7,Thursday,No,0,1,0.526257944661285
THEFT,4,4,Tuesday,No,0,0,0.00577073807968648
THEFT,2,19,Tuesday,No,0,0,0.4075871573255595
OTHER OFFENSE,6,21,Wednesday,Yes,0,0,0.24507809494314983
STALKING,18,21,Tuesday,No,0,0,0.02
MOTOR VEHICLE THEFT,25,18,Saturday,No,0,0,0.0
THEFT,5,13,Monday,No,0,0,0.0
THEFT,8,18,Wednesday,No,0,0,0.0
CRIMINAL DAMAGE,10,1,Saturday,No,0,0,0.00942441886306058
CRIMINAL DAMAGE,12,1,Saturday,No,0,0,0.0
OTHER OFFENSE,6,14,Monday,No,0,0,0.4430611709199006
ROBBERY,8,3,Wednesday,No,0,0,0.009160780247553625
CRIMINAL TRESPASS,1,17,Wednesday,No,1,1,0.564354997084992
THEFT,18,19,Thursday,No,0,0,0.478234103445908
THEFT,18,11,Friday,No,0,0,0.4287815836515632
BATTERY,10,10,Wednesday,No,0,0,0.44619523393531757
BURGLARY,17,19,Wednesday,No,0,0,0.0
CRIMINAL TRESPASS,19,15,Friday,Yes,1,0,0.01
THEFT,1,18,Thursday,No,1,0,0.3358845677575841
CRIMINAL DAMAGE,4,7,Tuesday,No,0,0,0.0
THEFT,20,22,Thursday,No,0,0,0.01
MOTOR VEHICLE THEFT,8,18,Saturday,No,0,0,0.48269006314776325
DECEPTIVE PRACTICE,2,0,Monday,No,0,0,0.0
MOTOR VEHICLE THEFT,2,12,Monday,No,0,0,0.0
OTHER OFFENSE,25,14,Thursday,No,0,0,0.04
CRIMINAL DAMAGE,25,19,Sunday,No,0,0,0.22033792175502265
CRIMINAL DAMAGE,6,7,Tuesday,No,0,0,0.018451512615090277
CRIMINAL DAMAGE,6,7,Saturday,No,0,0,0.0
BATTERY,4,22,Wednesday,Yes,1,0,0.36004450019803763
ASSAULT,6,8,Monday,No,1,0,0.02845151261509028
BATTERY,18,2,Sunday,No,1,1,0.6178692116025059
ASSAULT,15,11,Tuesday,No,0,0,0.08276287973091857
BATTERY,16,3,Friday,Yes,0,1,0.6485461067503661
MOTOR VEHICLE THEFT,18,1,Saturday,No,0,0,0.006858473630585608
BATTERY,10,13,Saturday,No,0,0,0.4053840213348605
INTERFERENCE WITH PUBLIC OFFICER,22,12,Saturday,No,0,1,0.6
ROBBERY,25,18,Saturday,No,0,0,0.02
LIQUOR LAW VIOLATION,17,4,Sunday,No,1,1,0.7137713119273512
MOTOR VEHICLE THEFT,5,5,Tuesday,No,0,0,0.0
ASSAULT,25,6,Wednesday,No,0,0,0.07543152319008926
CRIMINAL DAMAGE,25,15,Tuesday,No,0,0,0.0
THEFT,8,16,Monday,No,0,0,0.4305116170057661
CRIMINAL DAMAGE,12,16,Tuesday,No,0,0,0.0
THEFT,1,9,Wednesday,No,0,0,0.0
NARCOTICS,10,10,Friday,No,1,1,0.9984515126150904
THEFT,18,16,Saturday,No,0,0,0.0
DECEPTIVE PRACTICE,9,16,Friday,No,0,0,0.0
MOTOR VEHICLE THEFT,19,20,Monday,No,0,0,0.0
THEFT,8,11,Monday,No,1,0,0.0
ASSAULT,4,14,Monday,No,0,0,0.03
BATTERY,5,17,Thursday,Yes,0,0,0.018451512615090277
NARCOTICS,8,13,Monday,No,1,1,1.0
ASSAULT,5,10,Tuesday,No,1,0,0.09319871963318492
OTHER OFFENSE,6,0,Saturday,No,1,0,0.01
BATTERY,10,13,Sunday,Yes,0,0,0.042628271604963526
THEFT,9,11,Friday,Yes,0,0,0.020508569372745665
BATTERY,4,22,Saturday,Yes,0,1,0.558367746966593
BATTERY,5,9,Friday,Yes,0,0,0.0
BATTERY,3,4,Wednesday,Yes,0,0,0.0
BATTERY,11,18,Thursday,Yes,0,0,0.01
WEAPONS VIOLATION,4,17,Tuesday,No,1,0,0.38891149029167016
BATTERY,22,13,Monday,No,0,0,0.01
THEFT,12,21,Friday,No,0,0,0.0
ASSAULT,7,18,Thursday,Yes,0,0,0.11261384353676936
ASSAULT,11,22,Sunday,No,0,0,0.0
CRIMINAL DAMAGE,25,4,Friday,No,0,0,0.0
BATTERY,8,14,Wednesday,No,0,0,0.04262313849624552
OTHER OFFENSE,15,12,Wednesday,Yes,0,0,0.03
BURGLARY,19,12,Wednesday,No,0,0,0.06229358112869199
MOTOR VEHICLE THEFT,9,9,Friday,No,0,0,0.046903025230180556
THEFT,18,19,Wednesday,No,0,0,0.21603686470207947
THEFT,12,7,Monday,No,0,0,0.0
CRIMINAL DAMAGE,11,16,Saturday,No,0,0,0.04700496203546772
BATTERY,11,2,Sunday,No,0,0,0.09012518684841554
CRIMINAL DAMAGE,22,19,Sunday,No,0,0,0.0
BATTERY,22,10,Friday,Yes,0,0,0.018451512615090277
BURGLARY,15,13,Wednesday,No,0,0,0.03
NARCOTICS,6,16,Sunday,No,1,1,0.58
THEFT,7,7,Friday,Yes,0,0,0.009160780247553625
ROBBERY,24,9,Wednesday,No,0,0,0.0378441817879141
THEFT,1,20,Thursday,No,0,0,0.13493435393836267
BATTERY,18,23,Thursday,Yes,0,0,0.4304063686929532
ASSAULT,6,12,Saturday,No,0,0,0.0
BATTERY,15,16,Monday,No,0,1,0.8203078835164007
BATTERY,1,12,Wednesday,No,0,0,0.0
CRIMINAL DAMAGE,11,7,Tuesday,No,0,0,0.018451512615090277
THEFT,8,15,Friday,No,0,0,0.26238864256670746
CRIMINAL DAMAGE,4,16,Tuesday,Yes,0,0,0.02
BURGLARY,9,19,Wednesday,No,0,0,0.0
ASSAULT,18,18,Friday,No,0,1,0.8215766210314733
MOTOR VEHICLE THEFT,2,17,Wednesday,No,0,0,0.0
BATTERY,1,8,Sunday,No,0,1,0.6707820443842252
BATTERY,8,23,Thursday,Yes,1,1,0.6383343807534062
CRIMINAL SEXUAL ASSAULT,17,21,Saturday,No,0,0,0.008911490291670168
MOTOR VEHICLE THEFT,18,16,Saturday,No,0,0,0.0
OTHER OFFENSE,5,9,Friday,Yes,0,0,0.23812174742526096
OTHER OFFENSE,3,11,Sunday,Yes,0,0,0.13261424706009162
THEFT,19,13,Thursday,No,0,1,0.6210989101016205
CRIMINAL DAMAGE,8,1,Monday,No,0,0,0.0
THEFT,3,11,Saturday,No,0,0,0.0
CRIMINAL SEXUAL ASSAULT,20,4,Thursday,Yes,0,0,0.05
DECEPTIVE PRACTICE,12,13,Monday,No,0,0,0.0
THEFT,5,22,Friday,No,0,0,0.0
BURGLARY,14,11,Monday,No,0,0,0.009160780247553625
BATTERY,17,21,Monday,Yes,0,0,0.06506426471745547
CRIMINAL DAMAGE,6,20,Friday,No,0,0,0.0
ASSAULT,16,7,Thursday,No,0,0,0.1435351367320829
THEFT,4,17,Tuesday,No,0,0,0.3583390731448577
THEFT,5,19,Tuesday,No,0,1,0.6019755171289156
CRIMINAL DAMAGE,7,19,Wednesday,No,0,0,0.0
NARCOTICS,8,20,Saturday,No,1,1,1.0
THEFT,24,9,Sunday,No,0,0,0.0
BATTERY,15,7,Wednesday,Yes,1,0,0.4237713119273512
MOTOR VEHICLE THEFT,11,1,Monday,Yes,0,0,0.2947083964013492
BATTERY,18,17,Wednesday,No,0,0,0.0
THEFT,17,16,Tuesday,No,0,1,0.6873460615884396
BATTERY,1,17,Tuesday,No,0,0,0.48723800422812613
DECEPTIVE PRACTICE,5,6,Sunday,No,0,0,0.029160780247553628
BATTERY,15,1,Monday,Yes,1,0,0.2655296647112776
ASSAULT,1,14,Wednesday,No,0,0,0.0600952548848626
BURGLARY,2,18,Friday,No,0,0,0.10409135846948515
ASSAULT,11,20,Saturday,No,0,0,0.01
BATTERY,3,19,Thursday,Yes,0,0,0.015769797974377914
THEFT,8,11,Friday,No,1,0,0.34488666322601164
DECEPTIVE PRACTICE,19,2,Thursday,No,0,0,0.02845151261509028
OTHER OFFENSE,19,10,Friday,No,0,0,0.02
DECEPTIVE PRACTICE,16,3,Friday,No,0,0,0.01
BATTERY,2,18,Thursday,Yes,0,1,0.791495280680362
THEFT,6,9,Saturday,No,0,0,0.3313331116842641
BATTERY,4,1,Sunday,No,0,0,0.10203782543097771
THEFT,12,20,Tuesday,No,0,0,0.38177216601342573
OTHER OFFENSE,5,18,Tuesday,No,1,0,0.2078170621096055
NARCOTICS,11,16,Sunday,No,1,1,1.0
THEFT,11,14,Thursday,No,0,0,0.0
BATTERY,1,8,Wednesday,No,1,0,0.2152189322897438
THEFT,1,15,Saturday,No,0,0,0.0
THEFT,22,18,Wednesday,No,0,0,0.014055542804682122
THEFT,18,22,Saturday,No,0,0,0.0
BATTERY,7,10,Monday,Yes,0,0,0.09414596592845009
THEFT,18,15,Friday,No,0,0,0.459989478883221
BATTERY,19,1,Thursday,Yes,0,0,0.03652378315431407
ASSAULT,24,1,Tuesday,No,0,0,0.12
THEFT,18,8,Tuesday,No,1,1,0.8841134264340273
STALKING,12,9,Sunday,No,0,0,0.01
DECEPTIVE PRACTICE,9,12,Tuesday,No,0,0,0.0
THEFT,18,23,Saturday,No,0,0,0.0
BATTERY,11,19,Thursday,Yes,1,1,0.5011491107511944
CRIMINAL DAMAGE,14,4,Tuesday,No,0,0,0.04
ROBBERY,7,17,Tuesday,No,0,0,0.1
THEFT,19,7,Sunday,No,0,0,0.00942441886306058
THEFT,9,0,Saturday,No,0,0,0.01832156049510725
BATTERY,3,13,Saturday,Yes,0,1,0.6425519105195597
BURGLARY,6,22,Thursday,No,0,0,0.0
BATTERY,12,13,Friday,Yes,1,0,0.05
NARCOTICS,11,13,Friday,No,1,1,1.0
BURGLARY,5,23,Monday,No,0,0,0.0
ASSAULT,11,19,Sunday,Yes,0,0,0.01
BATTERY,25,12,Saturday,Yes,0,0,0.17991901791007528
OTHER OFFENSE,8,15,Saturday,No,0,1,0.5764287049295337
DECEPTIVE PRACTICE,15,16,Friday,No,0,0,0.01
BATTERY,15,0,Monday,No,0,0,0.12364455855591253
MOTOR VEHICLE THEFT,12,16,Monday,No,0,0,0.009562011702235602
CRIMINAL DAMAGE,18,22,Sunday,No,0,0,0.0
THEFT,20,18,Monday,No,0,0,0.0
DECEPTIVE PRACTICE,8,9,Monday,No,0,0,0.0
DECEPTIVE PRACTICE,20,19,Friday,No,0,0,0.06463657071857527
THEFT,18,18,Wednesday,No,0,0,0.2676066356359979
BATTERY,15,13,Sunday,Yes,0,0,0.02476344520824909
BATTERY,6,2,Sunday,No,0,0,0.03954110990172909
CRIMINAL DAMAGE,1,18,Saturday,No,0,0,0.0
MOTOR VEHICLE THEFT,4,18,Saturday,No,0,0,0.0
THEFT,2,8,Thursday,No,0,0,0.014904539183153822
NARCOTICS,20,10,Monday,No,1,1,0.9473182853592877
DECEPTIVE PRACTICE,16,9,Wednesday,No,0,0,0.0
ASSAULT,19,13,Sunday,No,0,0,0.0
CRIMINAL DAMAGE,3,4,Thursday,No,0,0,0.0
CRIMINAL DAMAGE,8,1,Sunday,No,0,0,0.0
OTHER OFFENSE,24,12,Saturday,No,0,0,0.03916078024755363
CRIMINAL DAMAGE,3,14,Thursday,Yes,0,0,0.01
THEFT,18,13,Tuesday,No,0,0,0.2773788591885617
ROBBERY,14,13,Tuesday,No,0,0,0.02
THEFT,12,2,Wednesday,No,0,0,0.0
OTHER OFFENSE,17,16,Sunday,No,0,0,0.13022788092903392
OTHER OFFENSE,6,7,Sunday,Yes,0,0,0.0
DECEPTIVE PRACTICE,1,21,Thursday,No,0,0,0.004381082253765573
THEFT,14,19,Monday,No,1,1,0.7477708048305209
BATTERY,12,7,Wednesday,No,0,0,0.0
CRIMINAL DAMAGE,15,2,Thursday,No,0,0,0.0
THEFT,10,17,Monday,No,1,1,0.794055840447042
BATTERY,10,19,Thursday,Yes,0,1,0.5366797276212341
STALKING,4,20,Sunday,Yes,0,0,0.04
CRIMINAL DAMAGE,22,6,Sunday,No,0,0,0.0
BATTERY,17,4,Thursday,Yes,0,1,0.7157697979743779
BATTERY,16,5,Wednesday,Yes,1,0,0.24999204866915467
THEFT,18,17,Sunday,No,0,0,0.00685847363058561
CRIMINAL DAMAGE,6,13,Wednesday,Yes,0,0,0.01
BATTERY,11,17,Saturday,Yes,1,0,0.016903025230180557
CRIMINAL DAMAGE,6,18,Monday,No,0,0,0.01
ROBBERY,4,21,Tuesday,No,0,0,0.09690302523018055
THEFT,8,18,Saturday,No,0,0,0.31418230535418307
THEFT,16,20,Thursday,No,0,0,0.006453026568063544
CRIMINAL DAMAGE,6,16,Wednesday,No,0,0,0.0
BATTERY,2,23,Saturday,Yes,0,1,0.7235968131209641
THEFT,18,3,Friday,No,0,0,0.013937022613740573
THEFT,19,8,Monday,No,1,1,0.5309414794240105
BATTERY,8,2,Sunday,No,0,0,0.07609284082582647
BURGLARY,18,0,Thursday,No,0,0,0.01
THEFT,6,10,Wednesday,No,0,0,0.0
OTHER OFFENSE,1,3,Sunday,No,0,0,0.024065319430707447
MOTOR VEHICLE THEFT,11,14,Saturday,No,1,0,0.0
BATTERY,11,17,Saturday,Yes,0,0,0.016903025230180557
OTHER OFFENSE,15,10,Wednesday,Yes,0,0,0.016453026568063543
THEFT,4,4,Thursday,No,0,0,0.0
DECEPTIVE PRACTICE,24,12,Wednesday,No,0,1,0.5567930727422026
BATTERY,25,10,Sunday,Yes,1,1,0.5980816178832058
THEFT,12,16,Wednesday,No,0,1,0.5177083420356936
DECEPTIVE PRACTICE,18,16,Thursday,No,0,0,0.04
THEFT,17,13,Thursday,No,0,0,0.0
OTHER OFFENSE,11,17,Tuesday,Yes,0,0,0.02
THEFT,6,10,Thursday,No,0,0,0.0
CRIMINAL DAMAGE,18,2,Tuesday,No,0,0,0.04
BURGLARY,3,1,Wednesday,No,0,0,0.07
THEFT,19,17,Saturday,No,0,0,0.0
BATTERY,9,0,Monday,Yes,1,0,0.33266354879848437
BATTERY,25,14,Tuesday,No,0,0,0.024930578221931544
THEFT,8,17,Wednesday,No,1,0,0.0
CRIMINAL DAMAGE,12,16,Thursday,No,0,0,0.0
THEFT,20,21,Saturday,No,0,0,0.09
MOTOR VEHICLE THEFT,11,11,Sunday,No,0,0,0.48139383710666067
MOTOR VEHICLE THEFT,8,15,Sunday,No,0,0,0.0
THEFT,1,15,Tuesday,No,0,1,0.5778518390582635
BATTERY,11,20,Monday,Yes,1,0,0.01
ASSAULT,16,14,Wednesday,No,0,0,0.01
DECEPTIVE PRACTICE,6,13,Saturday,No,1,0,0.0
BURGLARY,11,16,Thursday,No,0,0,0.0
THEFT,18,18,Sunday,No,0,0,0.0
ASSAULT,1,23,Monday,No,1,1,0.8270759881471555
CRIMINAL DAMAGE,9,4,Tuesday,No,0,0,0.03
THEFT,18,16,Saturday,No,0,0,0.0
BATTERY,8,16,Thursday,Yes,0,0,0.022906053136127084
OTHER OFFENSE,18,18,Thursday,Yes,0,0,0.02845151261509028
THEFT,5,12,Thursday,Yes,0,0,0.03
BATTERY,16,20,Tuesday,No,0,0,0.4011570325539723
DECEPTIVE PRACTICE,10,13,Thursday,No,0,0,0.0
CRIMINAL DAMAGE,10,2,Friday,No,0,0,0.06731828535928763
CRIMINAL DAMAGE,2,10,Tuesday,Yes,0,0,0.2
HOMICIDE,11,20,Sunday,No,1,0,0.21
BATTERY,19,21,Saturday,Yes,0,0,0.018451512615090277
THEFT,18,8,Friday,No,0,1,0.7123167457216397
DECEPTIVE PRACTICE,22,13,Monday,No,0,0,0.0
CRIMINAL TRESPASS,1,14,Wednesday,No,1,0,0.05
THEFT,1,14,Friday,No,1,1,0.6007061618435207
CRIMINAL DAMAGE,16,12,Wednesday,No,1,0,0.0
OTHER OFFENSE,1,4,Monday,Yes,0,0,0.0
BATTERY,17,12,Friday,Yes,0,0,0.030237288965075902
OTHER OFFENSE,3,9,Friday,Yes,0,0,0.01
ASSAULT,5,7,Thursday,No,0,0,0.19416320263404466
BURGLARY,20,7,Monday,No,0,0,0.25557887634068555
CRIMINAL DAMAGE,2,16,Tuesday,Yes,0,0,0.20647906560684126
MOTOR VEHICLE THEFT,7,19,Sunday,No,0,0,0.02845151261509028
THEFT,1,14,Saturday,No,0,0,0.46696212219610245
NARCOTICS,11,7,Friday,No,1,1,0.6635671559150166
ROBBERY,9,19,Thursday,No,0,0,0.058451512615090274
ASSAULT,22,17,Sunday,No,0,0,0.17845151261509026
CRIMINAL DAMAGE,15,2,Sunday,Yes,0,0,0.0
BATTERY,9,0,Friday,No,0,0,0.1980039196250117
BATTERY,3,20,Thursday,No,1,0,0.031072602373871182
THEFT,19,11,Tuesday,No,1,0,0.0
THEFT,7,0,Sunday,No,0,0,0.0
NARCOTICS,11,11,Saturday,No,1,1,1.0
BATTERY,6,23,Tuesday,No,0,0,0.08858519911061422
THEFT,18,11,Friday,No,0,0,0.4287815836515632
THEFT,15,15,Friday,No,0,0,0.0
MOTOR VEHICLE THEFT,12,21,Wednesday,No,0,0,0.0
THEFT,2,0,Tuesday,No,0,0,0.4368118778265635
ASSAULT,7,18,Saturday,No,0,1,0.8039914455939461
THEFT,7,19,Sunday,Yes,0,0,0.00577073807968648
BATTERY,7,21,Tuesday,No,0,0,0.1
CRIMINAL DAMAGE,10,0,Sunday,No,0,0,0.04290605313612708
CRIMINAL DAMAGE,3,21,Saturday,No,0,0,0.0
CRIMINAL DAMAGE,10,1,Wednesday,No,0,0,0.26
CRIMINAL DAMAGE,19,1,Wednesday,No,0,0,0.025769797974377916
DECEPTIVE PRACTICE,8,13,Monday,No,0,0,0.0
DECEPTIVE PRACTICE,18,13,Thursday,No,0,0,0.3777872150068863
DECEPTIVE PRACTICE,17,2,Sunday,No,0,0,0.0
MOTOR VEHICLE THEFT,1,10,Saturday,No,0,0,0.0
ASSAULT,7,8,Saturday,Yes,0,0,0.06845151261509028
BATTERY,8,12,Saturday,Yes,0,0,0.0
DECEPTIVE PRACTICE,8,0,Sunday,No,0,0,0.0
BATTERY,2,17,Sunday,No,0,0,0.0
CRIMINAL DAMAGE,8,20,Saturday,No,0,0,0.01
DECEPTIVE PRACTICE,11,6,Thursday,No,0,0,0.02
OTHER OFFENSE,11,22,Sunday,No,1,0,0.1642213105894682
CRIMINAL DAMAGE,4,2,Monday,No,0,0,0.0
CRIMINAL TRESPASS,11,21,Tuesday,No,0,0,0.25690302523018055
THEFT,1,16,Sunday,No,0,1,0.6238914377570993
BATTERY,6,9,Friday,No,0,0,0.026063805477734184
NARCOTICS,11,12,Tuesday,No,1,1,1.0
THEFT,18,10,Friday,No,0,1,0.7426655005668912
BATTERY,7,17,Wednesday,Yes,0,0,0.0771974691499187
CRIMINAL DAMAGE,5,22,Friday,No,0,0,0.0
BATTERY,7,5,Saturday,Yes,0,0,0.06602111561387893
WEAPONS VIOLATION,3,12,Thursday,No,0,1,0.81
CRIMINAL DAMAGE,25,23,Saturday,No,0,0,0.00577073807968648
BURGLARY,16,13,Monday,No,0,0,0.0
THEFT,18,11,Saturday,No,0,0,0.35261486085388655
THEFT,22,22,Friday,No,0,0,0.01853475713560027
BATTERY,8,16,Thursday,No,0,1,0.7395896609787767
MOTOR VEHICLE THEFT,4,18,Saturday,No,0,0,0.0
MOTOR VEHICLE THEFT,1,2,Saturday,No,0,0,0.01
CRIMINAL SEXUAL ASSAULT,25,12,Wednesday,No,0,0,0.05744175683218524
THEFT,25,16,Monday,No,0,1,0.6130978767494842
THEFT,9,16,Wednesday,No,0,0,0.0
BATTERY,10,0,Sunday,Yes,0,0,0.03490453918315382
MOTOR VEHICLE THEFT,3,10,Sunday,Yes,0,0,0.04
OTHER OFFENSE,20,2,Thursday,No,0,0,0.017318285359287637
NARCOTICS,25,6,Monday,No,1,1,0.92
OTHER OFFENSE,7,9,Saturday,No,0,0,0.01
MOTOR VEHICLE THEFT,11,7,Saturday,No,0,0,0.0
BURGLARY,14,20,Wednesday,No,0,0,0.0
PUBLIC PEACE VIOLATION,9,16,Wednesday,No,1,0,0.22609953946556594
BURGLARY,14,1,Thursday,No,0,0,0.0
CRIMINAL DAMAGE,5,1,Friday,No,0,0,0.023721627219038224
BATTERY,2,20,Monday,No,0,0,0.04629569440300438
NARCOTICS,1,10,Saturday,No,1,1,0.9576122928626439
BURGLARY,15,12,Friday,No,0,0,0.03576979797437792
BATTERY,3,18,Saturday,Yes,1,1,0.5215756434196449
CRIMINAL DAMAGE,4,18,Sunday,No,0,0,0.0
THEFT,20,14,Tuesday,No,0,0,0.0
CRIMINAL DAMAGE,3,20,Tuesday,No,0,0,0.22571941613994903
BATTERY,11,23,Friday,Yes,1,0,0.04278047066130467
ASSAULT,24,16,Friday,No,0,0,0.04377131192735118
CRIMINAL TRESPASS,12,12,Saturday,Yes,0,0,0.05
BURGLARY,16,20,Sunday,No,0,0,0.0
THEFT,16,17,Thursday,No,0,0,0.025425481066631735
MOTOR VEHICLE THEFT,8,18,Saturday,No,0,0,0.48269006314776325
BATTERY,14,10,Sunday,No,0,0,0.017318285359287637
OTHER OFFENSE,3,10,Tuesday,No,1,0,0.014636570718575275
MOTOR VEHICLE THEFT,22,18,Monday,No,0,0,0.0
CRIMINAL DAMAGE,12,16,Thursday,No,0,0,0.0
THEFT,9,15,Saturday,No,0,0,0.0
CRIMINAL TRESPASS,4,9,Wednesday,No,0,0,0.03645302656806354
THEFT,24,13,Saturday,No,0,0,0.0
BATTERY,10,7,Friday,Yes,0,0,0.2587018901492827
THEFT,4,11,Wednesday,No,0,0,0.0
ASSAULT,6,18,Saturday,Yes,0,1,0.8724185694037315
MOTOR VEHICLE THEFT,14,23,Thursday,No,0,0,0.012507055419772399
CRIMINAL DAMAGE,6,2,Wednesday,No,0,0,0.01
THEFT,5,15,Wednesday,No,0,0,0.00577073807968648
DECEPTIVE PRACTICE,8,7,Wednesday,No,0,0,0.16
DECEPTIVE PRACTICE,19,18,Monday,No,0,0,0.0
CRIMINAL DAMAGE,18,14,Tuesday,No,0,0,0.0
OTHER OFFENSE,2,7,Thursday,No,0,0,0.009160780247553625
MOTOR VEHICLE THEFT,6,2,Saturday,No,0,0,0.0
BURGLARY,22,15,Friday,No,0,0,0.0
BATTERY,11,23,Friday,Yes,0,0,0.04278047066130467
OTHER OFFENSE,20,7,Friday,No,0,0,0.025769797974377916
BATTERY,3,11,Tuesday,No,0,0,0.009160780247553625
BATTERY,8,22,Sunday,Yes,0,1,0.5437625987845034
MOTOR VEHICLE THEFT,5,0,Monday,No,0,0,0.009160780247553625
NARCOTICS,15,19,Thursday,No,0,1,1.0
THEFT,19,12,Wednesday,No,0,0,0.49650505638466746
CRIMINAL DAMAGE,3,19,Thursday,No,0,0,0.0
BATTERY,19,4,Monday,Yes,0,0,0.15845151261509027
DECEPTIVE PRACTICE,14,12,Wednesday,No,0,0,0.0
THEFT,25,11,Wednesday,No,0,0,0.04979903786577701
OTHER OFFENSE,7,9,Saturday,No,0,0,0.01
THEFT,11,16,Sunday,Yes,0,0,0.01
BATTERY,25,15,Friday,No,0,0,0.007318285359287636
CRIMINAL DAMAGE,25,23,Thursday,No,0,0,0.015364516859733715
THEFT,1,13,Saturday,No,0,0,0.43119862134461934
SEX OFFENSE,20,18,Thursday,No,0,0,0.18308902343897412
MOTOR VEHICLE THEFT,25,14,Wednesday,No,0,0,0.0
ROBBERY,9,21,Wednesday,No,0,0,0.0
THEFT,5,14,Friday,Yes,0,0,0.019160780247553626
ASSAULT,9,4,Sunday,Yes,1,1,0.71
THEFT,9,15,Wednesday,No,0,0,0.043222644050659974
BATTERY,20,6,Wednesday,Yes,1,0,0.03916078024755363
BATTERY,3,12,Tuesday,Yes,0,0,0.0
ROBBERY,12,16,Thursday,No,0,0,0.05
ASSAULT,3,12,Saturday,Yes,0,0,0.02647906560684126
DECEPTIVE PRACTICE,3,7,Thursday,No,0,0,0.01787593147815086
CRIMINAL SEXUAL ASSAULT,6,3,Monday,No,0,0,0.02
CRIMINAL DAMAGE,2,13,Wednesday,No,0,0,0.0
THEFT,4,6,Friday,No,0,0,0.0
MOTOR VEHICLE THEFT,16,21,Monday,No,0,0,0.01
CRIMINAL DAMAGE,7,8,Tuesday,No,0,0,0.0
DECEPTIVE PRACTICE,18,8,Tuesday,No,0,0,0.0
THEFT,2,14,Thursday,No,0,0,0.0
MOTOR VEHICLE THEFT,8,8,Tuesday,No,0,0,0.04
CRIMINAL DAMAGE,6,21,Tuesday,No,0,0,0.04009611647867013
BURGLARY,16,22,Friday,No,0,0,0.0
THEFT,14,20,Sunday,No,0,0,0.4736200143348207
BATTERY,4,20,Friday,Yes,0,1,0.5962875663848094
THEFT,5,3,Monday,No,0,0,0.0
BATTERY,11,10,Thursday,No,0,1,0.65
BATTERY,6,23,Tuesday,Yes,1,0,0.0
CRIMINAL TRESPASS,6,16,Saturday,No,0,0,0.09
CRIMINAL DAMAGE,2,12,Thursday,No,0,0,0.0
BATTERY,6,7,Saturday,Yes,0,0,0.0
OTHER OFFENSE,5,11,Monday,No,0,1,0.8253775422635253
THEFT,2,9,Monday,No,0,0,0.0
THEFT,11,0,Monday,Yes,0,0,0.0
BURGLARY,25,4,Thursday,No,0,0,0.01
MOTOR VEHICLE THEFT,10,8,Monday,No,0,0,0.28
BURGLARY,7,5,Wednesday,Yes,0,0,0.21
ASSAULT,8,10,Sunday,Yes,0,0,0.047875931478150856
THEFT,14,0,Sunday,No,0,0,0.0
BURGLARY,17,4,Monday,No,0,0,0.0
ASSAULT,9,23,Friday,Yes,1,0,0.25845151261509025
THEFT,14,13,Saturday,No,0,1,0.7562751953555101
ASSAULT,4,11,Friday,Yes,0,0,0.07
BATTERY,9,17,Sunday,No,0,1,0.64
CRIMINAL DAMAGE,16,21,Saturday,No,0,0,0.04
BATTERY,1,15,Wednesday,No,0,0,0.0
NARCOTICS,12,23,Thursday,No,1,1,0.9525428710845756
BURGLARY,1,5,Friday,No,0,0,0.0
THEFT,12,10,Thursday,No,0,0,0.0
BURGLARY,25,11,Saturday,No,1,0,0.009317163195359874
BURGLARY,7,4,Thursday,No,0,0,0.02
BATTERY,18,12,Friday,No,0,0,0.008451512615090279
NARCOTICS,10,18,Tuesday,No,1,1,0.8439110715382289
BATTERY,9,22,Sunday,Yes,0,1,0.5299567437732321
BURGLARY,3,4,Friday,No,0,0,0.01
CRIMINAL DAMAGE,3,23,Wednesday,No,0,0,0.05941552742690669
WEAPONS VIOLATION,3,12,Wednesday,No,0,1,0.99
BATTERY,8,14,Saturday,Yes,1,0,0.006453026568063544
ASSAULT,18,13,Monday,No,0,0,0.03476344520824909
THEFT,14,16,Tuesday,No,0,1,0.505613255944546
THEFT,18,14,Sunday,No,0,0,0.0
THEFT,24,3,Saturday,No,0,0,0.046598723427940095
MOTOR VEHICLE THEFT,4,21,Friday,No,0,0,0.0
ROBBERY,5,19,Tuesday,No,1,0,0.0
SEX OFFENSE,24,21,Monday,Yes,1,0,0.02
CRIMINAL DAMAGE,16,8,Monday,No,0,0,0.0
ROBBERY,20,19,Sunday,No,0,0,0.01
BATTERY,24,17,Friday,No,0,0,0.008791864912771714
ASSAULT,9,19,Saturday,No,0,0,0.48478610273030853
BATTERY,2,8,Saturday,No,0,1,0.6673182853592877
CRIMINAL DAMAGE,4,17,Sunday,No,0,0,0.0
THEFT,6,0,Sunday,No,0,0,0.006858473630585608
WEAPONS VIOLATION,7,12,Monday,No,0,0,0.3364434363340733
ASSAULT,25,15,Tuesday,No,0,0,0.0
THEFT,6,5,Tuesday,No,0,0,0.0
MOTOR VEHICLE THEFT,18,1,Saturday,No,0,0,0.006858473630585608
THEFT,18,17,Tuesday,No,0,0,0.46821770727516465
THEFT,10,15,Thursday,No,0,1,0.5494942486364292
OTHER OFFENSE,2,14,Friday,Yes,0,0,0.0
THEFT,18,13,Monday,No,0,0,0.41372162656154143
THEFT,19,2,Saturday,No,0,0,0.04211444260546088
THEFT,5,5,Wednesday,No,0,0,0.0
BATTERY,6,18,Tuesday,No,0,1,0.62
ROBBERY,8,17,Thursday,No,0,0,0.21731828535928763
THEFT,19,16,Saturday,No,0,0,0.3908220309582145
MOTOR VEHICLE THEFT,14,1,Tuesday,No,0,0,0.006453026568063544
OFFENSE INVOLVING CHILDREN,20,14,Friday,Yes,0,0,0.01
CRIMINAL DAMAGE,8,21,Wednesday,No,0,0,0.0
ROBBERY,14,21,Friday,No,0,0,0.07
THEFT,12,16,Wednesday,No,0,1,0.5177083420356936
CRIMINAL DAMAGE,15,7,Friday,No,0,0,0.036903025230180554
THEFT,6,15,Saturday,No,0,1,0.5466018838527651
THEFT,9,3,Monday,No,0,0,0.0
DECEPTIVE PRACTICE,8,12,Monday,No,0,0,0.0
BATTERY,5,1,Tuesday,No,0,0,0.47690302523018063
ASSAULT,16,12,Wednesday,No,0,0,0.03
NARCOTICS,11,7,Monday,No,1,1,1.0
THEFT,2,10,Thursday,No,0,0,0.36085666932952243
NARCOTICS,15,14,Tuesday,No,0,1,0.7444468840777445
BATTERY,18,22,Wednesday,No,0,0,0.0
ASSAULT,12,21,Wednesday,No,0,0,0.01
BATTERY,6,13,Thursday,No,0,0,0.01
ASSAULT,12,16,Wednesday,No,0,0,0.01
THEFT,19,9,Monday,No,0,0,0.0
MOTOR VEHICLE THEFT,12,21,Wednesday,No,0,0,0.0
BATTERY,8,0,Thursday,Yes,0,1,0.9339828466620475
ASSAULT,18,17,Friday,No,0,1,0.572442613606408
CRIMINAL TRESPASS,22,14,Wednesday,No,0,0,0.23333349370701784
OTHER OFFENSE,3,2,Friday,Yes,0,0,0.19
BATTERY,14,10,Sunday,Yes,0,0,0.07845151261509029
MOTOR VEHICLE THEFT,11,18,Wednesday,No,0,0,0.43757753058845866
MOTOR VEHICLE THEFT,17,7,Thursday,Yes,0,0,0.07
OTHER OFFENSE,17,10,Thursday,No,1,0,0.21
MOTOR VEHICLE THEFT,19,8,Tuesday,No,0,0,0.01
OTHER OFFENSE,9,22,Wednesday,Yes,0,1,0.6251476589762277
BURGLARY,24,15,Wednesday,No,0,0,0.0
ASSAULT,11,11,Wednesday,No,0,0,0.01
MOTOR VEHICLE THEFT,10,14,Wednesday,No,0,0,0.017318285359287637
BURGLARY,14,21,Saturday,No,0,0,0.0
CRIMINAL DAMAGE,4,10,Sunday,No,0,0,0.0
THEFT,24,16,Wednesday,No,0,0,0.44603569205069943
ASSAULT,3,7,Monday,No,0,0,0.02
THEFT,14,12,Tuesday,No,0,0,0.006453026568063545
BATTERY,15,11,Friday,Yes,0,0,0.03
THEFT,25,9,Sunday,No,1,1,0.5899992046331767
BATTERY,20,19,Sunday,Yes,0,0,0.46124770721775976
BATTERY,25,16,Sunday,No,1,0,0.045141265942627976
THEFT,1,18,Thursday,No,0,0,0.3358845677575841
MOTOR VEHICLE THEFT,1,6,Saturday,No,0,0,0.0
BATTERY,4,2,Sunday,Yes,0,1,0.6003392623461464
WEAPONS VIOLATION,11,11,Saturday,No,0,1,0.8614131862623922
BURGLARY,3,2,Saturday,Yes,0,0,0.017318285359287637
ASSAULT,17,4,Sunday,No,0,0,0.21690302523018054
BATTERY,18,18,Thursday,No,0,0,0.0
ASSAULT,15,0,Thursday,No,0,0,0.44
MOTOR VEHICLE THEFT,5,12,Saturday,Yes,0,0,0.03
CRIMINAL TRESPASS,18,2,Wednesday,No,0,0,0.07490453918315382
BATTERY,8,16,Thursday,No,0,1,0.7395896609787767
DECEPTIVE PRACTICE,19,9,Sunday,No,0,0,0.13588758180821117
ROBBERY,5,2,Thursday,No,0,0,0.0
THEFT,25,20,Tuesday,No,1,0,0.017318285359287637
THEFT,18,21,Monday,No,0,0,0.14392596801303434
MOTOR VEHICLE THEFT,17,5,Saturday,No,0,0,0.0
OTHER OFFENSE,16,17,Tuesday,No,0,0,0.1403164622341169
CRIMINAL DAMAGE,9,20,Sunday,No,0,1,0.9184515126150903
OTHER OFFENSE,2,19,Tuesday,No,0,0,0.058451512615090274
HOMICIDE,8,18,Tuesday,No,0,0,0.07283259486885585
THEFT,18,15,Saturday,No,0,0,0.4731463697731199
BATTERY,3,10,Wednesday,No,0,1,0.6155996381425922
THEFT,12,1,Wednesday,No,0,0,0.0
ASSAULT,12,10,Monday,No,0,0,0.0
THEFT,1,14,Monday,No,0,1,0.5547717998675179
BATTERY,6,23,Thursday,No,0,0,0.0
BATTERY,1,22,Friday,No,0,0,0.10366791792448876
CRIMINAL DAMAGE,2,22,Thursday,No,1,0,0.0
ASSAULT,11,18,Wednesday,No,0,0,0.1461973000313364
THEFT,3,20,Monday,No,0,0,0.020150450616983884
CRIMINAL TRESPASS,17,16,Thursday,No,1,0,0.03942441886306058
ASSAULT,7,23,Wednesday,No,1,0,0.11
WEAPONS VIOLATION,9,21,Saturday,No,1,0,0.24
THEFT,4,20,Friday,Yes,0,0,0.0843289580462144
DECEPTIVE PRACTICE,1,12,Wednesday,No,0,0,0.0
BATTERY,19,18,Sunday,No,0,0,0.0
WEAPONS VIOLATION,24,0,Tuesday,No,0,1,0.64
THEFT,2,15,Thursday,No,0,0,0.0
DECEPTIVE PRACTICE,4,16,Monday,No,0,0,0.0
MOTOR VEHICLE THEFT,2,22,Friday,No,0,0,0.0
ASSAULT,2,8,Friday,No,0,0,0.02
DECEPTIVE PRACTICE,18,7,Friday,No,1,0,0.0
THEFT,15,23,Sunday,No,0,0,0.446008920792077
OTHER OFFENSE,16,22,Sunday,Yes,0,0,0.04916078024755363
THEFT,9,15,Tuesday,No,0,1,0.5988933429046075
ASSAULT,10,13,Wednesday,Yes,0,0,0.09
BATTERY,15,9,Tuesday,No,0,0,0.2878441817879141
OTHER OFFENSE,15,1,Saturday,Yes,0,1,0.612682083228415
OTHER OFFENSE,10,12,Thursday,No,1,0,0.016453026568063543
THEFT,19,1,Saturday,No,0,0,0.4794714139923847
SEX OFFENSE,5,17,Tuesday,No,0,0,0.006092840825826472
MOTOR VEHICLE THEFT,22,20,Saturday,No,0,0,0.008451512615090279
BATTERY,8,14,Thursday,Yes,0,1,0.7913575657512173
OTHER OFFENSE,20,3,Monday,No,0,0,0.1
CRIMINAL DAMAGE,9,5,Thursday,No,0,0,0.0
DECEPTIVE PRACTICE,16,23,Monday,No,0,0,0.049424418863060586
CRIMINAL DAMAGE,8,13,Wednesday,No,0,0,0.0
BATTERY,3,19,Monday,Yes,1,0,0.35342572496107943
PUBLIC PEACE VIOLATION,25,16,Friday,No,0,0,0.4415372851215627
DECEPTIVE PRACTICE,18,18,Tuesday,No,0,0,0.0
ROBBERY,10,14,Saturday,No,0,0,0.0
BATTERY,12,17,Wednesday,Yes,0,0,0.03308808333366555
DECEPTIVE PRACTICE,16,10,Wednesday,No,0,0,0.0
DECEPTIVE PRACTICE,11,16,Monday,No,0,0,0.0
BATTERY,20,9,Sunday,No,0,0,0.07535453784527084
OTHER OFFENSE,8,11,Saturday,Yes,0,0,0.0
MOTOR VEHICLE THEFT,1,0,Thursday,No,0,0,0.0
INTIMIDATION,16,16,Monday,No,0,0,0.06845151261509028
MOTOR VEHICLE THEFT,17,9,Saturday,No,0,0,0.0078441817879141
BATTERY,4,1,Thursday,Yes,0,1,0.5154636275270785
BATTERY,4,15,Saturday,Yes,0,0,0.4770902411136675
MOTOR VEHICLE THEFT,8,7,Tuesday,No,0,0,0.0
NARCOTICS,22,20,Tuesday,No,1,1,0.9884515126150903
OTHER OFFENSE,11,15,Sunday,No,0,0,0.3473852916896432
BATTERY,10,8,Monday,Yes,0,0,0.15168007843204268
CRIMINAL DAMAGE,2,0,Tuesday,No,0,0,0.0
ROBBERY,17,12,Monday,No,0,0,0.03
OTHER OFFENSE,5,7,Wednesday,Yes,0,0,0.02
THEFT,9,3,Monday,No,0,0,0.0
OTHER OFFENSE,8,8,Thursday,Yes,0,0,0.10645302656806355
BURGLARY,8,5,Sunday,No,0,0,0.01
ROBBERY,14,18,Sunday,No,0,0,0.19731828535928764
BATTERY,24,14,Wednesday,No,0,0,0.01
BATTERY,19,9,Friday,No,0,0,0.017318285359287637
CRIMINAL DAMAGE,7,18,Tuesday,Yes,0,0,0.028335909154730752
BATTERY,7,22,Thursday,Yes,0,1,0.6837346385045651
ROBBERY,4,17,Tuesday,Yes,0,0,0.06
THEFT,14,14,Monday,No,0,0,0.0
CRIMINAL DAMAGE,20,0,Sunday,No,0,1,0.5625485780762594
CRIMINAL DAMAGE,11,22,Tuesday,No,0,0,0.018451512615090277
OTHER OFFENSE,5,23,Wednesday,No,1,1,0.7384515126150903
ASSAULT,16,0,Sunday,Yes,0,0,0.14
OTHER OFFENSE,19,0,Tuesday,Yes,0,1,0.63
ROBBERY,4,3,Sunday,No,0,0,0.0
CRIMINAL DAMAGE,16,1,Thursday,No,0,0,0.02731828535928764
BATTERY,14,13,Saturday,No,0,0,0.047318285359287636
CRIMINAL DAMAGE,4,16,Wednesday,Yes,0,0,0.02521893228974378
PUBLIC PEACE VIOLATION,9,1,Sunday,No,1,1,0.5069030252301805
CRIMINAL DAMAGE,1,17,Tuesday,No,0,0,0.0
THEFT,1,14,Tuesday,No,0,0,0.3586448525956545
MOTOR VEHICLE THEFT,4,23,Friday,No,0,0,0.0
DECEPTIVE PRACTICE,3,2,Monday,No,0,0,0.09593385335775116
ASSAULT,3,16,Wednesday,No,0,0,0.008451512615090279
OFFENSE INVOLVING CHILDREN,11,9,Tuesday,Yes,0,0,0.10222376464775003
THEFT,19,11,Sunday,No,0,0,0.0
CRIMINAL DAMAGE,7,14,Friday,No,0,0,0.0
BATTERY,7,1,Saturday,Yes,0,0,0.4815331723110758
CRIMINAL DAMAGE,14,3,Monday,No,0,0,0.15
ASSAULT,20,9,Monday,No,0,0,0.14112807019518964
BATTERY,8,18,Friday,Yes,0,0,0.2149045391831538
BATTERY,20,19,Monday,Yes,0,0,0.12975368300653567
WEAPONS VIOLATION,5,11,Monday,No,1,1,0.89
THEFT,19,10,Thursday,No,0,0,0.0
BATTERY,11,16,Thursday,No,1,0,0.1689106699523583
THEFT,14,16,Friday,No,0,1,0.5545972624644677
DECEPTIVE PRACTICE,1,13,Monday,No,0,0,0.0
THEFT,1,9,Friday,No,0,0,0.009160780247553625
OTHER OFFENSE,7,12,Monday,Yes,0,0,0.017612292862643906
BATTERY,7,13,Thursday,Yes,0,0,0.0
THEFT,9,13,Thursday,No,0,0,0.0
THEFT,4,2,Sunday,No,0,0,0.01
MOTOR VEHICLE THEFT,4,14,Sunday,No,0,0,0.0
WEAPONS VIOLATION,4,6,Wednesday,No,0,1,0.59
WEAPONS VIOLATION,5,13,Tuesday,No,1,1,0.6811817933838236
DECEPTIVE PRACTICE,14,21,Wednesday,No,0,0,0.0
MOTOR VEHICLE THEFT,3,4,Sunday,No,0,0,0.0
DECEPTIVE PRACTICE,2,9,Thursday,No,0,0,0.02053418328793557
ROBBERY,8,3,Sunday,No,0,0,0.0
OTHER OFFENSE,19,19,Friday,No,0,0,0.02731828535928764
THEFT,24,16,Sunday,No,0,1,0.5822499298727215
CRIMINAL DAMAGE,17,23,Monday,No,0,0,0.0078441817879141
DECEPTIVE PRACTICE,20,14,Wednesday,No,0,0,0.0
OTHER OFFENSE,18,16,Saturday,Yes,0,0,0.0
CRIMINAL SEXUAL ASSAULT,18,20,Friday,No,0,0,0.01
THEFT,5,11,Wednesday,No,0,0,0.4972365490714523
ASSAULT,8,1,Sunday,Yes,0,1,0.821987394883426
THEFT,18,0,Friday,No,0,0,0.4069994415256041
ASSAULT,16,12,Saturday,No,0,0,0.0
BATTERY,16,11,Friday,Yes,1,1,0.8029501798828373
WEAPONS VIOLATION,10,21,Friday,No,1,1,0.5744396003772525
ASSAULT,1,16,Tuesday,No,0,0,0.19445863714000416
CRIMINAL DAMAGE,18,15,Wednesday,Yes,0,0,0.01
BATTERY,24,12,Thursday,No,1,0,0.0
OTHER OFFENSE,25,10,Tuesday,Yes,0,0,0.05
BATTERY,5,2,Saturday,Yes,1,1,0.5507491450994703
NARCOTICS,22,12,Sunday,No,1,1,0.7364530265680636
THEFT,19,9,Thursday,No,0,0,0.0
BATTERY,16,23,Thursday,No,0,0,0.41963608531125474
BURGLARY,3,19,Thursday,No,0,0,0.0
THEFT,2,15,Monday,No,0,0,0.4077838016627595
BURGLARY,7,13,Wednesday,No,0,0,0.01
THEFT,9,11,Thursday,No,0,0,0.015877445431124123
THEFT,25,19,Saturday,No,0,0,0.3549373207532593
DECEPTIVE PRACTICE,12,23,Monday,No,0,0,0.029160780247553628
THEFT,18,18,Friday,No,0,0,0.4183067646787289
BURGLARY,14,8,Monday,No,0,0,0.0
BATTERY,15,14,Thursday,Yes,1,0,0.038585199110614206
ROBBERY,10,9,Sunday,No,0,0,0.04
DECEPTIVE PRACTICE,8,10,Friday,No,0,0,0.0
DECEPTIVE PRACTICE,6,9,Tuesday,No,0,0,0.021540536054064394
THEFT,24,21,Friday,No,0,0,0.3402944625753679
MOTOR VEHICLE THEFT,6,20,Saturday,No,0,0,0.0
BATTERY,24,5,Sunday,Yes,0,0,0.06501731335660754
BATTERY,8,22,Tuesday,Yes,0,0,0.008911490291670168
BATTERY,2,22,Saturday,Yes,0,0,0.18775752947875105
CRIMINAL TRESPASS,4,11,Friday,No,0,0,0.27417038654979703
BATTERY,3,19,Saturday,No,0,0,0.01
THEFT,19,20,Wednesday,No,1,0,0.3811494118377508
BATTERY,18,14,Wednesday,No,0,1,0.69
THEFT,19,3,Thursday,No,0,0,0.04120801675654061
THEFT,1,14,Saturday,No,0,0,0.46696212219610245
ROBBERY,11,7,Saturday,No,0,0,0.02
ASSAULT,5,13,Wednesday,Yes,1,0,0.01
THEFT,19,20,Thursday,No,0,0,0.30779802908406395
DECEPTIVE PRACTICE,20,12,Tuesday,No,0,0,0.0
OTHER OFFENSE,4,1,Tuesday,No,0,0,0.19787593147815083
THEFT,16,7,Wednesday,No,0,0,0.017318285359287637
BATTERY,18,0,Saturday,No,1,0,0.3671443506338109
CRIMINAL DAMAGE,16,4,Saturday,No,0,0,0.01
OTHER OFFENSE,14,0,Saturday,Yes,0,0,0.03377131192735118
THEFT,22,13,Tuesday,No,0,0,0.008911490291670168
BURGLARY,18,19,Friday,Yes,0,0,0.12
BATTERY,9,15,Thursday,No,0,0,0.0
THEFT,2,16,Friday,No,0,0,0.0
THEFT,22,18,Saturday,No,0,1,0.6666126361199456
NARCOTICS,15,13,Wednesday,No,1,1,1.0
DECEPTIVE PRACTICE,19,23,Friday,No,0,0,0.0
THEFT,4,0,Monday,No,0,0,0.0
BATTERY,8,11,Friday,No,0,0,0.0
ASSAULT,8,0,Sunday,No,0,0,0.16688655598422264
CRIMINAL DAMAGE,6,13,Sunday,No,0,0,0.08577073807968649
ARSON,5,2,Thursday,No,0,0,0.06
BURGLARY,4,11,Thursday,No,0,0,0.009160780247553625
BATTERY,20,21,Sunday,Yes,0,0,0.24219035980358591
CRIMINAL DAMAGE,2,13,Monday,No,0,0,0.0
SEX OFFENSE,15,19,Wednesday,Yes,0,0,0.03
BATTERY,10,22,Wednesday,Yes,0,1,0.8839055134585756
THEFT,19,9,Tuesday,No,0,0,0.0029569510103334314
BATTERY,10,11,Thursday,No,0,0,0.008451512615090279
BURGLARY,25,2,Wednesday,No,0,0,0.0
STALKING,10,16,Monday,Yes,0,0,0.0476122928626439
BATTERY,4,6,Monday,Yes,0,1,0.5464388811807518
ASSAULT,16,2,Monday,Yes,1,0,0.3
OTHER OFFENSE,3,3,Saturday,No,0,0,0.17463657071857525
THEFT,18,2,Saturday,No,0,0,0.0
DECEPTIVE PRACTICE,9,16,Sunday,No,0,0,0.0
OFFENSE INVOLVING CHILDREN,9,13,Friday,Yes,0,0,0.07
BATTERY,2,9,Wednesday,Yes,0,0,0.02731828535928764
ROBBERY,6,16,Friday,No,0,0,0.05137955513003286
ASSAULT,4,10,Monday,No,0,1,0.5854699161886239
MOTOR VEHICLE THEFT,25,12,Tuesday,No,0,0,0.13490453918315382
WEAPONS VIOLATION,11,18,Wednesday,No,0,0,0.2908110124958288
OTHER OFFENSE,1,2,Sunday,Yes,0,0,0.026903025230180556
THEFT,8,20,Friday,No,0,0,0.00577073807968648
CRIMINAL DAMAGE,7,0,Sunday,No,1,0,0.008451512615090279
THEFT,22,15,Friday,No,0,0,0.0
THEFT,18,18,Tuesday,No,0,0,0.3082088375596768
OTHER OFFENSE,10,16,Tuesday,No,0,1,0.9591607802475537
ASSAULT,8,16,Wednesday,No,0,0,0.0
MOTOR VEHICLE THEFT,6,21,Sunday,No,0,0,0.4885844542738601
BATTERY,18,18,Thursday,No,1,0,0.0
BATTERY,4,0,Thursday,Yes,1,1,0.7363728537867037
ASSAULT,16,22,Thursday,Yes,1,0,0.4289114902916702
BURGLARY,11,9,Friday,No,0,0,0.0
CRIMINAL SEXUAL ASSAULT,15,0,Tuesday,No,0,0,0.04422131058946819
ASSAULT,14,18,Wednesday,Yes,0,0,0.07645302656806355
BURGLARY,12,15,Tuesday,No,0,0,0.01
THEFT,14,11,Tuesday,No,0,1,0.6428803704453572
BATTERY,3,0,Sunday,Yes,1,0,0.49283561945849763
MOTOR VEHICLE THEFT,8,1,Tuesday,No,0,0,0.0
CRIMINAL DAMAGE,15,2,Wednesday,Yes,0,0,0.01
THEFT,8,8,Saturday,No,1,0,0.0
ASSAULT,7,17,Friday,Yes,1,0,0.0987265524950578
ASSAULT,6,12,Wednesday,Yes,1,0,0.1541583647998407
THEFT,18,14,Wednesday,No,0,0,0.0
ASSAULT,5,16,Sunday,No,1,1,0.5609138741102843
THEFT,17,17,Thursday,No,0,1,0.6854638960537006
CRIMINAL TRESPASS,24,7,Friday,No,1,0,0.1
BURGLARY,18,18,Saturday,No,0,0,0.0
DECEPTIVE PRACTICE,19,12,Saturday,No,0,0,0.0
THEFT,1,17,Thursday,No,1,1,0.8138849782660721
DECEPTIVE PRACTICE,14,21,Monday,No,0,0,0.0
DECEPTIVE PRACTICE,3,7,Wednesday,No,0,0,0.0
BATTERY,3,9,Tuesday,Yes,0,0,0.0
ASSAULT,16,2,Saturday,No,0,0,0.45521893228974375
ASSAULT,14,18,Sunday,No,0,0,0.06731828535928763
BATTERY,3,7,Friday,No,0,0,0.01
THEFT,14,12,Thursday,No,0,0,0.4924867607213244
ASSAULT,12,13,Saturday,No,0,0,0.0
ASSAULT,20,21,Wednesday,No,0,0,0.06435499708499212
THEFT,9,9,Sunday,No,0,0,0.0
ASSAULT,4,20,Monday,Yes,0,0,0.28767929919299945
CRIMINAL DAMAGE,19,8,Wednesday,No,0,0,0.0
THEFT,12,20,Monday,No,0,1,0.6428801140292562
OTHER OFFENSE,5,0,Friday,No,0,0,0.11054547261585772
BATTERY,22,19,Friday,Yes,0,0,0.035969167213784965
CRIMINAL DAMAGE,16,22,Tuesday,No,0,0,0.05845151261509028
DECEPTIVE PRACTICE,12,12,Sunday,No,0,0,0.0
CRIMINAL DAMAGE,17,18,Sunday,No,0,0,0.21
CRIMINAL DAMAGE,12,0,Friday,No,1,1,0.5410929314950296
OTHER OFFENSE,9,10,Wednesday,No,0,0,0.07
THEFT,12,14,Friday,No,0,0,0.4167830314331274
ROBBERY,22,6,Monday,No,0,0,0.02
THEFT,2,9,Monday,No,0,0,0.0
OTHER OFFENSE,9,14,Tuesday,No,0,0,0.053816029474823994
OTHER OFFENSE,24,8,Sunday,Yes,0,0,0.117884112006758
THEFT,7,17,Monday,No,0,0,0.0
THEFT,12,18,Sunday,No,0,0,0.00803668890236507
BATTERY,14,20,Tuesday,Yes,0,0,0.032995866056007024
THEFT,9,11,Friday,No,0,0,0.4043726283123564
THEFT,20,10,Thursday,No,0,0,0.0
THEFT,19,9,Wednesday,No,0,0,0.0
DECEPTIVE PRACTICE,24,12,Monday,No,0,0,0.0
BATTERY,19,16,Sunday,Yes,0,0,0.017318285359287637
THEFT,6,16,Sunday,No,0,1,0.58
BATTERY,25,13,Tuesday,Yes,0,0,0.017461107765425653
BATTERY,6,14,Wednesday,No,0,0,0.08
THEFT,17,14,Monday,No,0,1,0.7262540790274886
THEFT,17,21,Thursday,No,0,0,0.3331047263804699
NARCOTICS,15,15,Saturday,No,1,1,1.0
CRIMINAL DAMAGE,25,3,Tuesday,No,0,0,0.0
OTHER OFFENSE,10,11,Wednesday,Yes,0,0,0.0
BATTERY,19,23,Thursday,No,0,0,0.0
THEFT,7,12,Sunday,Yes,1,0,0.0
ROBBERY,11,1,Saturday,No,0,0,0.0
MOTOR VEHICLE THEFT,2,16,Wednesday,No,0,0,0.0
CRIMINAL DAMAGE,24,16,Wednesday,No,0,0,0.02645302656806354
THEFT,8,13,Saturday,No,0,0,0.0
DECEPTIVE PRACTICE,2,0,Tuesday,No,0,0,0.0
DECEPTIVE PRACTICE,19,1,Monday,No,0,0,0.0615405360540644
DECEPTIVE PRACTICE,19,0,Friday,No,0,0,0.006453026568063544
OTHER OFFENSE,2,10,Saturday,No,0,0,0.007318285359287636
BATTERY,9,0,Thursday,Yes,0,1,0.5039065441501474
MOTOR VEHICLE THEFT,1,2,Monday,No,0,0,0.01
CRIMINAL TRESPASS,10,15,Sunday,No,1,0,0.288995897652639
WEAPONS VIOLATION,2,1,Thursday,Yes,1,0,0.29
BATTERY,12,11,Monday,Yes,0,0,0.07094561649223069
ASSAULT,11,17,Tuesday,No,0,0,0.02647906560684126
OTHER OFFENSE,3,4,Monday,No,0,0,0.4884515126150903
BATTERY,24,8,Tuesday,Yes,0,0,0.07336806216259671
DECEPTIVE PRACTICE,10,18,Friday,No,0,0,0.024636570718575276
BATTERY,12,8,Friday,Yes,0,0,0.00803668890236507
WEAPONS VIOLATION,5,10,Tuesday,No,1,1,0.9691607802475537
THEFT,22,0,Thursday,No,0,0,0.0
DECEPTIVE PRACTICE,24,8,Saturday,No,0,0,0.017844181787914103
OTHER OFFENSE,3,6,Thursday,Yes,0,0,0.10590348446990186
BATTERY,12,14,Friday,No,0,0,0.0
WEAPONS VIOLATION,2,20,Saturday,No,1,1,0.78
CRIMINAL DAMAGE,9,8,Saturday,No,0,0,0.0551942168374385
THEFT,2,11,Wednesday,No,0,0,0.0
BATTERY,7,22,Friday,Yes,0,0,0.1298740744438747
CRIMINAL TRESPASS,7,15,Wednesday,No,1,1,0.5980186615555971
THEFT,25,21,Thursday,No,0,0,0.08069430507608127
BURGLARY,14,10,Wednesday,No,0,0,0.0
BATTERY,5,14,Thursday,No,0,0,0.3793534255378275
BATTERY,18,23,Sunday,No,1,0,0.0596777852400262
CRIMINAL DAMAGE,22,18,Thursday,No,0,0,0.0
OTHER OFFENSE,24,23,Thursday,Yes,0,0,0.09
CRIMINAL DAMAGE,8,0,Tuesday,No,0,0,0.37059331619247243
THEFT,6,13,Friday,No,1,1,0.79
ASSAULT,14,13,Saturday,No,0,0,0.02521893228974378
NARCOTICS,11,12,Thursday,No,1,1,0.921351010223006
DECEPTIVE PRACTICE,12,9,Monday,No,0,0,0.0
BATTERY,11,15,Thursday,Yes,0,0,0.0
THEFT,8,21,Wednesday,No,1,0,0.0
CRIMINAL DAMAGE,14,12,Friday,No,0,0,0.01
ASSAULT,19,4,Friday,Yes,0,0,0.05
BURGLARY,5,23,Thursday,No,0,0,0.04
THEFT,8,18,Tuesday,No,0,0,0.41710379222940935
BATTERY,6,23,Wednesday,Yes,0,0,0.04376375238555135
BATTERY,5,23,Sunday,No,0,0,0.01766068138299794
THEFT,14,0,Wednesday,No,0,0,0.0
BATTERY,24,18,Wednesday,No,0,0,0.3991480753662075
THEFT,8,18,Sunday,No,1,0,0.41699418861006365
ASSAULT,22,16,Saturday,No,0,0,0.04
THEFT,9,12,Monday,No,0,0,0.01
OTHER OFFENSE,16,23,Sunday,No,0,0,0.15883355833473414
ASSAULT,3,9,Wednesday,No,0,0,0.37042299542192436
ARSON,4,20,Monday,No,0,0,0.21338303094233038
CRIMINAL DAMAGE,25,10,Sunday,No,0,0,0.0
BATTERY,16,0,Wednesday,Yes,0,0,0.1657697979743779
BATTERY,16,4,Thursday,Yes,0,1,0.7433560517982442
THEFT,18,17,Saturday,No,0,0,0.2566432529789973
THEFT,1,11,Saturday,No,0,0,0.46073976283016416
THEFT,24,18,Tuesday,No,0,0,0.0
BATTERY,8,2,Monday,Yes,0,0,0.4347657077411007
OTHER OFFENSE,7,11,Tuesday,No,0,0,0.1882875701254842
CRIMINAL DAMAGE,12,17,Thursday,No,0,0,0.0
DECEPTIVE PRACTICE,12,21,Tuesday,No,0,0,0.05
BATTERY,2,15,Tuesday,No,0,0,0.006453026568063544
BATTERY,12,8,Wednesday,No,0,0,0.0
OTHER OFFENSE,20,11,Saturday,No,0,0,0.15437219081761167
THEFT,9,3,Monday,No,0,0,0.0
OFFENSE INVOLVING CHILDREN,24,3,Saturday,Yes,0,0,0.3494244188630606
ROBBERY,22,14,Tuesday,No,1,0,0.47
BATTERY,7,8,Wednesday,No,1,0,0.008451512615090279
CRIMINAL DAMAGE,5,23,Sunday,No,0,0,0.0
OTHER OFFENSE,25,15,Friday,Yes,0,0,0.037318285359287634
MOTOR VEHICLE THEFT,2,14,Wednesday,No,0,0,0.030258527684889697
THEFT,3,9,Friday,No,0,0,0.0
THEFT,18,17,Wednesday,No,0,1,0.5138047078250247
ASSAULT,3,11,Thursday,Yes,0,0,0.04700496203546774
BATTERY,10,18,Saturday,No,0,0,0.4565692122286148
THEFT,2,18,Friday,No,0,0,0.0
MOTOR VEHICLE THEFT,24,20,Tuesday,No,0,0,0.0
ASSAULT,22,14,Friday,No,0,0,0.06377131192735118
CRIMINAL DAMAGE,25,13,Wednesday,No,0,0,0.0
THEFT,17,21,Saturday,No,0,0,0.0
ASSAULT,4,20,Sunday,Yes,0,0,0.1112677752110959
CRIMINAL DAMAGE,15,17,Tuesday,No,0,0,0.33688303859125485
CRIMINAL TRESPASS,12,16,Friday,No,0,0,0.16930062023434395
THEFT,19,2,Thursday,No,0,0,0.050770028458776206
ASSAULT,19,7,Monday,No,0,1,0.64
THEFT,24,17,Friday,No,0,0,0.0
CRIMINAL DAMAGE,16,1,Friday,No,0,0,0.008451512615090279
ASSAULT,15,10,Sunday,No,1,0,0.0
THEFT,3,12,Tuesday,No,0,0,0.02892606274421664
BURGLARY,19,6,Tuesday,No,0,0,0.0
SEX OFFENSE,1,0,Friday,No,0,0,0.11367044490483405
MOTOR VEHICLE THEFT,9,23,Tuesday,No,0,0,0.0
MOTOR VEHICLE THEFT,12,18,Friday,No,0,0,0.0
BATTERY,7,20,Wednesday,Yes,0,1,0.7885789872380325
BURGLARY,25,5,Monday,No,0,0,0.0
BATTERY,6,16,Saturday,Yes,0,1,0.7164882015174553
BATTERY,22,11,Tuesday,Yes,0,0,0.0
MOTOR VEHICLE THEFT,12,18,Friday,No,0,0,0.0
THEFT,9,10,Wednesday,No,0,0,0.008451512615090279
ASSAULT,3,9,Wednesday,Yes,0,0,0.0
BATTERY,15,21,Monday,Yes,0,1,0.84
BATTERY,8,9,Thursday,No,1,0,0.03845151261509028
DECEPTIVE PRACTICE,17,16,Monday,No,0,0,0.0
THEFT,12,16,Tuesday,No,0,0,0.0
BATTERY,18,15,Friday,No,0,0,0.423844915498779
MOTOR VEHICLE THEFT,3,16,Friday,No,0,0,0.0
CRIMINAL DAMAGE,7,11,Thursday,Yes,0,0,0.0
BATTERY,18,0,Thursday,No,1,1,0.7360928408258265
BURGLARY,25,17,Wednesday,No,0,0,0.0
NARCOTICS,11,18,Thursday,No,1,1,1.0
NARCOTICS,25,12,Tuesday,No,1,1,0.9549305782219315
MOTOR VEHICLE THEFT,19,19,Thursday,No,0,0,0.0
THEFT,20,16,Tuesday,No,0,0,0.0
CRIMINAL DAMAGE,19,13,Tuesday,No,0,0,0.01
CRIMINAL DAMAGE,8,0,Wednesday,No,0,0,0.0
BURGLARY,14,2,Wednesday,No,0,0,0.0
THEFT,18,17,Wednesday,No,0,1,0.5138047078250247
ASSAULT,5,11,Thursday,No,0,0,0.19864250267362848
BURGLARY,1,1,Thursday,No,0,0,0.0
BATTERY,25,12,Saturday,No,0,0,0.0697356200990364
THEFT,18,7,Tuesday,No,0,0,0.04682015254872641
WEAPONS VIOLATION,4,19,Thursday,No,1,1,0.9385851991106142
CRIMINAL DAMAGE,5,15,Tuesday,Yes,0,0,0.04941646753221526
BATTERY,22,16,Monday,Yes,0,1,0.6048031389333082
NARCOTICS,11,16,Thursday,No,1,1,1.0
CRIMINAL DAMAGE,25,20,Friday,No,0,0,0.0
OTHER OFFENSE,12,16,Tuesday,No,0,0,0.07750245455628665
BATTERY,16,18,Saturday,No,0,0,0.13743945893688392
CRIMINAL DAMAGE,11,2,Saturday,No,0,0,0.0201234714728976
THEFT,16,12,Friday,No,0,0,0.0
THEFT,14,21,Tuesday,No,0,1,0.5489914603841135
OTHER OFFENSE,6,11,Monday,No,0,1,0.5949138990215108
BATTERY,4,17,Monday,No,0,0,0.02
BATTERY,14,14,Monday,Yes,0,0,0.2036067116997542
CRIMINAL DAMAGE,17,13,Monday,No,0,0,0.03891149029167017
MOTOR VEHICLE THEFT,7,8,Tuesday,No,0,0,0.02
THEFT,3,8,Monday,No,0,0,0.01341112618511411
BATTERY,15,0,Thursday,No,0,0,0.3951055405193383
DECEPTIVE PRACTICE,18,11,Monday,No,0,0,0.0
THEFT,18,18,Friday,No,0,0,0.4183067646787289
ASSAULT,2,15,Tuesday,No,0,0,0.0
MOTOR VEHICLE THEFT,2,22,Tuesday,No,0,0,0.0
THEFT,12,1,Saturday,No,0,0,0.0
CRIMINAL TRESPASS,4,8,Saturday,No,0,1,0.5623338972583427
BATTERY,8,17,Tuesday,Yes,0,0,0.0
BATTERY,16,14,Saturday,Yes,1,0,0.0
CRIMINAL DAMAGE,11,14,Friday,Yes,0,0,0.38
OTHER OFFENSE,8,15,Sunday,Yes,0,0,0.03
BATTERY,2,23,Tuesday,Yes,0,1,0.7239046530619216
CRIMINAL DAMAGE,16,1,Friday,No,0,0,0.008451512615090279
BATTERY,12,18,Monday,No,0,0,0.0
MOTOR VEHICLE THEFT,15,4,Tuesday,No,0,0,0.016903025230180557
THEFT,9,23,Saturday,No,0,1,0.5890603608622386
MOTOR VEHICLE THEFT,7,19,Monday,No,0,0,0.008451512615090279
THEFT,18,0,Wednesday,No,0,0,0.0
BURGLARY,16,20,Friday,No,0,0,0.0
DECEPTIVE PRACTICE,1,15,Tuesday,No,0,0,0.01
THEFT,8,11,Wednesday,No,0,0,0.0
OTHER OFFENSE,10,12,Thursday,No,0,0,0.016453026568063543
THEFT,9,18,Thursday,No,0,0,0.0
CRIMINAL DAMAGE,2,10,Tuesday,No,0,0,0.0
BATTERY,2,16,Monday,No,0,0,0.042248863581219175
THEFT,18,9,Sunday,No,0,1,0.8767037058195679
DECEPTIVE PRACTICE,18,12,Friday,No,1,1,0.539155189876696
OTHER OFFENSE,22,15,Monday,No,0,1,0.54
CRIMINAL DAMAGE,10,22,Thursday,No,0,0,0.0
ASSAULT,9,23,Sunday,No,1,0,0.170968344660888
BATTERY,12,10,Friday,Yes,0,0,0.018451512615090277
THEFT,14,19,Sunday,No,1,1,0.6854799048391855
CRIMINAL DAMAGE,24,12,Sunday,No,0,0,0.02167195885780732
DECEPTIVE PRACTICE,1,13,Tuesday,No,0,0,0.0
ROBBERY,19,0,Saturday,No,1,0,0.023613979762292018
BATTERY,9,12,Saturday,Yes,0,0,0.14203333979160393
BATTERY,15,4,Wednesday,Yes,0,0,0.10379735096612891
BATTERY,16,20,Saturday,Yes,0,0,0.0
CRIMINAL DAMAGE,2,20,Saturday,No,0,0,0.0
ROBBERY,12,15,Friday,No,0,0,0.06677307311019753
ASSAULT,3,19,Sunday,Yes,0,1,0.5511436649325389
BURGLARY,16,7,Thursday,No,0,0,0.0
THEFT,19,18,Sunday,No,0,0,0.0
ASSAULT,8,14,Tuesday,No,0,0,0.0
BURGLARY,16,4,Saturday,No,0,0,0.0
ASSAULT,11,9,Wednesday,No,0,1,0.6013738281639697
BATTERY,1,17,Monday,No,0,0,0.0667386456650934
BATTERY,11,20,Tuesday,Yes,0,0,0.047318285359287636
THEFT,16,11,Sunday,No,0,0,0.037612292862643906
MOTOR VEHICLE THEFT,2,12,Monday,No,0,0,0.0
THEFT,5,12,Sunday,No,0,0,0.04
CRIMINAL DAMAGE,25,4,Saturday,No,0,0,0.0
NARCOTICS,10,19,Thursday,No,1,1,0.99
MOTOR VEHICLE THEFT,2,21,Friday,No,0,0,0.0
THEFT,18,12,Wednesday,No,0,0,0.0
ASSAULT,15,14,Thursday,Yes,0,0,0.05
THEFT,19,10,Tuesday,No,0,0,0.30643019890468376
BATTERY,25,0,Saturday,Yes,0,0,0.059465011239832964
BATTERY,6,9,Saturday,Yes,0,0,0.0
BATTERY,20,12,Thursday,Yes,0,0,0.26845151261509026
BATTERY,25,23,Saturday,Yes,0,1,0.9233838993851738
OTHER OFFENSE,22,16,Monday,Yes,0,0,0.08041974266803488
CRIMINAL TRESPASS,3,15,Thursday,Yes,1,0,0.06673857905164779
INTERFERENCE WITH PUBLIC OFFICER,8,19,Thursday,No,1,1,0.9240653194307075
CRIMINAL DAMAGE,19,8,Monday,No,0,0,0.0
THEFT,2,13,Saturday,No,0,0,0.4063659081412921
CRIMINAL DAMAGE,9,19,Wednesday,No,0,0,0.0
NARCOTICS,7,2,Saturday,No,1,1,0.958116093989717
CRIMINAL DAMAGE,14,3,Wednesday,No,0,0,0.02
BURGLARY,9,23,Friday,No,0,0,0.01942441886306058
ROBBERY,17,7,Wednesday,No,0,1,0.6284515126150904
MOTOR VEHICLE THEFT,7,1,Monday,No,0,0,0.03
BURGLARY,24,17,Sunday,No,1,0,0.0
BATTERY,4,10,Wednesday,No,0,0,0.09
BATTERY,2,12,Tuesday,No,0,0,0.0
BATTERY,6,10,Wednesday,Yes,1,0,0.13295295104774524
BATTERY,6,11,Monday,Yes,0,0,0.4770599148408479
THEFT,12,20,Monday,No,0,1,0.6428801140292562
CRIMINAL DAMAGE,19,12,Monday,No,0,0,0.0
BATTERY,5,20,Wednesday,No,0,0,0.0
DECEPTIVE PRACTICE,12,12,Saturday,No,0,0,0.0
THEFT,15,11,Monday,No,0,0,0.01
SEX OFFENSE,6,23,Tuesday,No,0,0,0.04
THEFT,17,0,Thursday,No,0,0,0.0
NARCOTICS,6,13,Tuesday,No,1,1,1.0
ASSAULT,4,13,Sunday,No,0,0,0.0
THEFT,1,9,Tuesday,No,1,0,0.46680227674955227
THEFT,24,22,Friday,No,0,0,0.0
NARCOTICS,11,15,Thursday,No,1,1,1.0
CRIMINAL DAMAGE,12,0,Saturday,No,0,0,0.0
THEFT,12,15,Monday,No,0,0,0.004055542804682121
DECEPTIVE PRACTICE,8,9,Thursday,No,0,0,0.3819920649099247
THEFT,11,7,Monday,No,0,0,0.07
NARCOTICS,10,11,Wednesday,No,1,1,1.0
WEAPONS VIOLATION,5,13,Tuesday,No,1,1,0.6811817933838236
ASSAULT,15,7,Thursday,No,0,0,0.02
MOTOR VEHICLE THEFT,8,22,Friday,No,0,0,0.0
THEFT,18,8,Wednesday,No,1,1,0.6790130124670987
ROBBERY,1,1,Thursday,No,0,0,0.02
THEFT,12,15,Sunday,No,0,0,0.0
THEFT,3,0,Thursday,No,0,0,0.0
CRIMINAL DAMAGE,22,2,Sunday,No,0,0,0.0
THEFT,14,2,Thursday,No,0,0,0.01648820151745535
THEFT,20,17,Thursday,No,0,0,0.44645090902350687
MOTOR VEHICLE THEFT,18,14,Thursday,No,0,0,0.0
CRIMINAL SEXUAL ASSAULT,18,3,Thursday,No,0,0,0.00577073807968648
OTHER OFFENSE,10,9,Sunday,Yes,0,0,0.21369243428364953
BURGLARY,5,0,Sunday,No,0,0,0.0
ASSAULT,24,8,Thursday,Yes,0,0,0.02490453918315382
MOTOR VEHICLE THEFT,6,23,Thursday,No,0,0,0.009646512897502388
THEFT,6,19,Thursday,No,0,0,0.0
THEFT,9,6,Wednesday,No,0,0,0.0
OTHER OFFENSE,7,23,Saturday,No,0,0,0.21
OTHER OFFENSE,11,1,Monday,Yes,0,0,0.01
BATTERY,5,17,Wednesday,Yes,1,0,0.06
BATTERY,3,6,Sunday,Yes,0,0,0.01
THEFT,24,17,Thursday,No,0,0,0.0
CRIMINAL TRESPASS,12,0,Monday,No,1,0,0.19
CRIMINAL DAMAGE,25,10,Sunday,No,0,0,0.0
WEAPONS VIOLATION,7,16,Saturday,No,0,1,0.75
ASSAULT,9,19,Sunday,Yes,0,0,0.2316719588578073
BURGLARY,4,7,Tuesday,No,0,0,0.01
HOMICIDE,7,23,Wednesday,No,0,0,0.17
OFFENSE INVOLVING CHILDREN,12,12,Monday,No,0,0,0.030989670369430254
BATTERY,6,15,Thursday,Yes,0,0,0.01787593147815086
THEFT,19,16,Saturday,No,0,0,0.3908220309582145
ASSAULT,25,18,Wednesday,No,0,0,0.0
DECEPTIVE PRACTICE,7,17,Thursday,No,0,0,0.02645302656806354
THEFT,16,15,Friday,No,1,0,0.0
THEFT,16,15,Monday,No,0,0,0.0
THEFT,1,20,Tuesday,No,0,1,0.6792662610060215
CRIMINAL DAMAGE,8,5,Tuesday,No,0,0,0.16183277624057066
CRIMINAL DAMAGE,10,3,Saturday,No,0,0,0.005218932289743779
ASSAULT,19,14,Wednesday,No,0,0,0.042941228085518895
BATTERY,9,5,Friday,Yes,1,0,0.2
THEFT,17,6,Saturday,No,0,0,0.03493057822193154
CRIMINAL DAMAGE,3,16,Friday,No,0,0,0.006453026568063544
THEFT,14,21,Saturday,No,0,0,0.4647640026301353
BATTERY,7,1,Saturday,No,0,0,0.09513719713825541
MOTOR VEHICLE THEFT,6,9,Wednesday,No,0,0,0.0
THEFT,8,2,Saturday,No,0,0,0.007318285359287636
ASSAULT,10,17,Friday,Yes,1,0,0.4867485393791206
THEFT,3,19,Sunday,No,0,1,0.6369030252301805
THEFT,12,16,Saturday,No,0,1,0.5124016867126834
CRIMINAL DAMAGE,17,19,Thursday,No,0,0,0.008451512615090279
DECEPTIVE PRACTICE,3,16,Friday,No,0,0,0.0
OTHER OFFENSE,22,22,Wednesday,No,0,1,0.7269030252301806
ASSAULT,15,2,Saturday,No,0,0,0.04
THEFT,11,1,Wednesday,No,0,0,0.056165742283021354
ASSAULT,3,10,Thursday,No,0,0,0.030964954917124973
THEFT,7,17,Monday,No,0,0,0.0
WEAPONS VIOLATION,1,21,Friday,No,0,1,0.9973182853592877
BATTERY,4,9,Friday,Yes,0,0,0.44484093362043553
THEFT,19,14,Friday,No,0,1,0.5568253218116056
THEFT,19,9,Friday,No,0,0,0.0
DECEPTIVE PRACTICE,9,14,Wednesday,No,0,0,0.01
CRIMINAL DAMAGE,15,10,Monday,Yes,0,0,0.12690302523018054
BATTERY,6,23,Thursday,Yes,0,0,0.43725084170395123
OTHER OFFENSE,3,10,Tuesday,No,0,0,0.014636570718575275
BATTERY,14,12,Friday,No,0,0,0.024904539183153825
BATTERY,19,15,Thursday,No,0,0,0.0
BATTERY,8,4,Wednesday,No,1,0,0.0
THEFT,18,13,Monday,No,0,0,0.41372162656154143
THEFT,18,18,Wednesday,No,0,0,0.2676066356359979
ASSAULT,17,15,Friday,No,0,0,0.03391721423026595
BATTERY,25,0,Monday,Yes,0,1,0.5666340622897692
ASSAULT,10,11,Monday,No,0,0,0.24327905751184967
OTHER OFFENSE,6,15,Sunday,No,0,0,0.26323169316714495
CRIMINAL SEXUAL ASSAULT,2,15,Friday,No,0,0,0.015769797974377914
MOTOR VEHICLE THEFT,15,19,Tuesday,No,0,0,0.0
BATTERY,18,21,Thursday,No,0,0,0.0
THEFT,19,20,Monday,No,0,0,0.004212031822651292
THEFT,10,9,Tuesday,No,0,1,0.6969030252301807
BATTERY,1,14,Sunday,Yes,0,0,0.19398702185551875
DECEPTIVE PRACTICE,1,14,Monday,No,0,1,0.5299039767179736
ASSAULT,12,11,Friday,No,0,0,0.0
THEFT,1,15,Saturday,No,0,0,0.0
ASSAULT,15,9,Wednesday,No,0,0,0.04367044490483406
THEFT,1,12,Wednesday,No,0,1,0.5084092026845501
ASSAULT,8,11,Wednesday,No,0,0,0.00685847363058561
CRIMINAL DAMAGE,2,19,Thursday,No,0,0,0.0
NARCOTICS,11,9,Saturday,No,1,1,0.9960638054777342
MOTOR VEHICLE THEFT,2,7,Saturday,No,0,0,0.0
MOTOR VEHICLE THEFT,6,16,Friday,No,0,0,0.0
BURGLARY,24,6,Saturday,No,0,0,0.018451512615090277
BATTERY,8,1,Saturday,Yes,0,0,0.0542794653605124
ASSAULT,4,9,Monday,No,0,0,0.013089023438974117
OTHER OFFENSE,10,12,Saturday,No,0,0,0.01
BURGLARY,5,0,Sunday,No,0,0,0.0
THEFT,24,3,Friday,No,0,0,0.01
MOTOR VEHICLE THEFT,19,9,Friday,No,0,0,0.01
MOTOR VEHICLE THEFT,12,6,Tuesday,No,0,0,0.0
CRIMINAL DAMAGE,17,12,Sunday,No,0,0,0.0
ASSAULT,5,14,Monday,No,0,0,0.0
DECEPTIVE PRACTICE,4,6,Tuesday,No,0,0,0.024222250694776758
CRIMINAL TRESPASS,3,17,Saturday,Yes,0,0,0.1348307987777234
CRIMINAL SEXUAL ASSAULT,18,0,Wednesday,No,0,0,0.0
DECEPTIVE PRACTICE,1,0,Saturday,No,0,0,0.014931518327240106
THEFT,18,19,Monday,No,0,0,0.33295799597639403
BATTERY,6,0,Saturday,No,0,0,0.09244280757495847
OTHER OFFENSE,12,22,Sunday,No,0,1,0.68
THEFT,17,16,Tuesday,No,0,1,0.6873460615884396
ROBBERY,18,2,Wednesday,No,0,0,0.0
CRIMINAL DAMAGE,17,21,Thursday,No,0,0,0.02
CRIMINAL DAMAGE,11,3,Saturday,No,0,0,0.01943601661717469
OTHER OFFENSE,16,17,Tuesday,Yes,1,1,0.55
OTHER OFFENSE,24,9,Thursday,Yes,0,0,0.18
BATTERY,8,10,Sunday,Yes,0,0,0.053960237226369445
THEFT,25,6,Tuesday,No,0,0,0.02
THEFT,19,18,Friday,No,0,0,0.05150185563149652
THEFT,1,20,Sunday,No,1,0,0.0
THEFT,9,15,Thursday,No,0,1,0.5318295027510224
CRIMINAL DAMAGE,3,11,Tuesday,No,0,0,0.008911490291670168
BATTERY,15,10,Monday,No,0,0,0.018451512615090277
CRIMINAL TRESPASS,4,18,Tuesday,No,0,1,0.73
DECEPTIVE PRACTICE,8,22,Saturday,No,0,0,0.16
THEFT,14,5,Saturday,No,0,0,0.0
THEFT,11,11,Friday,No,0,0,0.0
OTHER OFFENSE,25,20,Friday,No,0,1,0.96
CRIMINAL DAMAGE,4,3,Tuesday,No,0,0,0.0
ASSAULT,9,19,Monday,Yes,0,0,0.01
CRIMINAL DAMAGE,4,0,Saturday,No,0,0,0.00942441886306058
ASSAULT,19,17,Thursday,No,0,0,0.00577073807968648
MOTOR VEHICLE THEFT,25,11,Saturday,No,0,0,0.04
MOTOR VEHICLE THEFT,2,23,Wednesday,No,0,0,0.0
MOTOR VEHICLE THEFT,12,8,Friday,No,0,0,0.0
ASSAULT,8,23,Saturday,No,0,0,0.2091607802475536
CRIMINAL SEXUAL ASSAULT,19,2,Sunday,Yes,0,0,0.08575186295630172
DECEPTIVE PRACTICE,25,11,Thursday,No,0,0,0.0
MOTOR VEHICLE THEFT,1,22,Saturday,No,0,0,0.0
THEFT,5,16,Saturday,No,0,1,0.5922090115928428
BATTERY,5,10,Wednesday,No,0,0,0.03576979797437792
THEFT,11,20,Wednesday,No,0,0,0.0
NARCOTICS,9,11,Tuesday,No,1,1,0.977612292862644
BATTERY,15,8,Wednesday,No,0,1,0.5248654451872461
MOTOR VEHICLE THEFT,10,0,Thursday,No,0,0,0.0
THEFT,8,1,Saturday,No,0,0,0.0
ROBBERY,24,12,Tuesday,No,0,0,0.11690302523018055
CRIMINAL DAMAGE,10,5,Monday,Yes,0,0,0.13
OTHER OFFENSE,5,5,Sunday,No,0,0,0.04
THEFT,2,0,Sunday,No,0,0,0.0
BATTERY,25,19,Thursday,Yes,0,0,0.18542865628596633
BURGLARY,14,0,Saturday,No,0,0,0.02
THEFT,4,0,Tuesday,No,0,0,0.05767929919299946
BATTERY,7,1,Saturday,Yes,0,0,0.4815331723110758
ROBBERY,9,18,Friday,No,0,0,0.01
OTHER OFFENSE,6,8,Monday,No,0,0,0.018451512615090277
BURGLARY,2,23,Sunday,No,0,0,0.0
BATTERY,12,22,Sunday,No,0,0,0.04377131192735118
DECEPTIVE PRACTICE,16,12,Wednesday,No,0,0,0.0
ASSAULT,8,16,Friday,No,0,0,0.0
BATTERY,12,18,Wednesday,Yes,0,0,0.15246076999154815
ASSAULT,18,15,Friday,No,0,0,0.046063805477734185
ASSAULT,2,1,Saturday,No,0,0,0.15731828535928763
BATTERY,2,20,Friday,Yes,0,0,0.2159397829041951
THEFT,12,17,Monday,No,0,0,0.4276907653107964
THEFT,12,17,Sunday,No,0,0,0.0
CRIMINAL DAMAGE,4,13,Wednesday,No,0,0,0.0
BATTERY,11,20,Friday,Yes,0,0,0.08894824062794358
WEAPONS VIOLATION,6,19,Friday,No,1,1,0.57
ASSAULT,14,10,Saturday,No,0,0,0.041096377720867903
BURGLARY,10,6,Monday,No,0,0,0.0
THEFT,8,19,Thursday,No,0,0,0.3498338749645413
THEFT,1,16,Tuesday,No,0,0,0.0
THEFT,16,2,Wednesday,No,0,0,0.16
DECEPTIVE PRACTICE,18,21,Saturday,No,0,0,0.4874057791138577
CRIMINAL TRESPASS,18,23,Wednesday,No,1,1,0.6814543613762456
ASSAULT,20,17,Sunday,Yes,0,0,0.13
CRIMINAL DAMAGE,2,4,Thursday,No,0,0,0.0
THEFT,17,20,Tuesday,No,0,0,0.015494168659364848
SEX OFFENSE,8,18,Monday,No,0,0,0.009600014543509353
BATTERY,16,8,Thursday,No,0,0,0.017318285359287637
THEFT,12,12,Thursday,No,0,0,0.47232257136447936
CRIMINAL DAMAGE,15,0,Sunday,No,0,0,0.0
BATTERY,7,6,Thursday,Yes,0,0,0.024930578221931537
BATTERY,9,9,Friday,Yes,0,0,0.17
MOTOR VEHICLE THEFT,1,20,Sunday,No,0,0,0.017318285359287637
ASSAULT,12,17,Tuesday,No,0,0,0.12
INTERFERENCE WITH PUBLIC OFFICER,12,20,Monday,No,0,1,0.9273182853592877
BURGLARY,3,12,Sunday,No,0,0,0.0
INTERFERENCE WITH PUBLIC OFFICER,25,20,Monday,No,1,1,0.9476122928626438
BATTERY,12,17,Wednesday,No,0,0,0.15899589765263897
BATTERY,16,1,Saturday,No,0,1,0.8169119059036137
BURGLARY,14,12,Friday,No,0,0,0.0
BURGLARY,5,22,Wednesday,No,0,0,0.00577073807968648
BATTERY,10,2,Wednesday,Yes,0,1,0.95
BATTERY,14,18,Thursday,No,0,0,0.06267376330986704
THEFT,18,16,Thursday,No,0,0,0.4386417295820531
BATTERY,7,20,Tuesday,Yes,1,0,0.14280965996629283
CRIMINAL DAMAGE,4,14,Sunday,No,0,0,0.01
DECEPTIVE PRACTICE,2,13,Saturday,No,0,0,0.0
NARCOTICS,5,16,Sunday,No,1,1,0.9889114902916701
THEFT,1,12,Tuesday,No,0,1,0.5613414859556278
BATTERY,15,13,Friday,No,0,0,0.23137971493872145
THEFT,12,7,Thursday,No,0,0,0.4580663996074664
CRIMINAL TRESPASS,11,12,Thursday,Yes,0,0,0.15
BATTERY,8,2,Friday,Yes,0,1,0.524706036907213
BATTERY,25,14,Friday,No,0,0,0.008451512615090279
THEFT,12,14,Tuesday,No,0,0,0.0
CRIMINAL DAMAGE,7,9,Tuesday,No,0,0,0.0
BATTERY,16,12,Thursday,No,1,0,0.01
THEFT,12,17,Tuesday,No,0,0,0.32555742542459126
THEFT,18,16,Monday,No,0,0,0.0
MOTOR VEHICLE THEFT,22,0,Saturday,No,0,0,0.01
THEFT,1,14,Wednesday,No,0,0,0.30009583184515704
MOTOR VEHICLE THEFT,25,16,Friday,No,0,0,0.0
BATTERY,14,15,Monday,Yes,1,0,0.10450450759666746
THEFT,22,9,Monday,No,0,0,0.006453026568063544
BATTERY,7,3,Friday,Yes,0,1,0.6591518888113999
THEFT,12,16,Saturday,No,0,1,0.5124016867126834
CRIMINAL DAMAGE,5,18,Saturday,Yes,0,0,0.00577073807968648
BATTERY,25,17,Wednesday,Yes,0,1,0.6356289606081812
BATTERY,24,19,Friday,Yes,0,1,0.7583202705048919
CRIMINAL DAMAGE,7,16,Thursday,No,0,0,0.16738623179495174
BATTERY,15,1,Thursday,Yes,0,1,0.67
BATTERY,4,2,Sunday,Yes,0,1,0.6003392623461464
BATTERY,11,8,Wednesday,No,0,1,0.6534122573767349
BATTERY,22,19,Thursday,No,0,1,0.5375987006046007
DECEPTIVE PRACTICE,11,2,Monday,No,0,0,0.03832156049510726
THEFT,18,11,Saturday,No,0,0,0.35261486085388655
ROBBERY,8,4,Monday,No,0,0,0.15
THEFT,19,1,Monday,No,1,0,0.02381602947482399
THEFT,1,15,Sunday,No,0,0,0.0
THEFT,16,13,Monday,No,0,0,0.004055542804682121
DECEPTIVE PRACTICE,2,0,Monday,No,0,0,0.0
CRIMINAL DAMAGE,18,1,Thursday,No,0,0,0.043088083333665546
CRIMINAL DAMAGE,19,22,Sunday,Yes,1,0,0.1979699169525927
DECEPTIVE PRACTICE,18,13,Monday,No,0,0,0.006858473630585608
CRIMINAL TRESPASS,6,11,Monday,No,1,1,0.9073182853592877
OFFENSE INVOLVING CHILDREN,22,18,Friday,Yes,0,0,0.008451512615090279
CRIMINAL SEXUAL ASSAULT,19,0,Saturday,No,0,0,0.025769797974377916
THEFT,19,10,Sunday,No,0,0,0.0
BATTERY,8,9,Tuesday,Yes,1,0,0.01
OTHER OFFENSE,24,23,Saturday,No,0,0,0.19
NARCOTICS,3,18,Monday,No,1,0,0.37
CRIMINAL DAMAGE,15,23,Saturday,No,0,0,0.03809802551259266
THEFT,14,15,Sunday,No,1,0,0.051004088902696545
OTHER OFFENSE,17,5,Wednesday,No,0,0,0.07690302523018056
MOTOR VEHICLE THEFT,22,14,Saturday,No,0,0,0.0
THEFT,9,16,Friday,No,0,0,0.0
THEFT,9,12,Sunday,No,0,0,0.08535453784527083
BATTERY,2,14,Tuesday,No,0,0,0.4747108676095552
BATTERY,25,0,Monday,No,0,0,0.036903025230180554
BATTERY,8,20,Tuesday,No,0,0,0.02731828535928764
WEAPONS VIOLATION,6,22,Monday,No,1,1,0.9751942168374385
CRIMINAL DAMAGE,14,4,Wednesday,No,1,0,0.0
CRIMINAL DAMAGE,4,16,Tuesday,Yes,0,0,0.02
DECEPTIVE PRACTICE,1,11,Monday,No,0,0,0.008451512615090279
MOTOR VEHICLE THEFT,22,17,Friday,No,0,0,0.0
CRIMINAL DAMAGE,9,23,Saturday,No,0,0,0.008451512615090279
THEFT,1,18,Monday,No,1,1,0.6037273738652827
NARCOTICS,11,10,Sunday,No,1,1,0.9884515126150903
CRIMINAL DAMAGE,16,13,Wednesday,No,0,0,0.0
BATTERY,1,16,Saturday,Yes,0,1,0.6985699320849921
BATTERY,12,0,Sunday,No,0,0,0.3282331484798951
THEFT,18,19,Friday,No,0,0,0.0
CRIMINAL DAMAGE,2,5,Thursday,No,0,0,0.0
BATTERY,3,21,Wednesday,Yes,0,0,0.030146215380428224
DECEPTIVE PRACTICE,11,11,Monday,No,0,0,0.0
CRIMINAL DAMAGE,18,4,Friday,No,0,0,0.0
BATTERY,2,22,Thursday,Yes,0,0,0.4881437971896222
ASSAULT,6,23,Wednesday,Yes,0,0,0.15869541994871314
BURGLARY,19,17,Sunday,No,0,0,0.01
MOTOR VEHICLE THEFT,14,1,Tuesday,No,0,0,0.006453026568063544
NARCOTICS,10,16,Friday,No,1,1,0.99
ASSAULT,15,17,Thursday,Yes,0,0,0.06700496203546773
NARCOTICS,8,6,Tuesday,No,1,1,0.94
MOTOR VEHICLE THEFT,5,16,Sunday,No,0,0,0.01
CRIMINAL DAMAGE,1,14,Monday,No,0,0,0.0
THEFT,2,21,Thursday,No,0,0,0.009160780247553625
WEAPONS VIOLATION,3,3,Friday,No,1,1,0.9178835721973428
THEFT,25,16,Monday,No,0,1,0.6130978767494842
THEFT,18,7,Sunday,No,1,1,0.9991607802475536
MOTOR VEHICLE THEFT,3,0,Saturday,No,0,0,0.0
THEFT,17,10,Monday,No,0,0,0.4898755653185707
BATTERY,7,12,Tuesday,No,0,0,0.03833590915473075
THEFT,20,21,Monday,Yes,0,0,0.019562011702235604
THEFT,17,12,Thursday,No,1,0,0.0
BATTERY,12,10,Monday,No,0,1,0.7696598689542956
OTHER OFFENSE,24,8,Monday,Yes,1,0,0.07358011907013044
OTHER OFFENSE,4,9,Saturday,No,0,0,0.01
ASSAULT,18,21,Monday,No,1,0,0.01
THEFT,6,21,Wednesday,Yes,0,0,0.01
THEFT,12,17,Wednesday,No,0,0,0.0
BATTERY,10,12,Monday,Yes,0,0,0.05422225069477675
BURGLARY,12,17,Thursday,No,0,0,0.0
ASSAULT,16,2,Friday,No,0,0,0.04845151261509028
DECEPTIVE PRACTICE,19,21,Thursday,No,0,0,0.0
THEFT,12,0,Saturday,No,0,0,0.0
OTHER OFFENSE,25,9,Wednesday,No,0,0,0.04422131058946819
MOTOR VEHICLE THEFT,7,5,Saturday,No,0,0,0.0
ASSAULT,12,17,Friday,No,0,0,0.04
NARCOTICS,8,14,Friday,No,0,1,1.0
BURGLARY,14,6,Monday,No,0,0,0.03
CRIMINAL DAMAGE,12,17,Tuesday,No,0,0,0.0
THEFT,18,3,Sunday,No,0,0,0.0
ASSAULT,22,3,Monday,Yes,0,0,0.27845151261509027
THEFT,24,12,Thursday,No,0,0,0.032222824542441464
BATTERY,15,11,Saturday,No,0,0,0.04
ASSAULT,9,14,Monday,No,0,0,0.0
THEFT,19,11,Saturday,No,0,0,0.0
ASSAULT,18,8,Tuesday,No,0,0,0.1433560517982441
ROBBERY,9,2,Saturday,No,0,0,0.14
THEFT,19,2,Monday,No,0,1,0.5462509557996299
ROBBERY,1,6,Tuesday,No,0,0,0.14
CRIMINAL TRESPASS,1,13,Friday,No,0,1,0.8291586692456289
CRIMINAL DAMAGE,15,15,Friday,No,0,0,0.0
THEFT,10,14,Monday,No,0,0,0.2977183164385202
CRIMINAL DAMAGE,22,18,Saturday,No,0,0,0.0
BATTERY,6,15,Monday,No,0,0,0.1021020410323525
ASSAULT,20,20,Sunday,No,0,0,0.0
BURGLARY,3,8,Wednesday,No,0,0,0.0
BURGLARY,5,7,Wednesday,No,0,0,0.02845151261509028
THEFT,17,8,Saturday,No,1,0,0.07845151261509029
OTHER OFFENSE,7,15,Saturday,No,0,0,0.01
CRIMINAL DAMAGE,16,12,Wednesday,No,1,0,0.0
MOTOR VEHICLE THEFT,14,17,Monday,No,0,0,0.0
OTHER OFFENSE,24,11,Saturday,No,0,0,0.018451512615090277
ROBBERY,15,11,Saturday,No,0,0,0.02
MOTOR VEHICLE THEFT,17,23,Thursday,No,0,0,0.006092840825826474
CRIMINAL DAMAGE,4,7,Monday,No,0,0,0.0
OTHER OFFENSE,10,10,Thursday,No,0,0,0.0
THEFT,1,7,Saturday,No,0,0,0.08221462132307861
THEFT,2,11,Sunday,No,0,0,0.015462586797509049
DECEPTIVE PRACTICE,18,23,Saturday,No,0,0,0.0537973509661289
ASSAULT,12,6,Friday,No,0,0,0.4263626457269638
DECEPTIVE PRACTICE,3,10,Thursday,No,0,0,0.1023836376550521
THEFT,14,12,Thursday,No,0,0,0.4924867607213244
DECEPTIVE PRACTICE,14,12,Friday,No,0,0,0.0
BURGLARY,25,12,Monday,No,0,0,0.026903025230180556
ASSAULT,8,14,Saturday,No,0,0,0.0708787802393062
DECEPTIVE PRACTICE,1,16,Wednesday,No,0,0,0.0031263269639065817
BATTERY,25,11,Sunday,No,0,0,0.02845151261509028
BATTERY,12,23,Tuesday,No,0,0,0.08044173204685036
BATTERY,9,14,Monday,No,0,0,0.0
MOTOR VEHICLE THEFT,16,11,Sunday,No,0,0,0.01675567207958427
WEAPONS VIOLATION,4,19,Monday,No,1,1,1.0
BATTERY,4,20,Monday,No,0,0,0.1278441817879141
OTHER OFFENSE,2,9,Friday,Yes,0,0,0.039562011702235604
OTHER OFFENSE,1,13,Wednesday,No,1,0,0.008911490291670168
DECEPTIVE PRACTICE,8,13,Tuesday,No,0,0,0.007318285359287636
CRIMINAL TRESPASS,24,23,Tuesday,No,0,0,0.21731828535928763
CRIMINAL TRESPASS,3,19,Saturday,No,0,0,0.4831015195971483
THEFT,11,12,Monday,No,0,0,0.0
BATTERY,10,19,Tuesday,Yes,1,1,0.708812938024797
DECEPTIVE PRACTICE,18,16,Tuesday,No,0,0,0.0
NARCOTICS,4,15,Sunday,No,1,1,0.9989114902916701
ASSAULT,20,18,Monday,No,0,0,0.2678401737916778
BATTERY,25,9,Tuesday,Yes,0,0,0.06916078024755362
BATTERY,9,12,Wednesday,No,0,0,0.02577073807968648
BATTERY,15,12,Monday,Yes,1,0,0.13457320219571844
THEFT,12,19,Sunday,No,0,0,0.0
THEFT,6,12,Tuesday,No,0,0,0.374975283630457
NARCOTICS,10,20,Wednesday,No,1,1,0.9791607802475536
CRIMINAL SEXUAL ASSAULT,25,3,Monday,Yes,0,0,0.05807227053922379
BATTERY,17,20,Tuesday,Yes,1,0,0.0
BATTERY,10,3,Sunday,Yes,0,0,0.0
BATTERY,20,12,Wednesday,No,1,0,0.08606380547773418
THEFT,6,12,Monday,No,0,0,0.0
DECEPTIVE PRACTICE,22,17,Tuesday,No,0,0,0.0
MOTOR VEHICLE THEFT,24,20,Sunday,No,0,0,0.01
ROBBERY,4,16,Tuesday,No,0,0,0.025769797974377916
ASSAULT,22,17,Monday,No,0,0,0.047875931478150856
BATTERY,6,0,Saturday,Yes,0,0,0.058485970842423775
BATTERY,3,19,Sunday,Yes,0,0,0.0
ASSAULT,6,16,Wednesday,No,0,0,0.017318285359287637
THEFT,7,7,Wednesday,No,0,0,0.0
BATTERY,6,21,Sunday,Yes,0,0,0.0
CRIMINAL DAMAGE,15,22,Friday,Yes,0,0,0.05
BURGLARY,12,17,Friday,No,0,0,0.01
CRIMINAL TRESPASS,19,3,Friday,No,0,0,0.02
CRIMINAL DAMAGE,6,12,Wednesday,No,0,0,0.0
CRIMINAL DAMAGE,14,0,Friday,Yes,0,0,0.06
OTHER OFFENSE,1,19,Sunday,No,0,1,0.6027022047483763
THEFT,14,11,Monday,No,0,0,0.0
CRIMINAL DAMAGE,4,2,Monday,No,0,0,0.0
CRIMINAL TRESPASS,1,11,Wednesday,No,0,1,0.5996276505226305
BATTERY,14,2,Sunday,No,1,1,0.8534939098480598
ROBBERY,10,19,Sunday,Yes,0,0,0.11850098542286164
WEAPONS VIOLATION,18,21,Sunday,No,1,1,0.9873182853592877
THEFT,4,12,Monday,No,0,0,0.0
MOTOR VEHICLE THEFT,22,6,Thursday,No,0,0,0.098995897652639
MOTOR VEHICLE THEFT,11,14,Sunday,No,0,0,0.0
ASSAULT,16,1,Saturday,No,0,1,0.6157697979743779
MOTOR VEHICLE THEFT,15,0,Thursday,No,0,0,0.0445626029924582
BURGLARY,24,5,Tuesday,No,0,0,0.1773103340284423
BURGLARY,9,18,Monday,No,0,0,0.0
BATTERY,5,15,Thursday,No,0,1,0.5085002814782579
MOTOR VEHICLE THEFT,6,22,Wednesday,No,0,0,0.0
BURGLARY,16,15,Wednesday,No,0,0,0.01
THEFT,20,16,Friday,No,0,0,0.028191880839596076
BATTERY,4,19,Wednesday,No,0,0,0.01
BATTERY,3,18,Saturday,Yes,0,1,0.5215756434196449
DECEPTIVE PRACTICE,1,8,Friday,No,0,0,0.02561380681561717
CRIMINAL SEXUAL ASSAULT,15,10,Sunday,No,0,0,0.01
ASSAULT,7,8,Friday,Yes,1,0,0.02
OTHER OFFENSE,12,8,Tuesday,Yes,0,0,0.0
BATTERY,10,2,Wednesday,Yes,0,1,0.95
THEFT,18,6,Friday,No,0,1,0.6960244638568962
THEFT,10,8,Monday,No,0,0,0.007318285359287638
BURGLARY,18,10,Monday,No,0,0,0.01577073807968648
BATTERY,6,16,Thursday,No,1,0,0.4811473483431454
ARSON,2,5,Thursday,No,0,0,0.11
OTHER OFFENSE,12,8,Tuesday,No,0,0,0.05
BATTERY,17,14,Thursday,No,0,0,0.05040636869295319
BATTERY,4,15,Sunday,No,0,0,0.025769797974377916
THEFT,5,19,Wednesday,No,0,0,0.09836867607003562
MOTOR VEHICLE THEFT,4,4,Thursday,No,0,0,0.0
MOTOR VEHICLE THEFT,2,1,Monday,No,0,0,0.0
WEAPONS VIOLATION,3,12,Saturday,No,1,1,0.8489085235637984
CRIMINAL SEXUAL ASSAULT,8,22,Friday,No,0,0,0.026063805477734184
CRIMINAL DAMAGE,7,21,Wednesday,No,0,0,0.01
THEFT,18,7,Monday,No,0,0,0.41963641948085545
THEFT,25,14,Monday,No,0,0,0.025162467147201738
THEFT,11,3,Monday,No,0,0,0.46
OTHER OFFENSE,1,13,Wednesday,No,0,0,0.008911490291670168
MOTOR VEHICLE THEFT,8,11,Wednesday,No,0,0,0.00942441886306058
ARSON,6,2,Monday,No,0,0,0.09
ASSAULT,15,0,Thursday,Yes,0,0,0.0
CRIMINAL DAMAGE,2,0,Saturday,No,0,0,0.351979055856826
THEFT,4,22,Sunday,No,0,0,0.0
LIQUOR LAW VIOLATION,11,1,Sunday,No,0,1,0.6636704449048341
CRIMINAL DAMAGE,15,3,Monday,Yes,0,0,0.14845151261509026
BATTERY,7,0,Thursday,Yes,1,0,0.0
ASSAULT,11,13,Wednesday,No,0,0,0.04
DECEPTIVE PRACTICE,7,10,Tuesday,No,0,0,0.0
THEFT,20,10,Wednesday,No,0,0,0.057712378207093476
ASSAULT,6,16,Saturday,No,0,0,0.05576979797437792
BATTERY,12,2,Saturday,No,1,0,0.012488517828767712
THEFT,5,12,Friday,No,0,1,0.5427761653518808
CRIMINAL TRESPASS,16,23,Thursday,No,0,0,0.42916078024755366
THEFT,22,7,Thursday,No,0,0,0.45799751500524527
BATTERY,3,19,Saturday,Yes,0,0,0.47043378943680986
OTHER OFFENSE,7,19,Thursday,Yes,0,0,0.0495620117022356
THEFT,19,16,Wednesday,No,0,0,0.43153205372275905
NARCOTICS,15,14,Friday,No,1,1,1.0
THEFT,12,3,Tuesday,No,0,0,0.01
THEFT,9,1,Wednesday,No,0,0,0.0
ASSAULT,16,5,Saturday,No,0,0,0.1825372176490314
CRIMINAL DAMAGE,9,23,Monday,No,0,0,0.0
BATTERY,19,10,Wednesday,No,0,0,0.02490453918315382
BATTERY,15,1,Wednesday,No,1,0,0.4462329625921294
ASSAULT,19,11,Saturday,No,0,0,0.04
OTHER OFFENSE,10,9,Thursday,No,0,0,0.0
WEAPONS VIOLATION,7,23,Wednesday,No,1,1,0.8970367117257045
CRIMINAL DAMAGE,3,0,Wednesday,No,0,0,0.016479065606841262
BURGLARY,11,21,Saturday,No,0,0,0.1649788382030236
CRIMINAL DAMAGE,2,7,Thursday,No,0,0,0.0
BURGLARY,16,23,Friday,No,0,0,0.01
BATTERY,10,11,Thursday,No,0,0,0.008451512615090279
MOTOR VEHICLE THEFT,5,0,Sunday,No,0,0,0.4648807676768251
CRIMINAL DAMAGE,3,22,Saturday,No,0,0,0.0
SEX OFFENSE,25,23,Saturday,No,0,0,0.06468222837135665
BATTERY,11,17,Wednesday,Yes,0,0,0.036903025230180554
THEFT,4,9,Wednesday,No,0,0,0.0
THEFT,17,16,Thursday,No,0,0,0.0
THEFT,12,0,Friday,No,0,0,0.0
THEFT,8,18,Monday,No,0,0,0.34650805491180187
BATTERY,11,16,Tuesday,Yes,0,1,0.567448177989753
NARCOTICS,11,21,Saturday,No,1,1,0.99
CRIMINAL DAMAGE,4,0,Friday,No,0,0,0.0
DECEPTIVE PRACTICE,22,21,Sunday,No,0,0,0.27267282320455843
NARCOTICS,8,10,Saturday,No,1,1,0.9843526862577991
BATTERY,4,4,Monday,No,0,0,0.03
CRIMINAL TRESPASS,18,15,Monday,No,1,0,0.0
THEFT,25,11,Monday,No,0,0,0.0
OTHER OFFENSE,9,19,Sunday,No,1,0,0.03308808333366555
ROBBERY,10,14,Friday,No,0,0,0.0
BURGLARY,25,21,Friday,No,0,0,0.0
THEFT,12,17,Wednesday,No,0,0,0.0
BATTERY,8,14,Wednesday,Yes,1,0,0.07153959594875584
ASSAULT,5,15,Friday,No,0,0,0.0
ASSAULT,7,18,Friday,No,0,1,0.9
ASSAULT,2,21,Saturday,No,0,0,0.05
THEFT,1,15,Thursday,No,0,0,0.30965970997195336
INTERFERENCE WITH PUBLIC OFFICER,7,21,Saturday,No,1,1,0.96
CRIMINAL DAMAGE,9,12,Monday,Yes,0,0,0.01
NARCOTICS,9,0,Saturday,No,1,1,0.99
MOTOR VEHICLE THEFT,15,15,Monday,No,0,0,0.03576979797437792
OTHER OFFENSE,6,17,Friday,Yes,0,0,0.06428008925356649
BATTERY,9,4,Monday,Yes,0,1,0.7002008981760101
OTHER OFFENSE,22,17,Wednesday,Yes,0,0,0.47887114159478755
THEFT,19,7,Saturday,No,0,0,0.0
ASSAULT,25,16,Thursday,Yes,0,0,0.14726860065097466
OTHER OFFENSE,12,0,Sunday,Yes,0,0,0.06
BATTERY,2,20,Tuesday,Yes,0,0,0.22308531433250967
BATTERY,12,20,Saturday,Yes,0,0,0.01
MOTOR VEHICLE THEFT,5,17,Sunday,No,0,0,0.0
BATTERY,25,6,Tuesday,Yes,0,0,0.05
DECEPTIVE PRACTICE,18,12,Tuesday,No,0,1,0.7552145606387967
DECEPTIVE PRACTICE,8,10,Friday,No,0,0,0.0
CRIMINAL DAMAGE,2,5,Monday,No,0,0,0.0
ARSON,4,16,Monday,No,0,0,0.058451512615090274
OTHER OFFENSE,24,10,Saturday,No,0,0,0.05422131058946819
CRIMINAL DAMAGE,3,23,Sunday,No,0,0,0.00685847363058561
CRIMINAL DAMAGE,18,7,Saturday,No,0,0,0.03
BATTERY,25,3,Tuesday,Yes,0,0,0.3
OTHER OFFENSE,25,14,Monday,Yes,0,0,0.04576979797437792
ROBBERY,18,0,Sunday,No,1,0,0.012691602507519656
CRIMINAL DAMAGE,1,10,Wednesday,No,0,0,0.13
BATTERY,10,12,Thursday,No,0,0,0.01
THEFT,6,9,Tuesday,No,0,1,0.8683251798006943
MOTOR VEHICLE THEFT,12,0,Sunday,No,0,0,0.0
DECEPTIVE PRACTICE,25,3,Wednesday,No,0,0,0.0
WEAPONS VIOLATION,11,16,Saturday,No,1,1,0.9355097017924904
BATTERY,24,16,Friday,Yes,0,0,0.08729578875412916
ROBBERY,11,19,Wednesday,No,0,0,0.04
NARCOTICS,4,1,Tuesday,No,1,1,0.8957707380796864
BATTERY,24,22,Thursday,No,0,1,0.6949315183272401
ASSAULT,15,14,Sunday,Yes,0,0,0.3781441346110648
OTHER OFFENSE,8,23,Wednesday,No,1,0,0.1570367117257045
OTHER OFFENSE,8,17,Friday,Yes,0,0,0.18967003602163096
CRIMINAL DAMAGE,17,5,Friday,No,0,0,0.0
THEFT,24,0,Sunday,No,0,0,0.0
HOMICIDE,1,22,Friday,No,0,0,0.34
MOTOR VEHICLE THEFT,6,22,Thursday,No,0,0,0.0
NARCOTICS,11,15,Wednesday,No,1,1,1.0
ASSAULT,7,11,Friday,No,0,0,0.0
OTHER OFFENSE,14,21,Tuesday,Yes,0,0,0.19
THEFT,4,16,Saturday,No,0,0,0.00942441886306058
BATTERY,18,7,Monday,No,0,0,0.024747207018094658
THEFT,19,8,Wednesday,No,0,0,0.0
MOTOR VEHICLE THEFT,1,9,Thursday,No,0,0,0.007318285359287638
OTHER OFFENSE,17,12,Wednesday,No,0,0,0.12728708925989693
THEFT,3,7,Friday,No,0,0,0.0
THEFT,6,9,Friday,No,1,0,0.41000669369190407
CRIMINAL DAMAGE,24,16,Monday,No,0,0,0.45930689753559906
CRIMINAL DAMAGE,3,4,Thursday,No,0,0,0.0
CRIMINAL DAMAGE,6,20,Monday,No,0,0,0.014222250694776757
OTHER OFFENSE,22,11,Wednesday,No,0,0,0.10870189014928273
CRIMINAL DAMAGE,15,2,Wednesday,No,0,0,0.03
THEFT,3,10,Thursday,No,0,0,0.0
BURGLARY,4,0,Sunday,No,0,0,0.0
THEFT,12,17,Saturday,No,1,0,0.331019459072102
OFFENSE INVOLVING CHILDREN,2,15,Thursday,Yes,0,0,0.0
THEFT,20,3,Tuesday,No,0,0,0.017318285359287637
CRIMINAL DAMAGE,11,13,Tuesday,No,1,0,0.032831225152387684
BATTERY,7,21,Monday,No,1,0,0.22
CRIMINAL TRESPASS,18,12,Monday,No,1,0,0.2
INTERFERENCE WITH PUBLIC OFFICER,18,3,Sunday,No,1,1,0.88
BATTERY,12,4,Saturday,Yes,0,0,0.03
ROBBERY,8,5,Friday,No,0,0,0.07
MOTOR VEHICLE THEFT,10,1,Saturday,No,0,0,0.01
THEFT,3,23,Thursday,No,0,0,0.0
BATTERY,7,18,Sunday,No,0,0,0.07180756441333438
BATTERY,5,11,Wednesday,Yes,0,1,0.5993983601308543
CRIMINAL DAMAGE,2,6,Sunday,No,0,0,0.0
ASSAULT,15,9,Friday,No,0,0,0.04545647465055801
THEFT,12,8,Thursday,No,0,0,0.018859761518660596
DECEPTIVE PRACTICE,16,13,Monday,No,0,0,0.0
ASSAULT,20,12,Sunday,No,0,0,0.02
NARCOTICS,12,0,Wednesday,No,1,1,0.97
MOTOR VEHICLE THEFT,4,9,Thursday,No,0,0,0.0
ASSAULT,16,11,Saturday,No,0,0,0.016453026568063543
ASSAULT,5,20,Saturday,Yes,0,0,0.1337794159480527
THEFT,12,11,Friday,No,0,1,0.7532213202607327
BATTERY,7,12,Tuesday,No,0,0,0.03833590915473075
MOTOR VEHICLE THEFT,5,2,Sunday,No,0,0,0.10379805051287351
MOTOR VEHICLE THEFT,1,16,Monday,No,0,0,0.0
THEFT,6,8,Sunday,No,1,0,0.016112193998088217
ASSAULT,3,0,Thursday,No,0,0,0.06776867581045015
DECEPTIVE PRACTICE,1,15,Saturday,No,0,0,0.0
NARCOTICS,11,0,Sunday,No,1,1,0.98
BATTERY,12,23,Monday,No,0,1,0.55261490408121
BATTERY,2,4,Saturday,No,0,0,0.1091439374805544
THEFT,14,12,Monday,No,1,0,0.017004962035467724
THEFT,8,20,Monday,No,0,1,0.5989443663386589
CRIMINAL DAMAGE,25,9,Saturday,No,1,0,0.0
NARCOTICS,11,10,Thursday,No,1,1,1.0
ASSAULT,8,12,Wednesday,No,0,0,0.0
OTHER OFFENSE,25,16,Monday,No,0,1,0.5964397567188328
THEFT,5,21,Wednesday,Yes,0,0,0.15891149029167018
OTHER OFFENSE,14,8,Thursday,No,0,0,0.09435499708499212
THEFT,25,20,Wednesday,No,1,1,0.8386503903877041
OTHER OFFENSE,22,22,Thursday,No,1,0,0.24125802231517265
NARCOTICS,6,12,Tuesday,No,1,1,0.99
DECEPTIVE PRACTICE,19,22,Friday,No,0,0,0.025769797974377916
THEFT,12,0,Tuesday,No,0,0,0.0
BATTERY,8,12,Thursday,No,0,0,0.02
THEFT,16,22,Sunday,No,1,1,0.7159164836900347
THEFT,19,17,Monday,No,1,0,0.0
MOTOR VEHICLE THEFT,4,11,Thursday,No,0,0,0.0
OTHER OFFENSE,22,21,Monday,No,1,0,0.07463657071857527
BURGLARY,6,13,Monday,No,0,0,0.0
BURGLARY,4,23,Friday,No,0,0,0.0
CRIMINAL DAMAGE,8,0,Saturday,No,0,0,0.0
ASSAULT,12,14,Tuesday,No,0,0,0.0
THEFT,9,20,Friday,No,0,1,0.5681338190213894
ASSAULT,20,9,Wednesday,No,1,0,0.09576979797437792
BATTERY,7,20,Monday,Yes,0,0,0.0
THEFT,11,6,Thursday,No,0,0,0.0
BATTERY,4,1,Saturday,No,0,0,0.12278811138049667
CRIMINAL SEXUAL ASSAULT,19,9,Friday,No,1,0,0.01
BATTERY,6,11,Monday,No,0,0,0.292395353539041
THEFT,14,11,Thursday,No,0,1,0.511033091812293
BATTERY,5,22,Monday,Yes,0,0,0.19119404708395255
BATTERY,18,2,Wednesday,No,0,0,0.07826258093245735
OTHER OFFENSE,17,23,Friday,No,0,0,0.06275700783037702
BURGLARY,16,21,Friday,No,0,0,0.0
BATTERY,8,12,Sunday,No,0,1,0.6879127810883635
BURGLARY,25,9,Saturday,No,0,0,0.035456474650558005
THEFT,17,15,Friday,No,0,0,0.0
MOTOR VEHICLE THEFT,6,5,Thursday,No,0,0,0.009160780247553625
THEFT,15,9,Friday,No,1,0,0.03169936761305321
ASSAULT,11,13,Saturday,Yes,0,0,0.05
CRIMINAL DAMAGE,11,7,Monday,No,0,0,0.0
THEFT,1,15,Friday,No,0,0,0.31737940443105994
CRIMINAL DAMAGE,8,9,Saturday,No,0,0,0.0
ASSAULT,6,15,Monday,No,0,0,0.4515834842451534
BATTERY,18,15,Monday,Yes,0,0,0.2657697979743779
BATTERY,2,17,Wednesday,Yes,0,0,0.06798654382577526
THEFT,1,9,Friday,No,0,0,0.009160780247553625
MOTOR VEHICLE THEFT,8,18,Saturday,No,0,0,0.48269006314776325
THEFT,14,14,Saturday,No,0,1,0.7478635960400202
OTHER OFFENSE,6,9,Saturday,No,0,0,0.10845151261509027
MOTOR VEHICLE THEFT,12,0,Monday,No,0,0,0.0
WEAPONS VIOLATION,9,19,Saturday,No,1,1,0.8289055718179356
OTHER OFFENSE,25,21,Thursday,No,0,0,0.3953317287307743
SEX OFFENSE,18,0,Wednesday,No,0,0,0.04
DECEPTIVE PRACTICE,24,13,Sunday,No,0,0,0.0
BATTERY,4,11,Monday,No,0,0,0.01
ASSAULT,11,2,Sunday,Yes,0,0,0.14353298293095626
THEFT,24,8,Sunday,No,0,0,0.0
ASSAULT,19,8,Wednesday,No,0,0,0.005218932289743779
ASSAULT,15,21,Thursday,No,0,0,0.0
ROBBERY,12,17,Tuesday,No,0,0,0.0762297756509578
MOTOR VEHICLE THEFT,1,14,Wednesday,No,0,0,0.02
BATTERY,16,11,Thursday,No,0,0,0.01
THEFT,22,14,Wednesday,No,0,0,0.009424418863060578
CRIMINAL DAMAGE,8,22,Monday,Yes,0,0,0.09
BURGLARY,5,22,Wednesday,No,0,0,0.00577073807968648
THEFT,6,15,Saturday,No,0,1,0.5466018838527651
MOTOR VEHICLE THEFT,5,7,Monday,No,0,0,0.0
THEFT,9,10,Saturday,No,0,0,0.4932992718985495
OTHER OFFENSE,10,2,Wednesday,No,1,0,0.11925476572199548
CRIMINAL TRESPASS,19,5,Wednesday,No,0,0,0.3714403327018206
BATTERY,16,15,Monday,No,0,0,0.3349045391831538
THEFT,24,19,Friday,No,0,0,0.016903025230180557
CRIMINAL DAMAGE,4,2,Monday,No,0,0,0.0
THEFT,18,19,Saturday,No,0,1,0.5816546638101231
DECEPTIVE PRACTICE,12,1,Thursday,No,0,0,0.0
THEFT,18,23,Wednesday,No,0,0,0.01
BATTERY,10,2,Thursday,Yes,1,0,0.10744741026772926
CRIMINAL DAMAGE,15,22,Thursday,Yes,0,0,0.01
CRIMINAL DAMAGE,14,2,Friday,No,0,0,0.0
DECEPTIVE PRACTICE,18,16,Friday,No,0,0,0.0
BURGLARY,6,0,Wednesday,No,0,0,0.0
CRIMINAL TRESPASS,16,23,Sunday,No,1,0,0.3627086334355233
MOTOR VEHICLE THEFT,4,4,Monday,No,0,0,0.0
THEFT,18,3,Saturday,No,0,0,0.0
BATTERY,11,0,Friday,Yes,0,0,0.4791182885003499
MOTOR VEHICLE THEFT,4,15,Sunday,No,0,0,0.014904539183153822
MOTOR VEHICLE THEFT,4,21,Sunday,No,0,0,0.0
CRIMINAL DAMAGE,9,8,Monday,Yes,0,0,0.01
OFFENSE INVOLVING CHILDREN,15,22,Wednesday,Yes,0,0,0.0284779434429135
BATTERY,2,3,Monday,Yes,0,0,0.33641285100377216
CRIMINAL DAMAGE,3,9,Saturday,No,0,0,0.0
ASSAULT,11,12,Thursday,No,0,0,0.02
OTHER OFFENSE,5,0,Wednesday,No,0,0,0.01
MOTOR VEHICLE THEFT,12,19,Tuesday,No,0,0,0.0
ASSAULT,8,23,Monday,No,0,0,0.07828757012548421
CRIMINAL DAMAGE,8,9,Monday,No,0,0,0.0
MOTOR VEHICLE THEFT,14,19,Saturday,No,0,0,0.0
CRIMINAL TRESPASS,8,12,Thursday,No,0,0,0.0
THEFT,25,18,Friday,No,0,0,0.0
THEFT,6,14,Wednesday,No,0,0,0.472124860592032
CRIMINAL TRESPASS,16,20,Friday,Yes,0,0,0.34
BATTERY,3,4,Saturday,No,0,0,0.14774597935816783
CRIMINAL DAMAGE,14,0,Monday,No,0,0,0.04
BATTERY,14,13,Monday,Yes,1,1,0.5025445867987725
BATTERY,12,23,Saturday,No,0,0,0.0
CRIMINAL DAMAGE,9,3,Saturday,No,0,0,0.06140694957956579
ASSAULT,9,10,Tuesday,No,0,0,0.045194216837438496
DECEPTIVE PRACTICE,19,7,Wednesday,No,0,0,0.0
NARCOTICS,5,20,Friday,No,1,1,0.7715069797949125
CRIMINAL DAMAGE,20,10,Saturday,No,0,0,0.38647906560684125
DECEPTIVE PRACTICE,6,8,Monday,No,1,0,0.03845151261509028
BURGLARY,17,15,Sunday,No,0,0,0.0
MOTOR VEHICLE THEFT,6,4,Tuesday,No,0,0,0.0
CRIMINAL DAMAGE,2,0,Monday,No,0,0,0.0
BURGLARY,12,11,Saturday,No,0,0,0.0
NARCOTICS,9,19,Friday,No,1,1,0.99
BATTERY,12,21,Saturday,No,0,0,0.01
THEFT,1,15,Sunday,No,1,0,0.0
ASSAULT,8,20,Thursday,No,0,0,0.0
MOTOR VEHICLE THEFT,12,23,Friday,No,0,0,0.0
MOTOR VEHICLE THEFT,2,15,Wednesday,No,0,0,0.0
ASSAULT,6,23,Friday,No,1,0,0.3240609895816358
DECEPTIVE PRACTICE,15,0,Saturday,No,0,0,0.0
THEFT,2,12,Thursday,No,0,0,0.021825278585189026
BATTERY,19,23,Monday,No,0,0,0.04293209217490481
ASSAULT,17,7,Wednesday,Yes,0,0,0.07
BATTERY,3,11,Saturday,Yes,0,0,0.018451512615090277
THEFT,14,8,Tuesday,No,0,0,0.48522346816083095
THEFT,2,17,Tuesday,No,0,0,0.47195990629782025
BATTERY,24,14,Saturday,No,1,0,0.0
DECEPTIVE PRACTICE,25,15,Monday,No,0,0,0.0
THEFT,19,11,Saturday,No,0,0,0.0
THEFT,14,18,Tuesday,No,0,0,0.36025791279882535
THEFT,20,20,Wednesday,No,1,0,0.015195156942747059
BATTERY,8,15,Friday,Yes,1,1,0.6884515126150903
BATTERY,15,22,Friday,Yes,0,0,0.16099017062643875
BATTERY,7,13,Thursday,No,0,0,0.029562011702235602
THEFT,1,22,Wednesday,No,0,0,0.014508378339367247
BATTERY,8,17,Friday,No,0,0,0.008451512615090279
MOTOR VEHICLE THEFT,19,16,Thursday,No,0,0,0.0
CRIMINAL DAMAGE,19,9,Wednesday,No,0,0,0.0
OTHER OFFENSE,20,14,Thursday,No,0,0,0.08497529576940437
CRIMINAL DAMAGE,18,18,Sunday,No,0,0,0.04154321220676574
THEFT,18,15,Monday,No,0,0,0.0
MOTOR VEHICLE THEFT,5,14,Wednesday,No,0,0,0.01
THEFT,2,22,Monday,No,0,0,0.0
ASSAULT,25,18,Wednesday,No,0,0,0.0
OTHER OFFENSE,25,23,Saturday,No,0,0,0.13516853939094967
THEFT,19,17,Tuesday,No,0,0,0.0
THEFT,2,15,Friday,No,0,1,0.5228903715009249
CRIMINAL TRESPASS,17,19,Sunday,No,0,0,0.03
ASSAULT,7,10,Tuesday,No,0,0,0.0
THEFT,4,21,Friday,No,0,0,0.026627024113762044
DECEPTIVE PRACTICE,19,22,Tuesday,No,0,0,0.019160780247553626
BATTERY,16,12,Tuesday,No,0,0,0.0
WEAPONS VIOLATION,9,20,Tuesday,No,1,1,0.98
CRIMINAL DAMAGE,12,19,Sunday,No,0,0,0.0
OTHER OFFENSE,2,11,Saturday,Yes,0,0,0.03606380547773418
MOTOR VEHICLE THEFT,7,10,Tuesday,No,0,0,0.0
ASSAULT,3,19,Friday,Yes,0,0,0.2792406217512874
NARCOTICS,11,15,Monday,No,1,1,1.0
WEAPONS VIOLATION,22,20,Tuesday,No,1,1,0.9073182853592877
BATTERY,2,7,Friday,Yes,0,0,0.0
BATTERY,2,9,Wednesday,Yes,0,0,0.02731828535928764
THEFT,17,10,Tuesday,No,0,1,0.7948213391571838
CRIMINAL DAMAGE,4,22,Friday,Yes,0,0,0.08
MOTOR VEHICLE THEFT,7,13,Friday,No,0,0,0.0
CRIMINAL DAMAGE,7,13,Monday,Yes,0,0,0.01
DECEPTIVE PRACTICE,25,0,Saturday,No,0,1,0.5136584532431275
ASSAULT,6,23,Thursday,Yes,0,0,0.06
BATTERY,11,12,Saturday,Yes,0,0,0.026295694403004378
NARCOTICS,10,15,Saturday,No,1,1,1.0
NARCOTICS,11,12,Thursday,No,1,1,0.921351010223006
NARCOTICS,15,8,Wednesday,No,1,1,1.0
NARCOTICS,3,14,Saturday,No,1,1,1.0
BATTERY,3,21,Monday,Yes,0,1,0.5463221257519406
DECEPTIVE PRACTICE,12,2,Thursday,No,0,0,0.0
THEFT,2,14,Tuesday,No,0,0,0.0
BATTERY,4,11,Sunday,No,0,0,0.02
BURGLARY,16,0,Saturday,No,0,0,0.0
BATTERY,3,21,Saturday,Yes,0,0,0.43090334621433224
OFFENSE INVOLVING CHILDREN,24,8,Wednesday,Yes,0,0,0.18377131192735116
BATTERY,1,22,Friday,No,1,0,0.10366791792448876
THEFT,2,12,Saturday,No,0,0,0.0
THEFT,8,16,Wednesday,No,0,1,0.6471191368896825
MOTOR VEHICLE THEFT,12,23,Sunday,No,0,0,0.0
THEFT,19,12,Friday,No,0,0,0.0
BATTERY,22,17,Tuesday,No,1,0,0.004381082253765573
BATTERY,8,16,Saturday,Yes,0,0,0.019562011702235604
BATTERY,11,0,Saturday,No,0,0,0.025769797974377916
NARCOTICS,19,20,Wednesday,No,0,1,0.8969030252301806
SEX OFFENSE,6,14,Sunday,Yes,0,0,0.02647906560684126
THEFT,16,13,Friday,No,0,0,0.0
BATTERY,1,13,Sunday,No,1,0,0.05451905246836536
DECEPTIVE PRACTICE,18,9,Wednesday,No,0,0,0.06776585304131261
BATTERY,1,0,Wednesday,Yes,0,0,0.07095209187534902
CRIMINAL DAMAGE,24,1,Wednesday,No,0,0,0.05731828535928764
ASSAULT,8,13,Wednesday,No,0,0,0.018451512615090277
CRIMINAL DAMAGE,24,4,Monday,No,0,0,0.02
WEAPONS VIOLATION,10,16,Friday,No,1,1,0.7691607802475536
MOTOR VEHICLE THEFT,15,22,Saturday,No,0,0,0.01832156049510725
DECEPTIVE PRACTICE,19,11,Wednesday,No,0,0,0.0
MOTOR VEHICLE THEFT,16,5,Monday,No,0,0,0.024904539183153825
THEFT,1,8,Tuesday,No,1,1,0.5998662174052891
STALKING,5,15,Tuesday,Yes,0,0,0.05
BATTERY,14,2,Monday,Yes,0,1,0.5780588483586117
BURGLARY,12,19,Sunday,No,0,0,0.0
THEFT,20,0,Tuesday,No,0,0,0.03377131192735118
WEAPONS VIOLATION,3,8,Sunday,No,0,0,0.47845151261509034
BATTERY,5,17,Thursday,Yes,0,0,0.018451512615090277
NARCOTICS,10,15,Monday,No,1,1,0.99
ASSAULT,8,18,Tuesday,No,0,0,0.03
OTHER OFFENSE,17,12,Saturday,Yes,0,0,0.04845151261509027
ASSAULT,6,18,Monday,No,0,1,0.537272643694482
OTHER OFFENSE,5,19,Sunday,No,1,1,0.7230880833336656
DECEPTIVE PRACTICE,19,23,Friday,No,0,0,0.0
BATTERY,19,9,Friday,No,0,0,0.017318285359287637
BATTERY,15,20,Thursday,Yes,0,0,0.06054438503754872
THEFT,3,20,Tuesday,Yes,0,0,0.04
CRIMINAL DAMAGE,5,11,Thursday,No,0,0,0.0
THEFT,22,14,Wednesday,No,0,0,0.009424418863060578
BATTERY,2,19,Monday,No,0,0,0.01
ASSAULT,11,12,Sunday,No,0,0,0.0
OTHER OFFENSE,19,21,Tuesday,No,0,1,0.5297767397708902
CRIMINAL DAMAGE,7,1,Tuesday,No,0,0,0.0
THEFT,5,12,Sunday,No,0,0,0.04
MOTOR VEHICLE THEFT,7,23,Sunday,No,0,0,0.007318285359287636
DECEPTIVE PRACTICE,18,12,Friday,No,0,1,0.539155189876696
CRIMINAL DAMAGE,7,8,Tuesday,No,0,0,0.0
BATTERY,25,10,Thursday,No,0,0,0.01
THEFT,1,17,Sunday,No,0,0,0.3172746615130155
BATTERY,3,5,Sunday,No,0,0,0.03916078024755363
OTHER OFFENSE,1,10,Monday,No,0,0,0.05361397976229201
NARCOTICS,3,20,Thursday,No,1,1,0.99
WEAPONS VIOLATION,12,19,Wednesday,No,1,1,0.9228065097000825
BATTERY,11,17,Monday,Yes,0,0,0.0
THEFT,24,21,Monday,No,0,1,0.6388592364685577
OTHER OFFENSE,1,0,Monday,No,0,0,0.03225564401544826
BURGLARY,4,0,Saturday,No,0,0,0.0
BATTERY,19,10,Wednesday,Yes,1,1,0.6030976136139135
ASSAULT,1,14,Thursday,No,0,0,0.0
CRIMINAL DAMAGE,15,23,Tuesday,No,0,0,0.009160780247553625
THEFT,8,11,Tuesday,No,0,0,0.38676407727322676
BATTERY,11,0,Tuesday,Yes,0,0,0.051283478106668196
BURGLARY,4,12,Thursday,No,0,0,0.009160780247553625
THEFT,5,14,Friday,No,0,1,0.641572519256795
CRIMINAL DAMAGE,2,13,Tuesday,No,0,0,0.0
THEFT,19,20,Thursday,No,0,0,0.30779802908406395
LIQUOR LAW VIOLATION,2,17,Thursday,No,1,1,0.78
THEFT,8,8,Wednesday,No,0,0,0.376919123993869
ASSAULT,1,6,Thursday,No,0,1,0.5569161538528435
THEFT,18,7,Saturday,No,0,1,0.5429112055626101
MOTOR VEHICLE THEFT,2,8,Tuesday,No,0,0,0.0
THEFT,18,10,Tuesday,No,0,0,0.42504635417904846
CRIMINAL SEXUAL ASSAULT,19,1,Saturday,No,0,0,0.008451512615090279
CRIMINAL DAMAGE,18,5,Monday,No,0,0,0.0
THEFT,8,8,Thursday,No,0,0,0.007318285359287636
DECEPTIVE PRACTICE,8,15,Wednesday,No,0,0,0.0
BATTERY,9,18,Tuesday,No,0,0,0.1195620117022356
BATTERY,8,6,Monday,Yes,0,0,0.05
BATTERY,8,12,Friday,No,0,0,0.0
THEFT,19,6,Thursday,No,0,0,0.0
THEFT,10,4,Monday,No,0,0,0.0
CRIMINAL DAMAGE,8,5,Monday,No,0,0,0.007318285359287636
THEFT,9,18,Sunday,No,0,0,0.0
THEFT,20,22,Tuesday,No,0,0,0.0
SEX OFFENSE,12,2,Thursday,No,0,0,0.10098873026412168
BATTERY,2,15,Wednesday,No,0,0,0.02490453918315382
OTHER OFFENSE,7,9,Tuesday,No,0,1,0.5330560181483357
ASSAULT,3,22,Wednesday,No,0,0,0.4491387737137288
NARCOTICS,11,12,Tuesday,No,1,1,1.0
BATTERY,6,21,Sunday,No,0,0,0.0
BATTERY,25,17,Sunday,No,0,0,0.027822980583340335
BATTERY,3,17,Thursday,Yes,1,0,0.01
BURGLARY,12,19,Tuesday,No,0,0,0.01
BURGLARY,16,16,Tuesday,No,0,0,0.01
CRIMINAL TRESPASS,8,9,Tuesday,Yes,0,0,0.2591607802475536
BATTERY,8,1,Saturday,Yes,0,0,0.0542794653605124
DECEPTIVE PRACTICE,12,20,Sunday,No,0,0,0.02
CRIMINAL DAMAGE,5,16,Thursday,No,0,0,0.007318285359287636
BATTERY,1,8,Wednesday,No,1,0,0.2152189322897438
MOTOR VEHICLE THEFT,8,23,Monday,No,0,0,0.046903025230180556
BATTERY,2,9,Sunday,Yes,0,0,0.08958158371635933
CRIMINAL DAMAGE,2,19,Thursday,No,0,0,0.0
ASSAULT,6,17,Thursday,No,0,0,0.0438892949808711
THEFT,19,14,Monday,No,0,0,0.0
BATTERY,16,12,Thursday,Yes,0,1,0.5423681979535276
THEFT,12,12,Wednesday,No,0,0,0.0
THEFT,18,19,Monday,No,0,0,0.33295799597639403
NARCOTICS,11,12,Thursday,No,1,1,0.921351010223006
THEFT,18,10,Tuesday,No,0,0,0.42504635417904846
DECEPTIVE PRACTICE,5,12,Sunday,No,1,0,0.0
CRIMINAL DAMAGE,19,16,Saturday,No,0,0,0.0
BURGLARY,3,7,Wednesday,No,0,0,0.15
CRIMINAL DAMAGE,1,17,Thursday,No,1,0,0.0
THEFT,19,13,Friday,No,0,0,0.0
THEFT,17,18,Saturday,No,0,1,0.7263530900758149
ASSAULT,1,1,Thursday,No,0,0,0.26118659275879086
ROBBERY,2,4,Thursday,No,0,0,0.01
ASSAULT,2,11,Wednesday,No,0,0,0.01
ASSAULT,14,11,Thursday,No,0,0,0.10330193207224447
CRIMINAL DAMAGE,8,13,Thursday,Yes,1,0,0.09
ASSAULT,5,10,Wednesday,No,0,0,0.0
ASSAULT,15,0,Friday,Yes,0,0,0.46121731355632134
BATTERY,12,20,Friday,Yes,0,0,0.47310065027730175
ROBBERY,1,2,Friday,No,0,0,0.01
ASSAULT,6,1,Monday,No,0,0,0.06787593147815085
BURGLARY,18,8,Thursday,No,0,0,0.0
BURGLARY,14,16,Wednesday,No,0,0,0.0
THEFT,19,22,Wednesday,No,0,0,0.4108749613956973
THEFT,15,23,Wednesday,No,0,0,0.07760586552648943
CRIMINAL DAMAGE,19,16,Saturday,No,0,0,0.0
ROBBERY,3,8,Sunday,No,0,0,0.029160780247553628
BATTERY,7,13,Tuesday,Yes,0,0,0.12988665886100045
CRIMINAL DAMAGE,12,0,Sunday,No,0,1,0.521162083494381
BATTERY,24,15,Tuesday,No,0,0,0.12851773152999346
CRIMINAL DAMAGE,10,11,Tuesday,No,0,0,0.025194216837438495
INTERFERENCE WITH PUBLIC OFFICER,1,15,Saturday,No,1,1,1.0
THEFT,14,13,Saturday,No,0,1,0.7562751953555101
ROBBERY,11,1,Thursday,No,0,0,0.02731828535928764
THEFT,8,11,Monday,No,0,0,0.0
ASSAULT,2,9,Wednesday,No,0,0,0.043629472179418025
CRIMINAL DAMAGE,20,0,Thursday,No,0,1,0.6025450906918567
MOTOR VEHICLE THEFT,8,12,Thursday,No,0,0,0.016479065606841262
THEFT,25,20,Thursday,No,0,1,0.5955514892770853
THEFT,10,4,Monday,No,0,0,0.0
MOTOR VEHICLE THEFT,12,20,Tuesday,No,0,0,0.0
BATTERY,8,12,Friday,Yes,0,0,0.008451512615090279
ASSAULT,20,15,Friday,No,0,0,0.09037725202386626
ROBBERY,7,18,Friday,No,0,0,0.01
DECEPTIVE PRACTICE,18,19,Saturday,No,0,0,0.006453026568063544
MOTOR VEHICLE THEFT,14,22,Wednesday,No,0,0,0.0
THEFT,18,8,Tuesday,No,1,1,0.8841134264340273
THEFT,25,10,Thursday,No,0,1,0.6903661693221192
BATTERY,18,16,Friday,No,0,1,0.6291922096750077
THEFT,18,12,Saturday,No,0,0,0.43567456610997446
CRIMINAL DAMAGE,2,10,Tuesday,No,0,0,0.0
CRIMINAL DAMAGE,25,15,Sunday,No,0,0,0.0
NARCOTICS,14,12,Wednesday,No,1,1,0.99
CRIMINAL DAMAGE,6,21,Monday,No,0,0,0.0
BATTERY,2,18,Monday,Yes,0,1,0.6107608680499683
MOTOR VEHICLE THEFT,15,16,Sunday,No,0,0,0.007318285359287636
CRIMINAL TRESPASS,18,9,Friday,No,1,1,0.9891607802475536
OTHER OFFENSE,6,21,Wednesday,No,0,1,0.5908084019357769
MOTOR VEHICLE THEFT,9,18,Tuesday,No,0,0,0.0
CRIMINAL DAMAGE,6,20,Sunday,No,0,0,0.0
CRIMINAL DAMAGE,1,9,Wednesday,No,0,0,0.16
ROBBERY,22,21,Thursday,No,0,1,0.71
ROBBERY,25,20,Saturday,No,1,1,0.57
THEFT,18,5,Monday,No,0,0,0.2681455126330415
THEFT,14,15,Saturday,No,0,0,0.35201981871117516
BURGLARY,6,22,Friday,No,0,0,0.0
THEFT,12,9,Thursday,Yes,0,0,0.0
THEFT,18,18,Thursday,No,0,0,0.0
DECEPTIVE PRACTICE,20,0,Saturday,No,0,0,0.38828439582070656
MOTOR VEHICLE THEFT,4,0,Thursday,No,0,0,0.0
OTHER OFFENSE,11,0,Friday,Yes,0,0,0.18690302523018054
THEFT,5,12,Monday,No,1,0,0.0
THEFT,8,10,Thursday,No,0,0,0.0
THEFT,9,16,Wednesday,No,0,0,0.0
DECEPTIVE PRACTICE,8,10,Saturday,No,0,0,0.0
WEAPONS VIOLATION,7,13,Wednesday,No,1,1,0.9542250449650092
CRIMINAL DAMAGE,11,12,Saturday,No,0,0,0.0
THEFT,12,12,Tuesday,No,0,0,0.2659614827988826
CRIMINAL TRESPASS,12,19,Sunday,No,0,0,0.10845151261509027
SEX OFFENSE,18,13,Monday,No,0,0,0.04
BATTERY,4,21,Saturday,Yes,0,0,0.09298497376536037
THEFT,4,15,Tuesday,No,0,0,0.012579465854221433
BATTERY,11,1,Saturday,Yes,1,0,0.4860622412728956
CRIMINAL DAMAGE,6,4,Monday,No,0,0,0.0
ASSAULT,3,18,Tuesday,Yes,0,0,0.1499971214285973
ROBBERY,19,0,Sunday,No,0,0,0.00476344520824909
MOTOR VEHICLE THEFT,12,20,Thursday,No,0,0,0.0
CRIMINAL SEXUAL ASSAULT,7,10,Sunday,No,0,0,0.01
THEFT,22,21,Thursday,No,0,0,0.02
ASSAULT,1,10,Tuesday,No,0,0,0.1786303729086997
DECEPTIVE PRACTICE,8,22,Tuesday,No,0,0,0.12377131192735118
THEFT,5,10,Wednesday,No,0,0,0.20600250776209428
OTHER OFFENSE,5,2,Sunday,No,0,0,0.1747745870631708
THEFT,1,12,Sunday,No,0,1,0.6072764324797939
THEFT,12,10,Monday,No,0,0,0.0
CRIMINAL DAMAGE,18,13,Tuesday,No,0,0,0.01
ASSAULT,14,21,Wednesday,Yes,1,0,0.17845151261509026
MOTOR VEHICLE THEFT,11,13,Monday,No,0,0,0.017318285359287637
OTHER OFFENSE,3,21,Thursday,No,0,1,0.5341506345836976
BURGLARY,1,20,Sunday,No,0,0,0.01
BURGLARY,5,1,Saturday,No,0,0,0.0
THEFT,22,17,Friday,No,0,0,0.047157292836814434
DECEPTIVE PRACTICE,12,17,Friday,No,0,0,0.0
THEFT,3,15,Saturday,No,0,0,0.4566749065461196
BATTERY,1,10,Sunday,No,0,1,0.5518811688331857
THEFT,24,22,Friday,No,0,0,0.0
THEFT,1,6,Friday,No,0,0,0.0
ASSAULT,19,17,Sunday,No,1,0,0.11970953493026297
OTHER OFFENSE,25,3,Wednesday,No,0,0,0.3260013297419727
ASSAULT,2,23,Thursday,Yes,0,0,0.034930578221931546
BURGLARY,9,14,Monday,No,0,0,0.0
BATTERY,5,7,Saturday,Yes,0,0,0.41916078024755365
THEFT,12,5,Saturday,No,0,0,0.0
CRIMINAL DAMAGE,7,22,Saturday,Yes,0,0,0.0
ASSAULT,12,0,Friday,No,0,0,0.389503651170176
OFFENSE INVOLVING CHILDREN,12,18,Wednesday,Yes,0,0,0.01
ROBBERY,6,2,Saturday,No,0,0,0.01
CRIMINAL DAMAGE,7,18,Monday,Yes,0,0,0.05
THEFT,2,5,Monday,No,0,0,0.0
THEFT,9,9,Thursday,No,0,0,0.0
DECEPTIVE PRACTICE,5,18,Friday,No,0,0,0.016742704222348217
MOTOR VEHICLE THEFT,12,19,Saturday,No,0,0,0.0
THEFT,24,8,Wednesday,No,0,1,0.5615394853545947
BURGLARY,8,4,Thursday,No,0,0,0.0
DECEPTIVE PRACTICE,9,19,Wednesday,No,0,0,0.06828663002017564
ASSAULT,14,21,Sunday,No,0,0,0.05
THEFT,9,23,Wednesday,No,0,0,0.12300284876115536
BATTERY,2,16,Thursday,Yes,0,0,0.18332318249212654
CRIMINAL TRESPASS,18,6,Monday,No,1,1,0.7424931863762626
ASSAULT,10,22,Saturday,No,0,0,0.1178441817879141
CRIMINAL DAMAGE,16,10,Sunday,No,0,0,0.0
THEFT,6,14,Sunday,No,0,0,0.008911490291670168
ASSAULT,11,5,Tuesday,Yes,1,0,0.01
CRIMINAL SEXUAL ASSAULT,2,20,Wednesday,No,0,0,0.02
THEFT,2,18,Wednesday,No,0,0,0.0
MOTOR VEHICLE THEFT,12,16,Sunday,No,0,0,0.0
BATTERY,7,3,Sunday,No,0,0,0.05468128826604809
THEFT,9,19,Friday,No,0,0,0.0
NARCOTICS,15,11,Saturday,No,1,1,1.0
THEFT,4,12,Thursday,No,0,0,0.0
DECEPTIVE PRACTICE,5,0,Wednesday,No,0,0,0.0
WEAPONS VIOLATION,2,16,Saturday,No,0,0,0.28
CRIMINAL DAMAGE,7,5,Thursday,No,0,0,0.02
WEAPONS VIOLATION,3,15,Thursday,No,1,0,0.2870367117257045
MOTOR VEHICLE THEFT,25,18,Wednesday,No,0,0,0.0
BATTERY,6,22,Sunday,Yes,1,0,0.0
ROBBERY,7,7,Monday,No,1,0,0.03
MOTOR VEHICLE THEFT,3,19,Tuesday,No,0,0,0.0
BATTERY,5,3,Saturday,Yes,0,1,0.7356027471616237
CRIMINAL DAMAGE,11,0,Wednesday,Yes,0,0,0.049424418863060586
CRIMINAL DAMAGE,5,1,Friday,No,0,0,0.023721627219038224
ASSAULT,24,17,Thursday,No,1,0,0.13
MOTOR VEHICLE THEFT,1,10,Wednesday,No,0,0,0.01
THEFT,9,9,Monday,No,0,0,0.0
THEFT,25,13,Monday,No,0,1,0.5811994731173116
BURGLARY,5,7,Tuesday,No,0,0,0.01
THEFT,17,0,Thursday,No,0,0,0.0
BATTERY,3,17,Sunday,Yes,0,1,0.5771281584292922
MOTOR VEHICLE THEFT,3,19,Tuesday,No,0,0,0.0
ASSAULT,8,6,Tuesday,Yes,0,0,0.01
BURGLARY,14,16,Sunday,No,0,0,0.0
BATTERY,15,10,Thursday,Yes,1,0,0.02645302656806354
DECEPTIVE PRACTICE,20,18,Thursday,No,0,0,0.0
CRIMINAL DAMAGE,9,14,Friday,No,0,0,0.0
CRIMINAL DAMAGE,19,2,Friday,No,0,0,0.08845151261509027
BATTERY,4,17,Thursday,Yes,0,1,0.5444209423792001
THEFT,18,12,Saturday,No,0,0,0.43567456610997446
DECEPTIVE PRACTICE,2,14,Friday,No,0,0,0.004055542804682121
CRIMINAL DAMAGE,7,19,Thursday,No,0,1,0.56
DECEPTIVE PRACTICE,1,3,Saturday,No,0,0,0.05
OTHER OFFENSE,10,12,Sunday,Yes,0,0,0.07601503827029914
ROBBERY,24,4,Wednesday,No,0,0,0.01
OFFENSE INVOLVING CHILDREN,8,0,Wednesday,Yes,0,0,0.17
BATTERY,1,22,Wednesday,Yes,1,1,0.6151011960966267
CRIMINAL TRESPASS,3,18,Saturday,No,0,1,0.6592555814483666
THEFT,22,10,Tuesday,No,0,0,0.065477627548055
THEFT,1,16,Wednesday,No,0,0,0.3909359332505378
MOTOR VEHICLE THEFT,11,16,Friday,No,0,0,0.044747207018094655
DECEPTIVE PRACTICE,11,0,Thursday,No,0,0,0.017318285359287637
BATTERY,24,12,Saturday,No,1,0,0.02845151261509028
CRIMINAL DAMAGE,3,9,Monday,No,0,0,0.01
ASSAULT,3,17,Sunday,Yes,0,0,0.44631059665347395
THEFT,9,6,Tuesday,No,0,0,0.10341791694834074
BURGLARY,9,12,Tuesday,No,0,0,0.03
THEFT,18,11,Thursday,No,0,1,0.644654964183649
BATTERY,25,1,Sunday,Yes,0,0,0.0376122928626439
MOTOR VEHICLE THEFT,25,6,Tuesday,No,0,0,0.0
OTHER OFFENSE,9,13,Thursday,No,1,0,0.03
BATTERY,4,19,Tuesday,Yes,0,1,0.8270934475238433
BATTERY,17,23,Friday,No,0,0,0.19731828535928764
THEFT,18,7,Monday,No,0,0,0.41963641948085545
BATTERY,9,18,Friday,No,0,1,0.5167466989645925
CRIMINAL DAMAGE,2,5,Monday,No,0,0,0.0
CRIMINAL DAMAGE,11,0,Monday,Yes,0,0,0.17
NARCOTICS,15,11,Monday,No,1,1,0.99
THEFT,16,17,Monday,No,0,0,0.005218932289743778
THEFT,4,15,Wednesday,No,0,0,0.0
THEFT,12,17,Tuesday,No,1,0,0.32555742542459126
THEFT,25,11,Wednesday,No,0,0,0.04979903786577701
THEFT,10,19,Monday,No,0,0,0.03
NARCOTICS,2,13,Monday,No,1,1,0.9980722705392238
CRIMINAL DAMAGE,9,13,Tuesday,Yes,0,0,0.007318285359287636
BATTERY,7,23,Friday,No,0,0,0.03831566536826793
ASSAULT,6,0,Tuesday,Yes,0,0,0.015769797974377914
BATTERY,18,18,Thursday,No,1,0,0.0
DECEPTIVE PRACTICE,3,17,Saturday,No,0,1,0.6362020474377791
THEFT,18,19,Saturday,No,0,1,0.5816546638101231
BATTERY,1,4,Tuesday,No,0,0,0.0
ASSAULT,25,12,Friday,Yes,0,0,0.15198876739933145
OTHER OFFENSE,4,4,Saturday,Yes,0,0,0.05761229286264391
BATTERY,2,2,Saturday,Yes,0,0,0.37708012212233044
OTHER OFFENSE,25,12,Thursday,Yes,0,0,0.17725880576014627
BATTERY,24,9,Saturday,Yes,0,1,0.84
CRIMINAL SEXUAL ASSAULT,18,2,Sunday,No,0,0,0.0
ROBBERY,1,13,Tuesday,No,1,0,0.08
PROSTITUTION,7,21,Wednesday,No,1,1,0.93
OTHER OFFENSE,15,17,Sunday,Yes,0,0,0.024904539183153825
DECEPTIVE PRACTICE,19,9,Friday,No,0,0,0.0
CRIMINAL SEXUAL ASSAULT,14,20,Sunday,No,0,0,0.021907841699705628
BATTERY,6,7,Sunday,Yes,1,1,0.6105014301158999
CRIMINAL DAMAGE,3,9,Wednesday,No,0,0,0.0
THEFT,19,15,Wednesday,No,0,0,0.0
INTERFERENCE WITH PUBLIC OFFICER,1,14,Thursday,No,1,1,0.99
THEFT,1,13,Sunday,No,0,0,0.4695213403459279
BATTERY,22,15,Wednesday,No,0,0,0.04191813922678601
ASSAULT,7,12,Tuesday,No,0,0,0.0
OTHER OFFENSE,11,16,Monday,No,0,0,0.03
BURGLARY,8,18,Tuesday,No,0,0,0.008451512615090279
ASSAULT,7,22,Monday,Yes,0,0,0.43730035034121145
NARCOTICS,3,15,Friday,No,0,1,1.0
THEFT,1,17,Tuesday,No,0,0,0.29566475321175867
BATTERY,16,21,Sunday,Yes,0,0,0.04
ROBBERY,18,0,Thursday,No,0,0,0.04
OTHER OFFENSE,11,15,Thursday,Yes,0,0,0.08731828535928762
THEFT,19,18,Tuesday,No,0,0,0.0
BURGLARY,12,23,Tuesday,No,0,0,0.01
BATTERY,24,18,Saturday,Yes,0,1,0.5580680323979056
BURGLARY,25,15,Saturday,No,0,0,0.01
THEFT,19,18,Friday,No,0,0,0.05150185563149652
THEFT,18,2,Saturday,No,0,0,0.0
BURGLARY,16,14,Tuesday,No,0,0,0.0
THEFT,7,7,Tuesday,Yes,0,0,0.0
BATTERY,9,19,Sunday,No,0,0,0.08
MOTOR VEHICLE THEFT,25,14,Sunday,No,0,0,0.06993766552809727
CRIMINAL DAMAGE,18,3,Monday,No,0,0,0.008451512615090279
BATTERY,25,12,Saturday,No,0,0,0.0697356200990364
ROBBERY,22,22,Tuesday,No,0,0,0.15
BATTERY,24,18,Tuesday,No,0,1,0.6178801693592721
BATTERY,12,16,Tuesday,No,0,1,0.5768955140057828
THEFT,12,19,Saturday,No,0,0,0.41320108070217854
CRIMINAL DAMAGE,6,19,Tuesday,Yes,0,0,0.02
BATTERY,12,6,Thursday,Yes,1,0,0.14491298729154542
CRIMINAL DAMAGE,6,17,Saturday,No,0,0,0.04435499708499211
CRIMINAL TRESPASS,2,8,Wednesday,No,0,0,0.01
BATTERY,17,16,Tuesday,No,0,0,0.09682987769093994
CRIMINAL DAMAGE,25,20,Tuesday,No,0,0,0.0
ASSAULT,24,7,Wednesday,No,0,0,0.029160780247553628
BATTERY,12,22,Friday,No,0,0,0.01
THEFT,12,11,Sunday,No,0,0,0.4910100747936891
THEFT,19,10,Monday,No,0,0,0.41968727567730413
BATTERY,20,15,Friday,No,0,0,0.042077405920329394
THEFT,16,16,Monday,No,1,0,0.0
BATTERY,14,6,Saturday,No,0,0,0.03916078024755363
BATTERY,8,16,Tuesday,Yes,0,0,0.016453026568063543
NARCOTICS,10,12,Monday,No,1,1,1.0
THEFT,24,13,Tuesday,No,0,1,0.5426186638998974
MOTOR VEHICLE THEFT,19,19,Sunday,No,0,0,0.0
MOTOR VEHICLE THEFT,11,12,Thursday,No,0,0,0.05484159339352636
CRIMINAL DAMAGE,17,20,Friday,No,0,0,0.008451512615090279
BATTERY,24,18,Tuesday,No,0,1,0.6178801693592721
OTHER OFFENSE,16,14,Thursday,No,0,0,0.19690302523018055
MOTOR VEHICLE THEFT,22,21,Wednesday,No,0,0,0.01
BATTERY,17,23,Sunday,Yes,0,0,0.48622228757497815
THEFT,12,22,Wednesday,No,0,1,0.5098109213681818
THEFT,6,17,Monday,No,0,0,0.04216334494330012
ASSAULT,1,17,Sunday,No,0,0,0.17845151261509026
MOTOR VEHICLE THEFT,6,11,Wednesday,No,0,0,0.0
MOTOR VEHICLE THEFT,6,0,Sunday,No,0,0,0.02433238330536945
WEAPONS VIOLATION,9,23,Monday,No,0,1,0.82
THEFT,14,3,Tuesday,No,0,0,0.1471445113282191
DECEPTIVE PRACTICE,8,2,Saturday,No,0,0,0.0
ASSAULT,24,6,Wednesday,No,0,0,0.14190950121862156
OFFENSE INVOLVING CHILDREN,8,0,Sunday,Yes,0,0,0.13645302656806355
CRIMINAL DAMAGE,2,1,Wednesday,Yes,0,1,0.6210463621758805
BATTERY,4,8,Wednesday,Yes,0,0,0.03162844418492646
CRIMINAL DAMAGE,4,11,Saturday,No,0,0,0.0
THEFT,1,14,Tuesday,No,0,0,0.3586448525956545
BATTERY,20,14,Saturday,No,0,0,0.11632744409324113
THEFT,22,9,Thursday,No,0,0,0.17922498627725003
BATTERY,22,15,Thursday,Yes,0,0,0.25731828535928764
BATTERY,3,1,Monday,Yes,0,1,0.7087119661652054
BATTERY,5,18,Saturday,No,0,0,0.03845151261509028
MOTOR VEHICLE THEFT,2,13,Wednesday,No,0,0,0.47142628991181185
CRIMINAL DAMAGE,25,23,Saturday,Yes,0,0,0.07026238789854505
CRIMINAL TRESPASS,1,14,Friday,No,1,1,0.765901373467977
OTHER OFFENSE,7,13,Monday,No,0,0,0.09645302656806354
BATTERY,3,7,Friday,Yes,1,0,0.0
THEFT,18,11,Monday,No,0,0,0.006717779749081232
CRIMINAL TRESPASS,8,3,Tuesday,No,0,1,0.5946531320467018
THEFT,1,15,Tuesday,No,1,1,0.5778518390582635
CRIMINAL DAMAGE,15,4,Sunday,No,0,0,0.0
THEFT,25,23,Monday,No,0,1,0.66
THEFT,18,12,Friday,No,0,1,0.6715666522178222
OTHER OFFENSE,1,22,Sunday,No,0,0,0.1622575630754514
OTHER OFFENSE,6,16,Sunday,No,0,0,0.10547496325948025
DECEPTIVE PRACTICE,16,13,Friday,No,0,0,0.08124879697446918
MOTOR VEHICLE THEFT,6,16,Monday,No,0,0,0.0
DECEPTIVE PRACTICE,19,1,Monday,No,0,0,0.0615405360540644
OTHER OFFENSE,19,17,Friday,No,0,0,0.01
BATTERY,11,16,Monday,No,0,1,0.7218718247608575
BATTERY,12,23,Wednesday,No,1,0,0.17019232546717195
WEAPONS VIOLATION,22,4,Monday,No,1,0,0.48942441886306054
THEFT,24,4,Friday,No,0,0,0.14545329386586311
CRIMINAL DAMAGE,4,9,Thursday,No,0,0,0.01
DECEPTIVE PRACTICE,5,0,Monday,No,0,0,0.01942441886306058
THEFT,20,13,Tuesday,No,0,0,0.0
PUBLIC PEACE VIOLATION,12,21,Monday,No,1,0,0.31222282454244144
BATTERY,12,11,Friday,No,0,0,0.0
DECEPTIVE PRACTICE,7,11,Thursday,No,0,0,0.01
OTHER OFFENSE,12,19,Monday,Yes,0,0,0.09361397976229202
BURGLARY,7,11,Sunday,No,0,0,0.02731828535928764
THEFT,2,22,Wednesday,No,0,0,0.0
MOTOR VEHICLE THEFT,9,15,Saturday,No,0,0,0.013214957823339368
ASSAULT,18,13,Thursday,No,0,0,0.4526059200364573
ROBBERY,18,2,Sunday,No,0,0,0.0
MOTOR VEHICLE THEFT,14,23,Wednesday,No,0,0,0.009160780247553625
CRIMINAL DAMAGE,5,10,Tuesday,Yes,0,0,0.04535453784527084
MOTOR VEHICLE THEFT,12,17,Saturday,No,0,0,0.0
BURGLARY,5,10,Thursday,No,0,0,0.0
THEFT,1,16,Friday,No,0,0,0.33761657745534135
THEFT,9,14,Wednesday,No,0,0,0.4221381521069597
WEAPONS VIOLATION,19,0,Friday,No,1,1,0.53
THEFT,12,4,Thursday,No,0,0,0.041789941911327254
THEFT,4,1,Tuesday,Yes,0,0,0.0
BATTERY,18,7,Monday,No,0,0,0.024747207018094658
THEFT,14,20,Wednesday,No,0,0,0.0
ASSAULT,15,15,Wednesday,No,0,0,0.0
OTHER OFFENSE,6,14,Wednesday,No,0,1,0.5283030310661883
BATTERY,9,2,Friday,Yes,0,1,0.83
CRIMINAL TRESPASS,16,1,Friday,No,0,0,0.2884515126150903
CRIMINAL DAMAGE,8,16,Thursday,No,0,0,0.033089023438974116
BURGLARY,1,5,Tuesday,No,0,0,0.42
BATTERY,25,16,Monday,Yes,0,0,0.062293581128691995
THEFT,24,12,Sunday,No,0,0,0.052688097877174905
MOTOR VEHICLE THEFT,12,19,Saturday,No,0,0,0.0
THEFT,1,13,Saturday,No,0,0,0.43119862134461934
DECEPTIVE PRACTICE,16,10,Wednesday,No,0,0,0.0
INTERFERENCE WITH PUBLIC OFFICER,9,22,Thursday,No,1,1,0.9084515126150903
BATTERY,20,0,Sunday,Yes,0,1,0.7155404516038858
BURGLARY,18,18,Friday,No,0,0,0.01
MOTOR VEHICLE THEFT,2,7,Thursday,No,0,0,0.0
ROBBERY,14,5,Wednesday,No,1,0,0.04
ASSAULT,5,21,Saturday,No,0,0,0.18451531809282443
THEFT,4,9,Thursday,No,0,0,0.008451512615090279
BURGLARY,9,4,Tuesday,No,0,0,0.0
THEFT,1,18,Saturday,No,0,0,0.0
BATTERY,17,20,Friday,No,0,0,0.15125502436045515
THEFT,12,10,Friday,No,0,0,0.4400312470330682
MOTOR VEHICLE THEFT,10,19,Friday,No,0,0,0.0
THEFT,12,16,Friday,No,0,0,0.2506183430484677
OTHER OFFENSE,9,0,Saturday,No,1,0,0.17
CRIMINAL DAMAGE,6,3,Monday,No,0,0,0.0
THEFT,17,17,Friday,No,0,0,0.0047634452082490905
MOTOR VEHICLE THEFT,14,15,Wednesday,No,0,0,0.008451512615090279
OTHER OFFENSE,6,16,Wednesday,No,0,0,0.1287343265168386
THEFT,5,5,Sunday,Yes,0,0,0.0
THEFT,2,14,Sunday,No,0,1,0.5063064295096592
OTHER OFFENSE,4,22,Saturday,No,1,1,0.6487375687876014
BATTERY,2,12,Sunday,Yes,0,0,0.0
CRIMINAL DAMAGE,11,16,Friday,No,0,0,0.03
BATTERY,11,23,Saturday,Yes,0,0,0.06380605046036111
THEFT,8,16,Sunday,No,0,0,0.0
THEFT,18,18,Sunday,No,0,0,0.0
BATTERY,8,20,Friday,Yes,0,0,0.017844181787914103
MOTOR VEHICLE THEFT,17,12,Thursday,No,0,0,0.01
OTHER OFFENSE,14,21,Wednesday,Yes,0,0,0.0542213105894682
INTIMIDATION,8,15,Wednesday,No,0,0,0.06981932560862633
CRIMINAL DAMAGE,6,8,Wednesday,Yes,0,0,0.0
MOTOR VEHICLE THEFT,10,6,Sunday,No,0,0,0.19
NARCOTICS,11,15,Tuesday,No,1,1,1.0
ASSAULT,10,21,Sunday,Yes,0,0,0.04
BATTERY,4,6,Saturday,Yes,0,1,0.5662947855126252
DECEPTIVE PRACTICE,1,11,Wednesday,No,0,0,0.0
ASSAULT,5,10,Tuesday,No,1,0,0.09319871963318492
BATTERY,18,0,Sunday,No,0,1,0.5042582309229647
NARCOTICS,11,20,Thursday,No,1,1,1.0
CRIMINAL TRESPASS,25,2,Sunday,No,0,1,0.765224585725288
THEFT,3,9,Wednesday,No,1,0,0.0
THEFT,22,1,Friday,No,0,0,0.0
OTHER OFFENSE,7,19,Saturday,Yes,1,0,0.2014096438287728
WEAPONS VIOLATION,14,14,Saturday,No,0,0,0.18
THEFT,12,18,Friday,No,0,0,0.0
THEFT,3,18,Wednesday,No,0,1,0.541853972242818
THEFT,2,23,Sunday,Yes,0,0,0.13109313972025805
THEFT,12,14,Monday,No,0,0,0.3204522673625757
WEAPONS VIOLATION,22,14,Monday,No,1,1,0.5273182853592876
BURGLARY,14,4,Tuesday,No,0,0,0.0
BATTERY,5,20,Friday,Yes,1,0,0.0
THEFT,14,17,Monday,No,0,0,0.4654529108995756
BATTERY,15,2,Monday,Yes,0,0,0.3622335421272868
OTHER OFFENSE,25,12,Thursday,No,0,0,0.11880479990729331
MOTOR VEHICLE THEFT,1,20,Sunday,No,0,0,0.017318285359287637
CRIMINAL DAMAGE,2,5,Monday,No,0,0,0.0
ASSAULT,9,23,Monday,No,1,1,0.6184515126150903
ROBBERY,1,7,Wednesday,No,1,0,0.06
THEFT,9,20,Thursday,No,0,0,0.049409092909816994
BATTERY,8,20,Tuesday,Yes,0,0,0.019160780247553626
THEFT,6,12,Wednesday,No,0,0,0.0
BATTERY,24,7,Monday,Yes,0,0,0.08071905470500454
BURGLARY,14,22,Thursday,No,0,0,0.0
MOTOR VEHICLE THEFT,4,22,Friday,No,0,0,0.0
MOTOR VEHICLE THEFT,6,22,Sunday,No,0,0,0.022032045859223772
NARCOTICS,9,11,Friday,No,1,1,0.9895620117022357
CRIMINAL DAMAGE,4,17,Saturday,No,0,0,0.0
OTHER OFFENSE,11,8,Tuesday,No,0,1,0.69
ASSAULT,8,9,Thursday,No,0,0,0.008451512615090279
THEFT,5,0,Wednesday,No,0,0,0.0
THEFT,19,8,Thursday,No,0,0,0.0
BURGLARY,12,12,Tuesday,No,0,0,0.0
THEFT,19,21,Wednesday,No,0,0,0.0
SEX OFFENSE,6,15,Sunday,No,0,0,0.18891149029167018
CRIMINAL DAMAGE,1,15,Sunday,No,0,0,0.0
CRIMINAL DAMAGE,19,17,Monday,No,1,0,0.0
WEAPONS VIOLATION,9,19,Saturday,No,1,1,0.8289055718179356
THEFT,25,20,Monday,No,0,0,0.22626343507987914
OTHER OFFENSE,11,12,Friday,Yes,0,0,0.36136162478472467
OTHER OFFENSE,24,17,Saturday,Yes,0,1,0.6784515126150903
CRIMINAL DAMAGE,22,22,Saturday,No,0,0,0.01561380681561717
BATTERY,9,13,Saturday,No,0,1,0.6273182853592876
MOTOR VEHICLE THEFT,20,14,Friday,No,0,0,0.0
BURGLARY,4,3,Monday,No,0,0,0.0
CRIMINAL DAMAGE,9,20,Thursday,Yes,0,0,0.02
BATTERY,7,0,Sunday,Yes,0,0,0.026983760830893964
THEFT,16,7,Thursday,No,0,0,0.17407995291604828
MOTOR VEHICLE THEFT,8,19,Saturday,No,0,0,0.0
OTHER OFFENSE,22,10,Saturday,No,1,0,0.03207740592032939
CRIMINAL TRESPASS,3,13,Friday,No,0,0,0.1595282791766069
MOTOR VEHICLE THEFT,12,5,Monday,No,0,0,0.0
BATTERY,16,7,Saturday,No,0,0,0.21122343647201888
THEFT,12,5,Wednesday,No,0,0,0.0
THEFT,19,14,Thursday,No,0,0,0.0
ASSAULT,4,16,Monday,No,0,0,0.01
BATTERY,16,8,Saturday,No,0,0,0.4329306302377671
CRIMINAL DAMAGE,16,3,Wednesday,No,0,0,0.0
OTHER OFFENSE,25,19,Monday,No,0,1,0.8194780078658437
BATTERY,20,2,Thursday,Yes,0,0,0.03461863570049908
THEFT,12,17,Sunday,No,1,0,0.0
THEFT,25,9,Wednesday,No,0,0,0.023358189672178432
CRIMINAL TRESPASS,20,17,Tuesday,Yes,0,0,0.02731828535928764
CRIMINAL DAMAGE,10,8,Monday,No,0,0,0.0
DECEPTIVE PRACTICE,4,11,Friday,No,0,0,0.0
THEFT,10,15,Monday,No,1,1,0.5580582387056553
BATTERY,3,22,Friday,Yes,0,0,0.028151024464648584
ASSAULT,11,16,Monday,No,0,0,0.10808147075299003
DECEPTIVE PRACTICE,25,11,Wednesday,No,0,0,0.0
THEFT,18,13,Wednesday,No,0,0,0.28375943420159166
BURGLARY,9,12,Sunday,No,0,0,0.02
THEFT,25,12,Thursday,No,0,0,0.1357198362383729
MOTOR VEHICLE THEFT,1,20,Monday,No,1,0,0.0
CRIMINAL DAMAGE,9,13,Sunday,No,0,0,0.0
CRIMINAL DAMAGE,2,20,Saturday,No,0,0,0.0
CRIMINAL TRESPASS,7,5,Saturday,No,0,0,0.3576122928626439
BURGLARY,1,11,Saturday,No,0,0,0.0
THEFT,1,16,Monday,Yes,0,0,0.006453026568063544
BATTERY,1,19,Thursday,Yes,0,0,0.01
DECEPTIVE PRACTICE,14,16,Monday,No,0,0,0.0
ROBBERY,18,0,Thursday,No,0,0,0.04
OTHER OFFENSE,19,18,Wednesday,No,0,1,0.9384515126150903
ASSAULT,8,7,Friday,No,0,1,0.65
DECEPTIVE PRACTICE,17,7,Saturday,No,0,0,0.03432324739475536
CRIMINAL DAMAGE,10,17,Friday,Yes,0,0,0.030407308798261753
MOTOR VEHICLE THEFT,12,17,Sunday,No,0,0,0.0
OTHER OFFENSE,10,20,Friday,No,0,0,0.23193417555245954
THEFT,16,13,Wednesday,No,0,0,0.0
OTHER OFFENSE,10,0,Saturday,No,0,0,0.03
CRIMINAL DAMAGE,10,4,Wednesday,Yes,1,0,0.01
OTHER OFFENSE,16,12,Monday,Yes,0,1,0.7
BURGLARY,8,6,Friday,No,0,0,0.0
THEFT,18,9,Saturday,No,1,1,0.7596438950368436
THEFT,1,16,Friday,No,0,0,0.33761657745534135
CRIMINAL SEXUAL ASSAULT,11,17,Saturday,No,0,0,0.02
OTHER OFFENSE,17,12,Thursday,No,0,0,0.39
PUBLIC PEACE VIOLATION,16,15,Monday,No,0,0,0.08690302523018056
BATTERY,12,2,Sunday,No,0,1,0.7652079300007337
CRIMINAL DAMAGE,22,2,Monday,No,0,0,0.008451512615090279
ASSAULT,3,17,Sunday,Yes,1,0,0.44631059665347395
CRIMINAL DAMAGE,2,20,Saturday,Yes,0,0,0.13570504792174604
THEFT,4,1,Sunday,No,0,0,0.0
DECEPTIVE PRACTICE,8,0,Wednesday,No,0,0,0.0
OTHER OFFENSE,2,15,Tuesday,Yes,0,0,0.01
MOTOR VEHICLE THEFT,20,3,Tuesday,No,0,0,0.016742704222348217
OTHER OFFENSE,19,21,Thursday,Yes,0,0,0.08845151261509027
BATTERY,4,23,Wednesday,Yes,0,1,0.8660472404298855
BATTERY,5,12,Thursday,No,0,0,0.018451512615090277
ASSAULT,9,20,Monday,No,0,0,0.06
CRIMINAL DAMAGE,19,0,Wednesday,No,0,0,0.018451512615090277
WEAPONS VIOLATION,3,0,Wednesday,No,1,1,0.77
BATTERY,5,7,Monday,No,0,0,0.07
MOTOR VEHICLE THEFT,2,4,Friday,No,0,0,0.0
DECEPTIVE PRACTICE,5,9,Wednesday,No,0,0,0.0
BURGLARY,1,12,Saturday,No,0,0,0.0
THEFT,9,23,Thursday,Yes,0,0,0.03
THEFT,20,16,Wednesday,No,0,0,0.052740769640222604
BURGLARY,17,11,Friday,No,0,0,0.01
THEFT,5,13,Saturday,No,0,0,0.03308808333366555
DECEPTIVE PRACTICE,14,12,Monday,No,0,0,0.019060653564226735
BURGLARY,20,2,Sunday,No,0,1,0.78
CRIMINAL DAMAGE,6,5,Friday,No,0,0,0.0
THEFT,9,17,Wednesday,No,0,1,0.5133629541405403
CRIMINAL DAMAGE,4,4,Monday,No,0,0,0.0
BATTERY,15,0,Thursday,Yes,1,0,0.03
OTHER OFFENSE,4,16,Friday,Yes,0,0,0.01
THEFT,8,21,Tuesday,No,0,0,0.008451512615090279
DECEPTIVE PRACTICE,15,13,Friday,No,0,0,0.01
BATTERY,2,19,Monday,No,0,0,0.01
BATTERY,5,11,Wednesday,No,1,0,0.1039534550186568
MOTOR VEHICLE THEFT,24,8,Sunday,No,0,0,0.47
BATTERY,3,18,Tuesday,No,1,0,0.012629211710272087
DECEPTIVE PRACTICE,8,0,Sunday,No,0,0,0.0
BATTERY,11,15,Wednesday,Yes,0,0,0.09910220410308676
MOTOR VEHICLE THEFT,22,1,Saturday,No,0,0,0.025814515521850726
CRIMINAL DAMAGE,2,0,Saturday,Yes,1,0,0.46243111289118344
DECEPTIVE PRACTICE,14,0,Sunday,No,0,0,0.0
BATTERY,18,3,Sunday,Yes,0,0,0.10846277530732651
MOTOR VEHICLE THEFT,15,15,Sunday,No,0,0,0.0
ASSAULT,6,8,Saturday,No,0,1,0.7746421408358121
BATTERY,7,15,Thursday,No,0,0,0.01
ROBBERY,8,4,Monday,No,0,0,0.15
CRIMINAL DAMAGE,8,1,Friday,No,0,0,0.0
MOTOR VEHICLE THEFT,14,15,Monday,No,0,0,0.02
BATTERY,5,22,Thursday,Yes,1,0,0.08008955261345774
CRIMINAL DAMAGE,1,20,Sunday,No,0,0,0.0
CRIMINAL TRESPASS,12,19,Friday,No,0,0,0.05
BATTERY,7,18,Thursday,Yes,0,0,0.18474720701809466
CRIMINAL DAMAGE,19,10,Friday,No,0,0,0.0
OTHER OFFENSE,24,13,Sunday,Yes,0,0,0.06561380681561717
OTHER OFFENSE,5,19,Wednesday,Yes,1,0,0.49878297347661793
BATTERY,3,19,Saturday,Yes,0,0,0.47043378943680986
MOTOR VEHICLE THEFT,5,6,Tuesday,No,0,0,0.0
OTHER OFFENSE,20,15,Friday,No,0,0,0.11332445479786354
BATTERY,25,13,Sunday,Yes,0,1,0.6902451866049814
BATTERY,5,0,Tuesday,No,0,1,0.5288434489274976
CRIMINAL DAMAGE,18,18,Friday,No,0,0,0.0
OTHER OFFENSE,16,19,Monday,No,1,0,0.04
BATTERY,4,21,Saturday,Yes,1,0,0.09298497376536037
BATTERY,22,13,Thursday,No,0,0,0.008451512615090279
THEFT,14,8,Sunday,No,0,0,0.47574767979665694
BATTERY,11,20,Friday,Yes,0,0,0.08894824062794358
BATTERY,25,22,Sunday,Yes,0,1,0.6854122988154522
BATTERY,1,11,Wednesday,No,0,0,0.04577073807968648
MOTOR VEHICLE THEFT,25,20,Wednesday,No,0,0,0.0
DECEPTIVE PRACTICE,6,6,Monday,No,0,0,0.01
OTHER OFFENSE,6,12,Tuesday,No,1,0,0.02891149029167017
ASSAULT,17,20,Saturday,Yes,0,0,0.25845151261509025
THEFT,12,23,Monday,No,0,0,0.0
CRIMINAL DAMAGE,18,10,Saturday,No,0,0,0.0
DECEPTIVE PRACTICE,22,9,Sunday,No,0,0,0.0
OTHER OFFENSE,25,16,Thursday,Yes,0,1,0.6872588057601463
BATTERY,8,17,Tuesday,No,0,1,0.5605506589893019
PUBLIC PEACE VIOLATION,16,18,Saturday,No,0,0,0.12916078024755362
BATTERY,16,21,Wednesday,No,0,0,0.018451512615090277
THEFT,17,0,Saturday,No,1,0,0.016479065606841262
ASSAULT,3,12,Sunday,Yes,0,0,0.4196985930336837
CRIMINAL DAMAGE,25,20,Monday,No,0,0,0.0
MOTOR VEHICLE THEFT,2,23,Monday,No,0,0,0.0
BATTERY,7,2,Saturday,Yes,0,0,0.038966598547559725
CRIMINAL DAMAGE,24,11,Tuesday,No,0,0,0.016479065606841262
DECEPTIVE PRACTICE,8,9,Wednesday,No,0,0,0.04
OTHER OFFENSE,12,17,Sunday,No,0,0,0.08731828535928762
BATTERY,8,9,Saturday,Yes,0,0,0.0
THEFT,16,13,Monday,No,0,0,0.004055542804682121
NARCOTICS,16,22,Friday,No,1,1,0.94
BATTERY,4,3,Thursday,Yes,0,1,0.6205073523443185
OTHER OFFENSE,3,15,Tuesday,No,0,0,0.21510251643026365
BATTERY,8,8,Thursday,Yes,0,1,0.54
THEFT,7,14,Thursday,No,0,0,0.0
NARCOTICS,11,6,Sunday,No,1,1,0.99
CRIMINAL DAMAGE,8,2,Wednesday,No,0,0,0.01
BATTERY,15,2,Monday,No,0,0,0.0
BATTERY,10,17,Saturday,Yes,1,0,0.008451512615090279
OTHER OFFENSE,5,15,Wednesday,No,0,0,0.429493735503319
ASSAULT,25,5,Friday,No,0,0,0.1065721716746681
MOTOR VEHICLE THEFT,2,21,Monday,No,1,0,0.0
OTHER OFFENSE,7,3,Friday,No,1,1,0.6409372762141322
DECEPTIVE PRACTICE,6,12,Tuesday,No,0,0,0.0
INTERFERENCE WITH PUBLIC OFFICER,1,17,Wednesday,No,1,1,0.9645642698007814
DECEPTIVE PRACTICE,10,19,Sunday,No,0,0,0.06891149029167017
BATTERY,19,15,Saturday,No,0,1,0.5446591657753791
THEFT,24,14,Friday,No,0,0,0.0
ASSAULT,20,11,Saturday,No,0,0,0.03891149029167017
DECEPTIVE PRACTICE,25,15,Thursday,No,0,0,0.0
THEFT,18,15,Friday,No,0,0,0.459989478883221
THEFT,19,17,Monday,No,0,0,0.0
DECEPTIVE PRACTICE,2,9,Monday,No,0,0,0.0
BATTERY,12,15,Tuesday,Yes,1,0,0.21815331462582382
CRIMINAL DAMAGE,12,16,Tuesday,No,0,0,0.0
INTIMIDATION,12,15,Sunday,No,0,0,0.04
CRIMINAL DAMAGE,4,11,Monday,No,0,0,0.0
THEFT,24,20,Friday,No,0,0,0.4760640644774529
MOTOR VEHICLE THEFT,4,12,Tuesday,No,0,0,0.015769797974377914
THEFT,24,8,Thursday,No,0,0,0.4569155367413246
CRIMINAL DAMAGE,12,2,Saturday,No,0,0,0.009160780247553625
MOTOR VEHICLE THEFT,6,8,Tuesday,No,0,0,0.0
ASSAULT,10,16,Monday,Yes,1,0,0.06
OTHER OFFENSE,19,16,Wednesday,No,0,0,0.17690302523018053
THEFT,14,9,Friday,No,0,0,0.10362915642124362
BATTERY,17,17,Tuesday,Yes,0,1,0.6590119027592362
THEFT,18,12,Sunday,Yes,0,0,0.06401755177213327
BATTERY,3,12,Sunday,Yes,0,0,0.0
MOTOR VEHICLE THEFT,15,7,Tuesday,No,0,0,0.0
BATTERY,10,10,Tuesday,Yes,1,0,0.08308902343897412
DECEPTIVE PRACTICE,20,12,Saturday,No,0,0,0.0
ASSAULT,16,21,Monday,No,0,1,0.5175203483642461
THEFT,24,17,Sunday,Yes,0,0,0.0
BATTERY,1,2,Wednesday,No,0,1,0.6995601377149699
CRIMINAL TRESPASS,9,18,Wednesday,No,1,0,0.3889012306729874
THEFT,17,13,Monday,No,0,0,0.030560971596632926
DECEPTIVE PRACTICE,12,19,Wednesday,No,0,0,0.0
BURGLARY,25,3,Sunday,No,0,0,0.0
BATTERY,4,14,Wednesday,Yes,0,0,0.016453026568063543
BATTERY,6,19,Saturday,Yes,0,0,0.1638872155505673
OTHER OFFENSE,14,10,Friday,Yes,0,0,0.09916078024755363
BATTERY,7,17,Monday,Yes,1,1,0.6910678687933788
NARCOTICS,7,10,Friday,No,1,1,1.0
DECEPTIVE PRACTICE,20,0,Friday,No,0,0,0.013311500198649153
THEFT,1,21,Sunday,No,0,0,0.0
ASSAULT,7,17,Tuesday,No,0,1,0.5251942168374385
OTHER OFFENSE,7,17,Sunday,Yes,0,0,0.07703671172570449
THEFT,25,16,Sunday,No,0,1,0.7258812181083729
ASSAULT,3,15,Tuesday,No,0,0,0.45594275283735786
CRIMINAL DAMAGE,1,20,Saturday,No,0,0,0.008451512615090279
ROBBERY,12,18,Wednesday,No,0,0,0.10456912055778052
ROBBERY,8,15,Saturday,No,0,0,0.029160780247553628
MOTOR VEHICLE THEFT,8,4,Thursday,No,0,0,0.008451512615090279
THEFT,10,12,Thursday,No,0,0,0.42172163362341797
BATTERY,10,19,Monday,Yes,1,0,0.00942441886306058
BATTERY,16,20,Saturday,Yes,0,0,0.0
BATTERY,3,21,Monday,Yes,0,1,0.5463221257519406
ASSAULT,8,1,Thursday,No,0,0,0.07954110990172909
MOTOR VEHICLE THEFT,10,19,Wednesday,No,0,0,0.0
THEFT,6,14,Tuesday,No,0,0,0.0
THEFT,12,16,Wednesday,No,0,1,0.5177083420356936
CRIMINAL DAMAGE,19,0,Sunday,No,0,0,0.0
DECEPTIVE PRACTICE,9,14,Tuesday,No,0,0,0.01
BURGLARY,19,13,Tuesday,No,0,0,0.0
BATTERY,4,1,Wednesday,Yes,0,0,0.047021517791879915
DECEPTIVE PRACTICE,12,18,Saturday,No,0,0,0.01
ASSAULT,12,12,Sunday,No,0,0,0.004055542804682121
ASSAULT,10,18,Wednesday,No,1,0,0.0
OTHER OFFENSE,15,21,Wednesday,No,0,0,0.13
OTHER OFFENSE,16,18,Friday,No,0,0,0.039562011702235604
MOTOR VEHICLE THEFT,3,20,Wednesday,No,0,0,0.0
THEFT,25,16,Wednesday,No,0,0,0.43302190215208336
BURGLARY,12,21,Thursday,No,0,0,0.007318285359287636
MOTOR VEHICLE THEFT,20,7,Monday,No,0,0,0.0
ASSAULT,3,14,Monday,No,0,0,0.052995866056007035
CRIMINAL DAMAGE,18,16,Saturday,Yes,0,0,0.03845151261509028
MOTOR VEHICLE THEFT,15,2,Friday,No,0,0,0.0
THEFT,17,18,Wednesday,No,1,0,0.004055542804682121
BATTERY,18,8,Tuesday,No,0,0,0.01
BURGLARY,9,2,Wednesday,No,1,0,0.053589746935737974
CRIMINAL SEXUAL ASSAULT,20,0,Friday,No,0,0,0.04
CRIMINAL DAMAGE,22,0,Wednesday,Yes,0,0,0.0
MOTOR VEHICLE THEFT,6,21,Sunday,No,0,0,0.4885844542738601
ROBBERY,10,16,Sunday,No,0,0,0.07267376330986704
WEAPONS VIOLATION,3,3,Thursday,No,0,0,0.4579169830387687
BATTERY,3,20,Friday,Yes,0,1,0.6564530265680635
NARCOTICS,11,23,Friday,No,1,1,0.8125428710845755
ASSAULT,3,20,Monday,No,0,1,0.8437604304391971
THEFT,19,9,Monday,No,0,0,0.0
OTHER OFFENSE,22,7,Tuesday,Yes,0,0,0.03
THEFT,6,19,Sunday,Yes,0,0,0.0
THEFT,5,14,Thursday,No,0,0,0.0
THEFT,5,15,Monday,No,0,0,0.0
ASSAULT,22,17,Sunday,No,0,0,0.17845151261509026
MOTOR VEHICLE THEFT,2,10,Sunday,No,0,0,0.0
BATTERY,5,16,Thursday,Yes,0,0,0.11279248102565727
BATTERY,17,19,Monday,Yes,0,1,0.585762074697013
THEFT,18,15,Wednesday,No,0,0,0.31078957206969965
THEFT,4,18,Thursday,No,0,0,0.0
BATTERY,18,11,Wednesday,No,1,0,0.019160780247553626
THEFT,10,15,Tuesday,No,0,0,0.0
MOTOR VEHICLE THEFT,12,9,Monday,No,0,0,0.0
BATTERY,7,20,Tuesday,No,0,1,0.63
ASSAULT,6,19,Saturday,No,0,0,0.0
CRIMINAL DAMAGE,12,20,Friday,No,0,0,0.0
OTHER OFFENSE,1,22,Wednesday,Yes,0,0,0.10383248128818433
BATTERY,1,1,Friday,Yes,0,0,0.48869476690991226
BATTERY,3,4,Thursday,Yes,0,0,0.009562011702235602
MOTOR VEHICLE THEFT,20,8,Friday,No,0,0,0.0
MOTOR VEHICLE THEFT,8,3,Saturday,No,0,0,0.0
THEFT,17,18,Thursday,No,0,0,0.0423825500767431
BATTERY,16,11,Friday,No,0,1,0.5419173219625958
CRIMINAL DAMAGE,8,4,Saturday,No,0,0,0.0
OTHER OFFENSE,17,10,Friday,Yes,0,0,0.1467381426352659
THEFT,19,8,Friday,No,0,0,0.0
OTHER OFFENSE,20,20,Sunday,Yes,0,0,0.0
ASSAULT,18,18,Monday,No,0,0,0.0
CRIMINAL DAMAGE,22,9,Sunday,Yes,0,0,0.0
CRIMINAL DAMAGE,17,17,Tuesday,No,0,0,0.015769797974377914
THEFT,1,9,Tuesday,No,1,0,0.46680227674955227
BATTERY,16,22,Friday,No,0,0,0.03
ROBBERY,9,21,Thursday,No,0,0,0.05474720701809465
BATTERY,8,16,Monday,No,0,1,0.647210695307503
BATTERY,2,22,Sunday,Yes,0,0,0.14523773132065546
BATTERY,12,4,Sunday,No,0,0,0.02
BATTERY,15,16,Sunday,No,0,1,0.5664530265680636
CRIMINAL DAMAGE,15,10,Thursday,Yes,0,0,0.0
THEFT,3,10,Saturday,Yes,0,0,0.0
MOTOR VEHICLE THEFT,4,10,Sunday,No,0,0,0.0
CRIMINAL DAMAGE,2,9,Saturday,No,0,0,0.0
DECEPTIVE PRACTICE,18,17,Saturday,No,0,0,0.0
ROBBERY,12,1,Monday,No,0,0,0.01
THEFT,14,17,Wednesday,No,0,0,0.0
DECEPTIVE PRACTICE,9,0,Monday,No,0,0,0.0
BATTERY,25,9,Friday,No,0,0,0.14103009951174086
THEFT,24,10,Tuesday,No,0,1,0.6870051868248042
BATTERY,4,12,Wednesday,Yes,0,0,0.0
THEFT,2,10,Wednesday,No,0,0,0.0
WEAPONS VIOLATION,6,9,Friday,No,1,1,0.94
OFFENSE INVOLVING CHILDREN,20,20,Wednesday,Yes,0,0,0.04
BATTERY,16,22,Thursday,No,0,1,0.6765209730037276
OTHER OFFENSE,1,14,Friday,No,0,1,0.6578212923573367
DECEPTIVE PRACTICE,8,12,Saturday,No,0,0,0.0
THEFT,7,15,Saturday,Yes,0,0,0.01
BURGLARY,8,7,Friday,No,0,0,0.0
ASSAULT,24,17,Wednesday,No,0,0,0.0
CRIMINAL DAMAGE,4,12,Tuesday,Yes,0,0,0.02
ASSAULT,20,17,Friday,No,0,0,0.03
CRIMINAL DAMAGE,6,23,Thursday,No,0,0,0.0
OTHER OFFENSE,2,10,Saturday,No,0,0,0.007318285359287636
THEFT,25,17,Monday,No,1,0,0.3897950611321023
BATTERY,12,22,Wednesday,No,1,0,0.44413576947332056
BATTERY,19,13,Thursday,No,0,0,0.007318285359287636
THEFT,24,19,Wednesday,No,0,0,0.0475773623877123
OTHER OFFENSE,18,0,Friday,Yes,0,0,0.05
THEFT,18,13,Friday,No,0,1,0.5685091948837148
THEFT,19,12,Sunday,No,0,0,0.27574715857962767
CRIMINAL DAMAGE,4,5,Monday,No,0,0,0.0
WEAPONS VIOLATION,6,16,Tuesday,No,1,1,0.88
THEFT,2,20,Wednesday,No,0,0,0.007318285359287636
CRIMINAL TRESPASS,10,20,Thursday,No,1,0,0.04784418178791411
MOTOR VEHICLE THEFT,7,21,Friday,No,0,0,0.006453026568063544
OTHER OFFENSE,9,3,Sunday,No,0,0,0.4364530265680635
WEAPONS VIOLATION,5,14,Friday,No,1,1,0.975769797974378
CRIMINAL DAMAGE,4,7,Friday,Yes,0,0,0.02
BATTERY,15,13,Saturday,No,0,0,0.04
THEFT,25,19,Thursday,No,0,1,0.508305607026988
OTHER OFFENSE,7,16,Tuesday,Yes,0,0,0.1026531618326182
THEFT,6,11,Tuesday,No,1,0,0.078403791753622
PUBLIC PEACE VIOLATION,18,23,Sunday,No,0,0,0.2
THEFT,14,13,Thursday,No,1,0,0.37027219326835087
THEFT,25,21,Thursday,No,0,0,0.08069430507608127
ASSAULT,14,15,Thursday,Yes,0,0,0.08965174620124848
THEFT,8,10,Monday,No,0,0,0.0
CRIMINAL DAMAGE,20,19,Monday,No,0,0,0.0
BATTERY,20,18,Thursday,No,0,0,0.033646669557837336
BATTERY,18,11,Monday,No,0,0,0.036523783154314066
THEFT,4,15,Friday,No,1,0,0.41777347418840877
DECEPTIVE PRACTICE,1,17,Sunday,No,0,0,0.0
OTHER OFFENSE,12,18,Wednesday,No,0,1,0.6491607802475536
THEFT,25,10,Monday,No,0,0,0.42292217627215173
CRIMINAL DAMAGE,1,3,Thursday,No,0,0,0.03576979797437792
BATTERY,6,0,Tuesday,Yes,0,0,0.0
OTHER OFFENSE,17,12,Sunday,Yes,0,0,0.01
THEFT,18,9,Saturday,No,0,1,0.7596438950368436
THEFT,18,14,Friday,No,0,1,0.6299020950942085
THEFT,18,11,Saturday,No,0,0,0.35261486085388655
ASSAULT,19,1,Thursday,No,1,0,0.055857706105239976
THEFT,18,8,Saturday,No,1,1,0.5424237454702558
CRIMINAL DAMAGE,22,14,Friday,Yes,0,0,0.01
BURGLARY,19,15,Tuesday,No,0,0,0.0
ASSAULT,11,19,Tuesday,Yes,0,0,0.0
OTHER OFFENSE,4,0,Monday,Yes,1,0,0.21610770088670492
CRIMINAL TRESPASS,1,12,Tuesday,No,1,1,0.9978441817879141
ASSAULT,15,22,Wednesday,No,0,0,0.09020069282587949
CRIMINAL TRESPASS,3,19,Sunday,No,1,0,0.07629569440300438
BATTERY,20,14,Monday,No,0,1,0.76
CRIMINAL DAMAGE,3,19,Friday,No,0,0,0.0
CRIMINAL DAMAGE,11,10,Monday,Yes,0,0,0.03845151261509028
CRIMINAL TRESPASS,1,14,Tuesday,No,1,0,0.44748184242051886
CRIMINAL DAMAGE,8,2,Saturday,No,0,0,0.0
SEX OFFENSE,18,12,Saturday,No,0,0,0.340965035118297
CRIMINAL DAMAGE,25,23,Wednesday,Yes,1,0,0.03
ASSAULT,7,20,Monday,No,0,0,0.047318285359287636
THEFT,10,13,Wednesday,Yes,0,0,0.07532382429225773
THEFT,22,16,Sunday,No,0,0,0.024930578221931544
CRIMINAL DAMAGE,22,9,Tuesday,No,0,0,0.0
MOTOR VEHICLE THEFT,11,0,Monday,No,0,1,0.521974097688244
CRIMINAL TRESPASS,24,9,Thursday,No,1,0,0.06916078024755362
CRIMINAL TRESPASS,18,15,Thursday,No,0,0,0.03
CRIMINAL DAMAGE,2,0,Tuesday,No,0,0,0.0
ASSAULT,25,17,Sunday,No,0,0,0.024323247394755363
THEFT,19,13,Friday,No,0,0,0.0
BATTERY,6,1,Thursday,No,0,0,0.18695487443161318
THEFT,19,15,Sunday,No,0,0,0.0
THEFT,24,14,Sunday,Yes,0,0,0.035194216837438494
BATTERY,18,3,Monday,No,0,0,0.23501407745556752
DECEPTIVE PRACTICE,22,22,Saturday,No,0,1,0.5384515126150903
MOTOR VEHICLE THEFT,18,19,Saturday,No,0,0,0.0
CRIMINAL DAMAGE,18,8,Friday,No,1,0,0.12731828535928763
BATTERY,3,10,Monday,No,0,0,0.06576979797437792
THEFT,18,7,Wednesday,No,0,1,0.6148904806347254
BATTERY,24,20,Sunday,Yes,1,1,0.6213419168335266
CRIMINAL DAMAGE,19,10,Thursday,No,0,0,0.0
THEFT,1,10,Wednesday,No,1,1,0.6838936472528284
CRIMINAL DAMAGE,19,17,Friday,No,0,0,0.45963080696081987
BATTERY,18,2,Thursday,No,0,0,0.04636883156690981
OTHER OFFENSE,2,8,Thursday,No,1,0,0.07647906560684127
BATTERY,6,15,Wednesday,Yes,0,0,0.0
ASSAULT,3,21,Thursday,No,0,0,0.01
MOTOR VEHICLE THEFT,12,2,Wednesday,No,0,0,0.0
THEFT,3,2,Friday,No,0,0,0.003126326963906582
ASSAULT,18,18,Thursday,No,1,0,0.039562011702235604
THEFT,2,0,Monday,Yes,0,0,0.0
BATTERY,5,16,Tuesday,Yes,0,1,0.7018050435266452
ASSAULT,3,21,Tuesday,No,0,0,0.01
DECEPTIVE PRACTICE,12,16,Friday,No,0,0,0.0
OTHER OFFENSE,10,6,Tuesday,No,0,0,0.01
BATTERY,24,7,Tuesday,Yes,1,0,0.11911122562466624
ASSAULT,6,15,Sunday,Yes,0,0,0.07348402764230899
CRIMINAL DAMAGE,20,23,Thursday,No,0,0,0.00942441886306058
MOTOR VEHICLE THEFT,3,8,Wednesday,No,0,0,0.0
BATTERY,25,22,Sunday,Yes,0,1,0.6854122988154522
CRIMINAL DAMAGE,4,22,Tuesday,No,0,0,0.0
THEFT,20,15,Sunday,No,0,0,0.0
BATTERY,6,22,Sunday,Yes,0,0,0.0
CRIMINAL SEXUAL ASSAULT,19,0,Wednesday,No,0,0,0.02
CRIMINAL DAMAGE,6,7,Tuesday,No,0,0,0.018451512615090277
THEFT,10,6,Saturday,No,0,0,0.0
ASSAULT,22,18,Friday,No,0,0,0.11349445202661873
BATTERY,18,17,Saturday,No,1,0,0.1
MOTOR VEHICLE THEFT,2,0,Sunday,No,0,0,0.0
ASSAULT,10,12,Sunday,No,0,0,0.03
CRIMINAL SEXUAL ASSAULT,11,0,Friday,No,0,0,0.035769963922255774
THEFT,7,18,Thursday,Yes,0,0,0.0
THEFT,17,12,Tuesday,No,0,0,0.0
OTHER OFFENSE,16,8,Monday,Yes,0,0,0.12474720701809465
MOTOR VEHICLE THEFT,6,17,Friday,No,0,0,0.0
THEFT,17,15,Monday,No,1,1,0.5716116000503326
MOTOR VEHICLE THEFT,22,7,Thursday,No,0,0,0.03493057822193154
BATTERY,20,20,Sunday,Yes,0,0,0.42375064447728067
THEFT,12,8,Thursday,No,0,0,0.018859761518660596
MOTOR VEHICLE THEFT,11,11,Monday,No,0,0,0.0
NARCOTICS,1,19,Wednesday,No,1,1,0.9994244188630605
OTHER OFFENSE,6,15,Friday,Yes,0,0,0.037318285359287634
ROBBERY,12,1,Thursday,No,0,0,0.0
CRIMINAL DAMAGE,5,6,Friday,No,0,0,0.0
BATTERY,25,7,Wednesday,Yes,0,1,0.521277923403054
ASSAULT,12,20,Wednesday,No,0,0,0.0
CRIMINAL TRESPASS,12,12,Friday,No,0,0,0.04845151261509027
OTHER OFFENSE,3,0,Friday,Yes,0,0,0.11
BATTERY,5,23,Saturday,Yes,0,0,0.011671958857807323
BATTERY,19,17,Friday,No,0,0,0.0885465856678411
BATTERY,16,20,Thursday,Yes,1,0,0.04267298915243634
THEFT,16,10,Friday,No,0,0,0.48309406492960205
CRIMINAL TRESPASS,1,16,Friday,No,1,1,0.5034270136188428
ASSAULT,4,17,Tuesday,No,0,0,0.008451512615090279
DECEPTIVE PRACTICE,18,7,Friday,No,0,0,0.0
MOTOR VEHICLE THEFT,14,7,Tuesday,No,0,0,0.0
OFFENSE INVOLVING CHILDREN,12,0,Wednesday,Yes,0,0,0.04891149029167017
ASSAULT,25,12,Saturday,Yes,0,0,0.019160780247553626
BATTERY,12,0,Monday,Yes,0,0,0.05406098958163585
OTHER OFFENSE,7,8,Thursday,No,0,0,0.02731828535928764
THEFT,18,0,Sunday,No,0,0,0.0
WEAPONS VIOLATION,11,19,Tuesday,No,1,1,0.5611301050416593
BATTERY,1,7,Thursday,No,0,0,0.0
THEFT,18,18,Thursday,No,0,0,0.0
DECEPTIVE PRACTICE,6,11,Tuesday,No,0,0,0.0
CRIMINAL SEXUAL ASSAULT,12,11,Thursday,No,0,0,0.03
BATTERY,8,6,Monday,No,0,0,0.0
THEFT,18,6,Wednesday,No,1,0,0.1666822293859979
BATTERY,6,4,Saturday,No,0,0,0.01
CRIMINAL TRESPASS,1,9,Tuesday,No,0,0,0.09429720835597764
MOTOR VEHICLE THEFT,24,13,Saturday,No,0,0,0.0078441817879141
WEAPONS VIOLATION,1,16,Wednesday,No,1,1,0.9994244188630605
WEAPONS VIOLATION,9,17,Wednesday,No,1,0,0.20490453918315382
BATTERY,7,19,Tuesday,No,0,1,0.72
WEAPONS VIOLATION,3,21,Tuesday,No,1,1,1.0
CRIMINAL DAMAGE,14,0,Monday,No,0,0,0.04
THEFT,15,18,Thursday,No,0,0,0.0
BATTERY,20,0,Saturday,No,1,1,0.5523723070109825
CRIMINAL DAMAGE,17,18,Wednesday,No,0,0,0.0
MOTOR VEHICLE THEFT,8,2,Sunday,No,0,0,0.0
THEFT,7,13,Tuesday,No,0,0,0.0
WEAPONS VIOLATION,9,20,Monday,No,1,1,0.52
MOTOR VEHICLE THEFT,4,6,Sunday,No,0,0,0.0
ASSAULT,16,21,Wednesday,Yes,0,1,0.5798080377001109
NARCOTICS,3,1,Saturday,No,1,1,0.97
BATTERY,17,0,Friday,No,0,0,0.12086928377122091
ASSAULT,25,16,Thursday,No,0,0,0.06606489305604318
WEAPONS VIOLATION,8,16,Wednesday,No,1,1,0.91
DECEPTIVE PRACTICE,14,7,Tuesday,No,1,0,0.0
OTHER OFFENSE,24,14,Thursday,Yes,0,0,0.01
BATTERY,15,0,Monday,No,0,0,0.12364455855591253
THEFT,1,22,Sunday,No,0,0,0.0
THEFT,11,15,Tuesday,No,0,0,0.009160780247553625
THEFT,24,15,Tuesday,No,0,0,0.029836168751175892
OTHER OFFENSE,3,18,Saturday,Yes,0,0,0.06700496203546773
THEFT,11,17,Thursday,Yes,0,0,0.0
BATTERY,5,10,Wednesday,Yes,0,1,0.6399814799824758
CRIMINAL DAMAGE,8,7,Tuesday,No,0,0,0.0
CRIMINAL DAMAGE,15,13,Tuesday,Yes,0,0,0.01
BATTERY,11,23,Tuesday,Yes,1,0,0.45601896254536345
MOTOR VEHICLE THEFT,1,5,Saturday,No,0,0,0.0
MOTOR VEHICLE THEFT,11,2,Thursday,No,0,0,0.02
BATTERY,8,6,Saturday,Yes,0,1,0.5370586447955054
BURGLARY,14,9,Friday,No,0,0,0.027612292862643904
MOTOR VEHICLE THEFT,25,23,Monday,No,0,0,0.012832594868855853
DECEPTIVE PRACTICE,8,9,Tuesday,No,0,0,0.0
BURGLARY,6,16,Wednesday,No,0,0,0.0
LIQUOR LAW VIOLATION,17,11,Wednesday,No,1,1,0.9173182853592877
BATTERY,7,22,Thursday,No,0,0,0.06845151261509028
DECEPTIVE PRACTICE,6,19,Monday,No,0,0,0.047318285359287636
THEFT,6,16,Sunday,No,0,1,0.58
BATTERY,16,18,Monday,Yes,0,0,0.39477159377882964
DECEPTIVE PRACTICE,18,15,Friday,No,0,0,0.0
ROBBERY,3,10,Tuesday,No,0,1,0.57
CRIMINAL DAMAGE,15,11,Monday,Yes,0,0,0.16787593147815089
CRIMINAL DAMAGE,12,20,Monday,No,0,0,0.0
CRIMINAL DAMAGE,24,16,Wednesday,No,0,0,0.02645302656806354
NARCOTICS,7,21,Monday,No,1,1,0.98
BATTERY,9,13,Friday,Yes,0,0,0.009160780247553625
CRIMINAL DAMAGE,3,7,Wednesday,No,0,0,0.028626880874302426
BATTERY,11,18,Friday,Yes,1,1,0.6837385472150053
THEFT,19,12,Tuesday,No,0,0,0.0
ASSAULT,14,23,Tuesday,No,0,0,0.07645302656806355
THEFT,8,0,Saturday,No,0,0,0.0
OTHER OFFENSE,1,17,Thursday,No,0,0,0.0
MOTOR VEHICLE THEFT,1,12,Thursday,No,0,0,0.0078441817879141
BATTERY,17,15,Tuesday,No,0,0,0.07284404953866298
ASSAULT,3,9,Friday,No,0,1,0.617612292862644
ASSAULT,15,21,Saturday,No,0,0,0.02
BATTERY,9,20,Monday,No,0,0,0.015769797974377914
CRIMINAL SEXUAL ASSAULT,7,11,Thursday,No,0,0,0.01
THEFT,18,19,Friday,No,0,0,0.0
ROBBERY,19,15,Thursday,No,0,0,0.0
CRIMINAL DAMAGE,22,4,Thursday,No,0,0,0.0
CRIMINAL DAMAGE,6,12,Friday,No,0,0,0.0
OTHER OFFENSE,3,16,Thursday,No,0,0,0.19589003144666564
CRIMINAL DAMAGE,12,2,Sunday,Yes,0,0,0.01
THEFT,17,14,Tuesday,No,1,0,0.46972275186724716
THEFT,5,13,Saturday,No,0,0,0.03308808333366555
BURGLARY,22,18,Thursday,No,0,0,0.0
CRIMINAL TRESPASS,17,4,Thursday,No,1,0,0.21845151261509027
WEAPONS VIOLATION,11,17,Wednesday,No,0,1,0.9069030252301806
THEFT,8,1,Monday,No,0,0,0.0
OTHER OFFENSE,12,4,Tuesday,No,0,0,0.03916078024755363
BATTERY,6,15,Friday,Yes,0,0,0.0
MOTOR VEHICLE THEFT,15,21,Saturday,No,0,0,0.0
MOTOR VEHICLE THEFT,11,16,Thursday,No,0,0,0.0
CRIMINAL DAMAGE,2,4,Monday,No,0,0,0.0
BURGLARY,3,1,Tuesday,No,0,0,0.0
BATTERY,18,14,Sunday,No,0,0,0.02970368166945061
WEAPONS VIOLATION,8,2,Thursday,No,0,0,0.10787593147815086
THEFT,14,15,Friday,No,0,1,0.5196566436692494
BATTERY,19,2,Sunday,No,0,0,0.0
THEFT,14,6,Wednesday,No,0,0,0.02
THEFT,22,14,Sunday,No,0,0,0.038609672871624194
OTHER OFFENSE,4,9,Wednesday,No,0,1,0.6609301996981287
BATTERY,19,13,Wednesday,No,0,0,0.07180756441333438
BURGLARY,24,23,Friday,No,0,0,0.0
BATTERY,19,13,Saturday,Yes,0,0,0.03891149029167017
BATTERY,17,0,Friday,Yes,0,0,0.06662994583498476
OTHER OFFENSE,4,0,Saturday,Yes,0,0,0.44718879244840687
THEFT,14,18,Tuesday,No,0,0,0.36025791279882535
THEFT,9,11,Friday,No,1,0,0.4043726283123564
BATTERY,19,20,Tuesday,No,0,0,0.008451512615090279
BATTERY,11,3,Thursday,No,1,0,0.457993562622128
ROBBERY,6,20,Tuesday,No,0,0,0.06964651289750239
THEFT,7,5,Friday,No,0,0,0.0
CRIMINAL DAMAGE,4,19,Sunday,No,0,0,0.0
THEFT,2,15,Monday,No,0,0,0.4077838016627595
MOTOR VEHICLE THEFT,3,14,Saturday,No,0,0,0.0
BATTERY,22,2,Sunday,Yes,0,1,0.541157953369851
THEFT,10,11,Tuesday,No,0,0,0.08265009503590116
NARCOTICS,25,16,Saturday,No,0,1,0.98
BATTERY,8,5,Sunday,Yes,0,0,0.02845151261509028
BATTERY,12,1,Sunday,No,0,0,0.43170673581359026
MOTOR VEHICLE THEFT,24,3,Saturday,No,0,0,0.01
DECEPTIVE PRACTICE,11,12,Thursday,No,0,0,0.00942441886306058
OTHER OFFENSE,9,16,Tuesday,Yes,0,1,0.52712551176806
CRIMINAL TRESPASS,1,6,Thursday,No,1,0,0.08
BATTERY,5,23,Sunday,No,0,0,0.01766068138299794
BATTERY,24,16,Monday,No,0,0,0.028098025512592665
ASSAULT,6,22,Wednesday,No,0,0,0.03738623179495176
BATTERY,3,16,Thursday,Yes,0,1,0.65
THEFT,20,17,Monday,No,0,1,0.616143749023759
OTHER OFFENSE,5,13,Thursday,No,1,0,0.016964798256790023
THEFT,9,19,Thursday,No,0,0,0.01952488849411046
NARCOTICS,8,22,Monday,No,1,1,1.0
INTERFERENCE WITH PUBLIC OFFICER,10,21,Sunday,No,1,1,0.9241563817725053
BATTERY,2,7,Tuesday,Yes,0,0,0.02731828535928764
ROBBERY,11,23,Thursday,No,0,0,0.01
MOTOR VEHICLE THEFT,4,8,Wednesday,No,0,0,0.0
CRIMINAL DAMAGE,12,1,Thursday,No,0,0,0.0
ROBBERY,4,18,Tuesday,No,0,0,0.01
THEFT,11,8,Friday,No,0,0,0.0
PUBLIC PEACE VIOLATION,19,7,Sunday,No,0,0,0.20091957745345299
MOTOR VEHICLE THEFT,12,19,Tuesday,No,0,0,0.0
CRIMINAL DAMAGE,10,20,Saturday,No,0,0,0.0
BATTERY,12,0,Friday,Yes,0,0,0.05891149029167017
CRIMINAL DAMAGE,18,9,Thursday,No,0,1,0.66
BATTERY,22,2,Sunday,No,0,0,0.4698694937504084
BURGLARY,5,4,Sunday,No,0,0,0.0
OTHER OFFENSE,1,16,Saturday,No,0,0,0.08480943527069643
THEFT,16,13,Sunday,No,1,0,0.0
THEFT,8,20,Saturday,No,0,0,0.0
THEFT,19,14,Saturday,No,0,0,0.0
OFFENSE INVOLVING CHILDREN,16,16,Wednesday,Yes,0,0,0.03942441886306058
ASSAULT,18,15,Tuesday,No,0,0,0.052020257644494305
THEFT,22,2,Thursday,No,0,0,0.0
CRIMINAL DAMAGE,19,22,Monday,Yes,0,0,0.01
MOTOR VEHICLE THEFT,19,23,Saturday,No,0,0,0.0
NARCOTICS,25,22,Wednesday,No,1,1,0.93
BATTERY,1,12,Saturday,Yes,1,0,0.02845151261509028
BATTERY,10,4,Sunday,Yes,0,0,0.02731828535928764
ASSAULT,25,10,Wednesday,No,0,0,0.12832136855318554
DECEPTIVE PRACTICE,25,12,Wednesday,No,0,0,0.0
NARCOTICS,16,19,Wednesday,No,1,1,1.0
ASSAULT,12,14,Saturday,No,0,0,0.008451512615090279
NARCOTICS,9,0,Monday,No,1,1,0.98
DECEPTIVE PRACTICE,1,18,Friday,No,0,0,0.467664739527902
THEFT,6,18,Monday,No,0,0,0.0
THEFT,12,18,Sunday,No,1,0,0.00803668890236507
OTHER OFFENSE,1,15,Wednesday,Yes,0,0,0.02
MOTOR VEHICLE THEFT,4,17,Thursday,No,0,0,0.0
CRIMINAL DAMAGE,2,2,Thursday,No,0,0,0.0
ROBBERY,16,0,Sunday,No,0,0,0.03
BATTERY,16,15,Tuesday,No,0,0,0.023088083333665552
THEFT,1,18,Saturday,No,0,0,0.0
BATTERY,3,2,Thursday,Yes,1,0,0.058410849428356754
DECEPTIVE PRACTICE,25,10,Thursday,No,0,0,0.0
THEFT,1,13,Saturday,No,0,0,0.43119862134461934
BATTERY,9,12,Tuesday,Yes,0,0,0.02
OTHER OFFENSE,16,3,Sunday,No,0,0,0.03
BATTERY,4,12,Friday,No,0,0,0.12048369478309122
BATTERY,11,15,Sunday,Yes,0,1,0.7092621182638982
NARCOTICS,11,14,Saturday,No,1,1,1.0
CRIMINAL DAMAGE,18,15,Friday,No,0,0,0.0
BURGLARY,15,18,Monday,No,0,0,0.03
CRIMINAL DAMAGE,2,10,Saturday,No,0,0,0.0
ASSAULT,16,18,Friday,No,0,1,0.6604510862404258
THEFT,8,19,Wednesday,No,0,0,0.0
CRIMINAL DAMAGE,25,1,Tuesday,No,0,0,0.0
CRIMINAL DAMAGE,5,14,Thursday,No,0,0,0.0078441817879141
BATTERY,7,2,Sunday,Yes,0,1,0.5216695543035066
THEFT,18,0,Friday,No,0,0,0.4069994415256041
THEFT,7,13,Tuesday,No,0,0,0.0
CRIMINAL DAMAGE,12,2,Thursday,No,0,0,0.0
ASSAULT,3,17,Thursday,Yes,0,1,0.5455070426679491
BATTERY,7,17,Sunday,Yes,0,0,0.01
MOTOR VEHICLE THEFT,25,2,Monday,No,0,0,0.017875931478150857
CRIMINAL DAMAGE,7,10,Thursday,Yes,0,0,0.007318285359287636
ASSAULT,6,3,Friday,No,0,0,0.09
THEFT,18,19,Tuesday,No,0,0,0.41362877267784093
THEFT,17,7,Friday,No,0,0,0.009160780247553625
THEFT,12,13,Wednesday,No,0,0,0.0
CRIMINAL DAMAGE,10,17,Sunday,No,0,0,0.01803668890236507
MOTOR VEHICLE THEFT,2,9,Tuesday,No,0,0,0.0
CRIMINAL TRESPASS,4,23,Tuesday,No,0,1,0.66
BATTERY,2,23,Friday,No,0,0,0.03674270422234822
MOTOR VEHICLE THEFT,14,20,Tuesday,No,0,0,0.0
THEFT,2,21,Saturday,No,0,0,0.46253228605330576
ASSAULT,8,10,Thursday,No,0,0,0.009160780247553625
NARCOTICS,11,18,Thursday,No,1,1,1.0
ASSAULT,22,14,Saturday,No,0,0,0.08367609834037809
ASSAULT,1,20,Sunday,No,1,0,0.04
THEFT,18,15,Thursday,No,0,0,0.3328980177550433
THEFT,1,23,Thursday,No,0,0,0.0
ASSAULT,8,16,Sunday,No,0,1,0.5088258664980558
ASSAULT,12,9,Thursday,No,0,0,0.006453026568063544
THEFT,14,0,Wednesday,No,0,0,0.0
THEFT,7,13,Monday,No,0,0,0.0
BATTERY,5,22,Tuesday,No,0,0,0.06858519911061421
OTHER OFFENSE,5,15,Saturday,No,0,0,0.04
OTHER OFFENSE,10,23,Wednesday,No,0,0,0.215957808155724
THEFT,20,1,Monday,No,0,0,0.5
THEFT,11,14,Sunday,No,0,0,0.4913581553607695
BURGLARY,18,21,Monday,No,0,0,0.0
BATTERY,7,16,Friday,No,1,0,0.0
DECEPTIVE PRACTICE,6,10,Tuesday,No,0,0,0.0
THEFT,18,11,Thursday,No,0,1,0.644654964183649
THEFT,6,17,Monday,No,0,0,0.04216334494330012
BATTERY,10,21,Tuesday,Yes,1,1,0.669395804203547
BURGLARY,16,2,Wednesday,No,1,0,0.0
CRIMINAL TRESPASS,20,15,Monday,No,0,0,0.16
BATTERY,18,8,Sunday,No,1,0,0.4542213105894682
CRIMINAL DAMAGE,4,0,Monday,No,0,0,0.0
OTHER OFFENSE,1,8,Monday,No,0,0,0.0
BURGLARY,19,22,Monday,No,0,0,0.0
BATTERY,8,3,Saturday,No,0,0,0.02
CRIMINAL DAMAGE,12,11,Tuesday,No,0,0,0.0033162858349364234
OTHER OFFENSE,9,12,Friday,No,0,1,0.5570970051465014
BATTERY,6,17,Wednesday,Yes,0,0,0.21311207853160796
OTHER OFFENSE,25,1,Sunday,No,0,0,0.4364530265680635
ASSAULT,18,11,Sunday,No,0,0,0.03916078024755363
WEAPONS VIOLATION,4,16,Saturday,No,1,1,1.0
CRIMINAL DAMAGE,8,16,Thursday,No,0,0,0.033089023438974116
ASSAULT,7,10,Sunday,Yes,0,0,0.13
BATTERY,22,22,Wednesday,No,1,0,0.03845151261509028
MOTOR VEHICLE THEFT,6,1,Sunday,No,0,0,0.0
ROBBERY,16,19,Saturday,No,0,0,0.07267282320455848
CRIMINAL DAMAGE,6,10,Wednesday,No,0,0,0.0
THEFT,18,9,Monday,No,0,0,0.017004962035467724
BATTERY,4,4,Thursday,Yes,0,1,0.8205706685507868
BATTERY,6,8,Tuesday,Yes,0,0,0.13770962140720186
WEAPONS VIOLATION,8,14,Monday,No,1,1,0.8953545378452707
ASSAULT,11,20,Thursday,Yes,0,0,0.01
CONCEALED CARRY LICENSE VIOLATION,25,20,Monday,No,1,1,0.8691607802475536
BATTERY,9,9,Thursday,Yes,0,0,0.04
BATTERY,4,3,Thursday,Yes,1,1,0.6205073523443185
THEFT,12,5,Monday,No,0,0,0.007005186824804256
ROBBERY,17,21,Tuesday,No,0,0,0.06
THEFT,9,0,Sunday,No,1,0,0.0
OTHER OFFENSE,19,9,Tuesday,No,0,0,0.0
CRIMINAL DAMAGE,8,2,Tuesday,Yes,0,0,0.02
DECEPTIVE PRACTICE,1,12,Thursday,No,0,0,0.0
CRIMINAL TRESPASS,16,16,Monday,Yes,0,0,0.26361491986760055
THEFT,25,2,Sunday,No,0,0,0.023383030942330386
MOTOR VEHICLE THEFT,22,10,Monday,No,0,0,0.02
CRIMINAL DAMAGE,4,0,Thursday,No,0,0,0.0
CRIMINAL DAMAGE,22,12,Friday,No,0,0,0.0
THEFT,3,21,Sunday,Yes,0,0,0.01
THEFT,11,4,Sunday,Yes,0,0,0.01
INTERFERENCE WITH PUBLIC OFFICER,7,19,Monday,No,0,1,0.51
THEFT,2,12,Saturday,No,0,0,0.0
WEAPONS VIOLATION,4,9,Wednesday,No,1,0,0.26
SEX OFFENSE,2,16,Tuesday,No,0,0,0.06576979797437792
CRIMINAL DAMAGE,1,0,Sunday,No,0,0,0.03942441886306058
DECEPTIVE PRACTICE,8,0,Sunday,No,0,0,0.0
THEFT,6,14,Friday,No,0,0,0.037318285359287634
CRIMINAL TRESPASS,18,14,Tuesday,No,0,1,0.62
WEAPONS VIOLATION,22,21,Wednesday,No,1,1,0.9184515126150903
THEFT,1,20,Saturday,No,1,0,0.4550910812840419
BATTERY,3,4,Wednesday,Yes,0,0,0.0
NARCOTICS,6,3,Saturday,No,1,1,0.9684515126150903
BURGLARY,16,21,Thursday,No,0,0,0.01
ASSAULT,6,19,Sunday,Yes,0,0,0.08736300290676045
OTHER OFFENSE,12,2,Wednesday,No,0,0,0.017844181787914103
DECEPTIVE PRACTICE,8,14,Monday,No,0,0,0.0
MOTOR VEHICLE THEFT,8,22,Thursday,No,0,0,0.0
MOTOR VEHICLE THEFT,11,14,Thursday,No,0,0,0.01
BATTERY,3,2,Monday,Yes,1,0,0.10803668890236506
ASSAULT,20,19,Wednesday,No,0,0,0.03
ASSAULT,8,5,Wednesday,No,0,0,0.018451512615090277
THEFT,6,1,Monday,No,0,0,0.4102404761702732
ASSAULT,18,17,Monday,No,1,0,0.00942441886306058
DECEPTIVE PRACTICE,3,13,Monday,No,0,0,0.0
CRIMINAL DAMAGE,4,13,Tuesday,No,0,0,0.0
THEFT,2,18,Tuesday,No,0,0,0.4590475720218216
THEFT,1,13,Tuesday,No,0,0,0.0
BATTERY,18,18,Tuesday,No,0,0,0.17054073254190288
HOMICIDE,9,20,Wednesday,Yes,0,0,0.2309322651215796
THEFT,22,18,Wednesday,No,0,0,0.014055542804682122
THEFT,2,21,Monday,Yes,0,0,0.10374946159954222
NARCOTICS,10,20,Saturday,No,1,1,0.9991607802475536
CRIMINAL DAMAGE,17,2,Sunday,No,0,0,0.03
WEAPONS VIOLATION,4,19,Wednesday,No,1,1,1.0
THEFT,1,17,Monday,No,0,1,0.5442967245119275
BATTERY,11,18,Wednesday,No,1,0,0.017612292862643906
ROBBERY,22,11,Tuesday,No,0,0,0.47
ROBBERY,3,3,Friday,No,0,0,0.03
THEFT,19,5,Sunday,No,0,0,0.01
BURGLARY,9,14,Sunday,No,0,0,0.02
CRIMINAL TRESPASS,11,20,Monday,No,0,0,0.31894713044520395
THEFT,8,14,Wednesday,No,1,0,0.0
DECEPTIVE PRACTICE,12,11,Friday,No,0,0,0.005218932289743779
ASSAULT,1,12,Friday,No,0,1,0.5073182853592876
THEFT,6,16,Sunday,No,0,1,0.58
BURGLARY,19,13,Tuesday,No,0,0,0.0
ASSAULT,9,19,Sunday,No,0,0,0.019160780247553626
THEFT,18,5,Sunday,No,1,1,0.5601983175445534
THEFT,22,8,Wednesday,No,0,1,0.7967457800833054
DECEPTIVE PRACTICE,9,0,Monday,No,0,0,0.0
DECEPTIVE PRACTICE,8,16,Friday,No,0,0,0.0
NARCOTICS,15,18,Friday,No,1,1,1.0
CRIMINAL DAMAGE,2,4,Saturday,No,0,0,0.0
BURGLARY,17,3,Wednesday,No,0,0,0.019160780247553626
THEFT,3,1,Monday,No,0,1,0.65
THEFT,16,13,Monday,No,0,0,0.004055542804682121
WEAPONS VIOLATION,5,12,Thursday,No,1,1,0.99
THEFT,16,14,Sunday,No,1,0,0.0
ASSAULT,24,1,Tuesday,No,0,0,0.12
THEFT,4,10,Thursday,No,0,0,0.0
THEFT,10,17,Thursday,No,1,0,0.11253112206465227
ASSAULT,12,14,Monday,No,0,0,0.05944589631475601
THEFT,9,14,Wednesday,No,0,0,0.4221381521069597
OTHER OFFENSE,5,13,Thursday,No,1,0,0.016964798256790023
THEFT,1,16,Wednesday,No,0,0,0.3909359332505378
OFFENSE INVOLVING CHILDREN,8,18,Wednesday,Yes,0,0,0.11942441886306059
BATTERY,5,18,Saturday,Yes,0,0,0.4659777415351592
THEFT,1,16,Saturday,No,1,1,0.6710049368979621
ARSON,8,21,Friday,No,0,0,0.16
THEFT,25,17,Wednesday,No,0,1,0.6306012429486356
INTIMIDATION,17,12,Saturday,No,0,0,0.09287334181664837
THEFT,14,12,Tuesday,No,0,0,0.006453026568063545
THEFT,25,17,Thursday,No,0,1,0.806587636695708
MOTOR VEHICLE THEFT,5,12,Sunday,No,0,1,0.65
BATTERY,19,17,Thursday,Yes,1,0,0.031089597286638817
THEFT,5,12,Tuesday,No,0,0,0.1581313183908403
ASSAULT,2,17,Monday,Yes,0,0,0.03
MOTOR VEHICLE THEFT,6,10,Saturday,No,0,0,0.008451512615090279
ROBBERY,11,1,Friday,No,0,0,0.07
THEFT,24,14,Sunday,No,0,1,0.566867896030924
MOTOR VEHICLE THEFT,25,18,Wednesday,No,0,0,0.0
BURGLARY,25,17,Friday,No,0,0,0.0
OTHER OFFENSE,4,0,Friday,No,0,1,0.5138924353430222
CRIMINAL DAMAGE,1,3,Friday,No,0,1,0.5001071411782771
CRIMINAL DAMAGE,6,17,Friday,No,0,0,0.0
ASSAULT,9,17,Thursday,No,0,0,0.0
BURGLARY,7,15,Tuesday,No,0,0,0.008451512615090279
ASSAULT,24,9,Tuesday,Yes,1,0,0.02
MOTOR VEHICLE THEFT,12,13,Tuesday,No,0,0,0.0
CRIMINAL DAMAGE,12,8,Monday,No,0,0,0.0
THEFT,6,1,Thursday,No,0,0,0.10467478358199753
CRIMINAL DAMAGE,22,13,Wednesday,No,0,0,0.0
CRIMINAL DAMAGE,22,2,Wednesday,No,0,0,0.01
BATTERY,12,12,Thursday,No,0,1,0.5103938106884499
BATTERY,2,18,Tuesday,Yes,1,0,0.04658804238744473
OTHER OFFENSE,3,19,Tuesday,No,0,0,0.23832506400187725
CRIMINAL DAMAGE,12,0,Sunday,No,0,1,0.521162083494381
THEFT,1,12,Saturday,No,0,1,0.5662412842379944
BATTERY,19,19,Sunday,No,0,0,0.0
MOTOR VEHICLE THEFT,4,0,Thursday,No,0,0,0.0
THEFT,18,12,Thursday,No,0,0,0.01516929236417151
MOTOR VEHICLE THEFT,6,0,Tuesday,No,0,0,0.0
BATTERY,25,19,Thursday,Yes,1,0,0.18542865628596633
BURGLARY,12,9,Monday,Yes,0,0,0.17645302656806355
DECEPTIVE PRACTICE,20,0,Friday,No,0,0,0.013311500198649153
CRIMINAL TRESPASS,1,6,Friday,No,0,0,0.02
DECEPTIVE PRACTICE,17,13,Wednesday,No,0,0,0.0
NARCOTICS,8,17,Wednesday,No,1,1,1.0
THEFT,2,21,Tuesday,No,0,0,0.0
BATTERY,15,21,Wednesday,No,0,0,0.4
ROBBERY,19,3,Monday,No,1,0,0.04422131058946819
OTHER OFFENSE,12,10,Wednesday,Yes,0,0,0.04348973829376803
THEFT,25,19,Tuesday,No,1,0,0.0
BATTERY,14,22,Tuesday,Yes,1,1,0.5799601335791578
OTHER OFFENSE,2,11,Wednesday,No,0,0,0.15223634599052355
NARCOTICS,11,6,Tuesday,No,1,1,0.99
WEAPONS VIOLATION,18,19,Saturday,No,1,1,0.99
DECEPTIVE PRACTICE,1,18,Tuesday,No,0,0,0.0
OTHER OFFENSE,6,12,Sunday,Yes,0,0,0.027612292862643904
ASSAULT,3,9,Friday,No,0,1,0.617612292862644
WEAPONS VIOLATION,9,23,Saturday,No,1,0,0.44
MOTOR VEHICLE THEFT,7,19,Thursday,No,0,1,0.583943251963751
WEAPONS VIOLATION,25,19,Sunday,No,1,1,0.7423436934406671
DECEPTIVE PRACTICE,8,16,Thursday,No,0,0,0.0
ASSAULT,3,23,Saturday,Yes,1,1,0.565510435873505
BATTERY,3,19,Saturday,No,1,0,0.01
DECEPTIVE PRACTICE,16,15,Tuesday,No,0,0,0.01
CRIMINAL SEXUAL ASSAULT,19,10,Wednesday,No,0,0,0.02
THEFT,4,20,Saturday,No,0,0,0.0
BATTERY,4,15,Tuesday,No,1,0,0.2857697979743779
BATTERY,8,20,Thursday,Yes,0,1,0.8173147143395026
ASSAULT,20,7,Wednesday,No,0,0,0.05577073807968648
ASSAULT,25,16,Wednesday,No,0,0,0.02845151261509028
WEAPONS VIOLATION,4,18,Friday,No,0,1,0.9384515126150903
OTHER OFFENSE,3,22,Thursday,No,0,1,0.8964790656068413
THEFT,12,2,Monday,Yes,0,0,0.03509877594256443
DECEPTIVE PRACTICE,12,6,Wednesday,No,0,0,0.0
MOTOR VEHICLE THEFT,9,17,Saturday,No,0,0,0.0
MOTOR VEHICLE THEFT,12,21,Wednesday,No,0,0,0.0
BATTERY,15,1,Sunday,No,0,0,0.12173998100686236
CRIMINAL DAMAGE,8,18,Monday,Yes,0,0,0.07
CRIMINAL DAMAGE,20,9,Wednesday,No,0,0,0.03845151261509028
CRIMINAL DAMAGE,7,23,Saturday,No,0,0,0.06367609834037809
THEFT,11,9,Wednesday,Yes,0,0,0.01
MOTOR VEHICLE THEFT,12,21,Monday,No,0,0,0.0
THEFT,17,22,Thursday,No,0,0,0.0
DECEPTIVE PRACTICE,9,14,Wednesday,No,0,0,0.01
BATTERY,2,17,Tuesday,Yes,0,1,0.6373182853592876
BURGLARY,25,3,Monday,No,0,0,0.0
CRIMINAL DAMAGE,2,19,Sunday,No,0,0,0.0
BURGLARY,18,6,Tuesday,No,0,0,0.0
THEFT,22,4,Wednesday,No,0,0,0.04
BATTERY,7,16,Sunday,Yes,0,0,0.02
BATTERY,20,0,Friday,No,0,1,0.718738005203983
NARCOTICS,11,17,Friday,No,1,1,1.0
DECEPTIVE PRACTICE,25,17,Saturday,No,0,0,0.01
THEFT,24,15,Friday,No,0,1,0.521930623733406
THEFT,6,11,Tuesday,No,1,0,0.078403791753622
CRIMINAL TRESPASS,10,3,Saturday,No,1,1,0.5147284049923239
ASSAULT,22,14,Thursday,Yes,0,0,0.01
BATTERY,6,12,Saturday,Yes,0,0,0.07783717056237734
THEFT,1,13,Monday,No,1,0,0.3683731852258805
THEFT,12,12,Monday,No,0,0,0.32803131331990437
BATTERY,3,0,Sunday,Yes,0,0,0.49283561945849763
CRIMINAL TRESPASS,18,15,Wednesday,No,0,1,0.6120919593167645
BATTERY,24,10,Friday,Yes,0,1,0.8179327956553909
MOTOR VEHICLE THEFT,25,12,Friday,No,0,0,0.0
BATTERY,25,22,Monday,Yes,0,1,0.7034065461033192
THEFT,14,10,Wednesday,No,0,0,0.15134344265788452
BATTERY,12,21,Thursday,No,0,0,0.06695338073545858
DECEPTIVE PRACTICE,25,10,Friday,No,0,0,0.0
MOTOR VEHICLE THEFT,5,21,Friday,No,0,0,0.024930578221931537
DECEPTIVE PRACTICE,5,15,Saturday,No,0,0,0.0
DECEPTIVE PRACTICE,20,12,Wednesday,No,0,0,0.0
THEFT,4,2,Thursday,No,0,0,0.005218932289743779
THEFT,6,17,Saturday,No,0,1,0.5194759968811546
NARCOTICS,7,12,Wednesday,No,1,1,1.0
BATTERY,20,18,Thursday,No,0,0,0.033646669557837336
MOTOR VEHICLE THEFT,11,1,Tuesday,No,0,1,0.5617487346267679
THEFT,1,8,Thursday,No,0,0,0.3702561850832496
THEFT,8,22,Thursday,No,0,0,0.0
THEFT,18,21,Thursday,No,0,0,0.0
WEAPONS VIOLATION,2,0,Sunday,No,1,0,0.04576979797437792
ASSAULT,3,6,Tuesday,Yes,0,0,0.0
CRIMINAL DAMAGE,17,17,Wednesday,No,0,0,0.01
BURGLARY,3,12,Sunday,No,0,0,0.0
BATTERY,11,20,Tuesday,No,0,1,0.7480556499525677
NARCOTICS,11,16,Wednesday,No,1,1,1.0
BATTERY,8,22,Thursday,Yes,1,1,0.9114135124275796
BATTERY,15,16,Monday,No,0,1,0.8203078835164007
THEFT,11,13,Thursday,No,0,0,0.0
MOTOR VEHICLE THEFT,6,19,Friday,No,0,0,0.0
THEFT,5,14,Sunday,No,0,0,0.0
CRIMINAL DAMAGE,7,22,Saturday,Yes,0,0,0.0
ASSAULT,3,19,Friday,Yes,0,0,0.2792406217512874
BATTERY,3,4,Sunday,No,0,0,0.0
ASSAULT,4,11,Tuesday,No,0,0,0.10731828535928763
BATTERY,10,22,Saturday,Yes,0,1,0.5813439390760151
BATTERY,3,9,Wednesday,Yes,0,1,0.7779472684163676
BURGLARY,12,18,Friday,No,0,0,0.0
ROBBERY,17,21,Friday,No,0,0,0.08807227053922378
DECEPTIVE PRACTICE,5,9,Wednesday,No,0,0,0.0
OTHER OFFENSE,20,22,Tuesday,Yes,0,0,0.23605585414688882
THEFT,19,12,Monday,No,0,0,0.40033572789081623
MOTOR VEHICLE THEFT,15,12,Saturday,No,0,0,0.07690302523018056
BURGLARY,1,13,Monday,No,0,0,0.004055542804682121
CRIMINAL DAMAGE,19,5,Thursday,No,0,0,0.03
THEFT,2,10,Wednesday,No,0,0,0.0
ASSAULT,18,18,Sunday,No,0,1,0.7184515126150903
BATTERY,11,21,Sunday,No,0,0,0.16731828535928764
THEFT,5,10,Tuesday,No,0,0,0.018451512615090277
ASSAULT,19,8,Tuesday,No,0,0,0.029160780247553628
MOTOR VEHICLE THEFT,6,16,Thursday,No,0,0,0.0
MOTOR VEHICLE THEFT,15,18,Tuesday,No,0,0,0.0
SEX OFFENSE,6,11,Tuesday,No,0,0,0.08609284082582647
THEFT,25,15,Friday,No,0,1,0.86848454687399
MOTOR VEHICLE THEFT,6,0,Saturday,No,0,0,0.0
THEFT,20,13,Monday,No,0,0,0.0
OTHER OFFENSE,18,0,Sunday,Yes,0,0,0.04891149029167017
CRIMINAL SEXUAL ASSAULT,3,20,Thursday,No,0,0,0.0
THEFT,22,19,Friday,Yes,0,0,0.0
BURGLARY,2,20,Monday,No,0,0,0.0
DECEPTIVE PRACTICE,9,9,Friday,No,0,0,0.0
THEFT,24,12,Monday,No,0,1,0.6898380795620163
THEFT,6,13,Friday,No,0,1,0.79
THEFT,22,3,Wednesday,No,0,0,0.03
ASSAULT,7,7,Monday,Yes,0,0,0.01
ROBBERY,22,2,Friday,No,0,0,0.06
ASSAULT,15,20,Tuesday,Yes,0,0,0.016453026568063543
CRIMINAL DAMAGE,2,4,Tuesday,No,0,0,0.0
ASSAULT,7,19,Wednesday,No,0,0,0.01377131192735118
BURGLARY,17,14,Friday,No,0,0,0.0
CRIMINAL DAMAGE,4,9,Friday,No,0,0,0.0
THEFT,12,1,Friday,No,0,0,0.0
BATTERY,5,21,Saturday,Yes,0,0,0.01
ASSAULT,2,10,Wednesday,Yes,0,0,0.017612292862643906
CRIMINAL DAMAGE,7,15,Wednesday,Yes,0,0,0.0
MOTOR VEHICLE THEFT,2,17,Thursday,No,0,0,0.0
OTHER OFFENSE,22,15,Saturday,No,0,0,0.35415832087500726
THEFT,8,8,Sunday,No,0,0,0.036444571548291525
THEFT,9,17,Tuesday,No,0,0,0.0
BATTERY,25,20,Wednesday,No,1,0,0.0
BATTERY,3,2,Sunday,Yes,0,0,0.014489715470428615
BATTERY,12,21,Sunday,No,0,0,0.054222250694776764
THEFT,19,7,Monday,No,0,0,0.0634195441951931
THEFT,19,13,Tuesday,No,0,0,0.0
NARCOTICS,11,10,Saturday,No,1,1,0.9248943615608474
BATTERY,20,19,Friday,Yes,0,0,0.014489715470428613
PUBLIC PEACE VIOLATION,12,23,Friday,No,1,0,0.42
THEFT,1,14,Thursday,No,0,1,0.7083448598300914
ASSAULT,11,19,Tuesday,No,0,0,0.0
BATTERY,10,21,Tuesday,Yes,1,1,0.669395804203547
WEAPONS VIOLATION,7,22,Tuesday,No,1,1,0.9430617562876652
CRIMINAL DAMAGE,5,7,Sunday,No,0,0,0.017318285359287637
ROBBERY,15,0,Friday,No,1,0,0.12
THEFT,16,23,Thursday,No,0,0,0.030674337157531734
MOTOR VEHICLE THEFT,8,22,Friday,No,0,0,0.0
CRIMINAL TRESPASS,9,23,Monday,No,0,1,0.5148614670989942
ASSAULT,7,14,Saturday,No,1,1,0.5808812363920827
BATTERY,25,0,Saturday,Yes,0,0,0.059465011239832964
OTHER OFFENSE,1,9,Thursday,Yes,0,0,0.0
THEFT,10,13,Thursday,No,0,1,0.5635699847632218
DECEPTIVE PRACTICE,1,13,Saturday,No,0,0,0.0
BATTERY,8,11,Friday,Yes,0,0,0.07647906560684127
ASSAULT,7,17,Thursday,Yes,0,0,0.09784418178791408
CRIMINAL DAMAGE,2,22,Saturday,No,0,0,0.0
CRIMINAL TRESPASS,14,5,Wednesday,No,0,0,0.05
CRIMINAL DAMAGE,10,12,Sunday,Yes,0,0,0.009160780247553625
THEFT,5,1,Sunday,No,0,0,0.0
BATTERY,22,20,Saturday,Yes,1,0,0.02
NARCOTICS,3,0,Friday,No,1,1,0.97
CRIMINAL DAMAGE,24,22,Wednesday,No,0,0,0.0
THEFT,6,12,Wednesday,No,0,0,0.0
BATTERY,5,16,Thursday,Yes,1,0,0.11279248102565727
BATTERY,20,4,Thursday,Yes,0,0,0.16756135743736905
BATTERY,3,9,Sunday,Yes,0,1,0.5722572920135551
SEX OFFENSE,1,15,Monday,No,0,0,0.0
ASSAULT,12,0,Tuesday,No,0,0,0.09584881466908607
BATTERY,14,21,Wednesday,No,0,0,0.01
THEFT,4,10,Tuesday,No,0,0,0.0
THEFT,17,14,Sunday,No,0,0,0.0
SEX OFFENSE,4,3,Monday,No,0,0,0.0
THEFT,1,9,Monday,No,0,0,0.0
MOTOR VEHICLE THEFT,4,2,Saturday,No,0,0,0.0
THEFT,4,12,Tuesday,No,0,0,0.0
BATTERY,16,12,Saturday,Yes,0,0,0.049424418863060586
MOTOR VEHICLE THEFT,9,21,Monday,No,0,0,0.29958440923566404
BATTERY,25,3,Saturday,No,0,0,0.14518170391951085
CRIMINAL DAMAGE,17,9,Tuesday,Yes,0,0,0.06845151261509028
MOTOR VEHICLE THEFT,3,18,Saturday,No,1,0,0.0
BURGLARY,20,18,Thursday,No,0,0,0.15153959594875585
CRIMINAL DAMAGE,22,5,Friday,No,0,0,0.0
OTHER OFFENSE,3,0,Friday,No,0,1,0.6084515126150903
OTHER OFFENSE,6,9,Friday,No,0,1,0.5498653494371665
ASSAULT,19,15,Saturday,No,0,0,0.01
DECEPTIVE PRACTICE,18,14,Sunday,No,0,0,0.0
THEFT,25,6,Monday,No,0,0,0.033311500198649154
OTHER OFFENSE,2,0,Sunday,No,0,0,0.17
WEAPONS VIOLATION,9,1,Saturday,No,0,0,0.05942441886306058
BATTERY,7,0,Sunday,Yes,0,0,0.026983760830893964
CRIMINAL DAMAGE,5,15,Thursday,No,0,0,0.0
ASSAULT,24,11,Thursday,No,0,0,0.10656024942517864
BATTERY,9,15,Tuesday,Yes,1,1,0.8416331949087352
ASSAULT,2,11,Friday,No,0,0,0.0
CRIMINAL TRESPASS,1,12,Tuesday,No,0,1,0.9978441817879141
MOTOR VEHICLE THEFT,15,12,Thursday,No,0,0,0.06248075250648937
ASSAULT,11,20,Wednesday,No,0,0,0.16350688589639187
ASSAULT,25,12,Wednesday,Yes,0,0,0.0
CRIMINAL DAMAGE,12,21,Sunday,No,0,0,0.0
MOTOR VEHICLE THEFT,18,23,Friday,No,0,0,0.006453026568063544
THEFT,22,22,Thursday,No,0,0,0.0
MOTOR VEHICLE THEFT,4,1,Saturday,No,0,0,0.0
ASSAULT,11,14,Thursday,No,0,0,0.0
CRIMINAL DAMAGE,6,2,Saturday,No,0,0,0.018451512615090277
BURGLARY,1,19,Friday,No,0,0,0.0
THEFT,14,16,Wednesday,No,0,1,0.8470667488326731
ASSAULT,8,9,Wednesday,No,0,0,0.017318285359287637
THEFT,18,15,Monday,No,1,0,0.0
BURGLARY,9,8,Wednesday,No,0,0,0.07
PROSTITUTION,9,20,Tuesday,No,1,1,0.8978441817879141
THEFT,20,11,Sunday,No,0,0,0.45961186648797964
OTHER OFFENSE,1,11,Sunday,No,0,0,0.01
THEFT,3,13,Monday,No,0,0,0.296297721548142
ASSAULT,2,12,Sunday,Yes,0,0,0.01
ASSAULT,3,14,Sunday,Yes,0,0,0.06845151261509028
NARCOTICS,11,22,Saturday,No,1,1,0.96
THEFT,1,17,Sunday,No,0,0,0.3172746615130155
THEFT,6,3,Wednesday,No,0,0,0.0
NARCOTICS,22,21,Tuesday,No,1,1,1.0
THEFT,19,16,Thursday,No,0,1,0.7625671528402284
OTHER OFFENSE,17,0,Wednesday,No,0,1,0.507087164156041
ASSAULT,6,12,Thursday,Yes,0,0,0.0851942168374385
NARCOTICS,11,17,Friday,No,1,1,1.0
MOTOR VEHICLE THEFT,8,2,Sunday,No,0,0,0.0
THEFT,25,14,Wednesday,No,0,0,0.4764410143734235
CRIMINAL DAMAGE,10,21,Tuesday,Yes,0,0,0.06576979797437792
BATTERY,4,13,Friday,Yes,0,0,0.0
DECEPTIVE PRACTICE,17,8,Wednesday,No,0,0,0.0
BATTERY,8,1,Friday,No,0,0,0.08432347218409189
BATTERY,12,10,Tuesday,No,0,0,0.0
NARCOTICS,11,16,Monday,No,1,1,1.0
BATTERY,24,0,Wednesday,No,0,0,0.24009419443351
BATTERY,6,16,Wednesday,Yes,0,0,0.4610514897810443
BATTERY,12,7,Wednesday,No,0,0,0.0
THEFT,17,17,Sunday,No,0,0,0.0
ASSAULT,2,8,Friday,Yes,0,0,0.0
THEFT,9,15,Monday,No,0,0,0.0
BURGLARY,4,20,Sunday,No,0,0,0.0
CRIMINAL TRESPASS,6,12,Thursday,No,0,1,0.6591607802475536
CRIMINAL DAMAGE,2,2,Saturday,No,0,0,0.0
OTHER OFFENSE,10,7,Monday,No,0,0,0.0
BATTERY,7,5,Thursday,Yes,1,0,0.4278441817879141
CRIMINAL DAMAGE,2,19,Wednesday,No,0,0,0.0
ASSAULT,4,13,Saturday,No,0,0,0.0
OTHER OFFENSE,12,10,Tuesday,Yes,0,0,0.01
CRIMINAL DAMAGE,7,1,Thursday,No,0,0,0.01
THEFT,25,8,Friday,No,1,0,0.018911490291670167
CRIMINAL DAMAGE,17,22,Wednesday,No,0,0,0.008451512615090279
THEFT,25,14,Saturday,No,0,1,0.531240878854767
CRIMINAL DAMAGE,1,18,Saturday,No,0,0,0.0
CRIMINAL DAMAGE,11,1,Wednesday,No,0,0,0.0
MOTOR VEHICLE THEFT,8,19,Saturday,No,0,0,0.0
DECEPTIVE PRACTICE,22,0,Thursday,No,0,0,0.0
ROBBERY,3,2,Sunday,Yes,0,0,0.03606380547773418
MOTOR VEHICLE THEFT,22,19,Monday,No,0,0,0.0
MOTOR VEHICLE THEFT,12,19,Saturday,No,0,0,0.0
DECEPTIVE PRACTICE,1,14,Wednesday,No,0,0,0.03474720701809466
THEFT,15,21,Saturday,No,0,0,0.0
BATTERY,1,22,Friday,Yes,0,0,0.04421429936393143
SEX OFFENSE,2,16,Friday,No,0,0,0.07224886358121918
MOTOR VEHICLE THEFT,16,22,Saturday,No,0,0,0.0
ROBBERY,19,19,Saturday,No,1,1,0.5204826642080568
OTHER OFFENSE,7,16,Thursday,No,1,0,0.24845151261509027
THEFT,10,9,Friday,No,0,0,0.0
THEFT,6,0,Thursday,No,0,0,0.45613859675602547
BURGLARY,4,1,Tuesday,No,0,0,0.0
ASSAULT,17,19,Tuesday,No,0,0,0.07803668890236506
THEFT,18,4,Sunday,No,0,0,0.0
CRIMINAL TRESPASS,11,10,Thursday,No,1,1,0.5958020646614766
BURGLARY,3,2,Saturday,Yes,0,0,0.017318285359287637
THEFT,8,17,Thursday,No,0,0,0.008451512615090279
THEFT,14,21,Monday,No,1,0,0.044148328998105446
WEAPONS VIOLATION,18,21,Wednesday,No,1,1,1.0
OTHER OFFENSE,4,10,Tuesday,Yes,0,0,0.02845151261509028
THEFT,25,3,Sunday,No,0,0,0.0
MOTOR VEHICLE THEFT,4,18,Thursday,No,0,0,0.0
ASSAULT,1,7,Saturday,Yes,0,0,0.03845151261509028
OTHER OFFENSE,6,21,Tuesday,No,1,1,0.7089337790745529
MOTOR VEHICLE THEFT,24,19,Monday,No,0,0,0.0
BATTERY,7,11,Monday,Yes,0,0,0.007318285359287636
MOTOR VEHICLE THEFT,9,23,Friday,No,0,0,0.016903025230180557
THEFT,24,12,Monday,No,0,1,0.6898380795620163
CRIMINAL DAMAGE,7,18,Thursday,No,0,0,0.48
BURGLARY,5,9,Wednesday,No,0,0,0.018451512615090277
BATTERY,6,6,Thursday,No,0,0,0.29338209083702177
BATTERY,3,22,Thursday,No,0,0,0.0
THEFT,18,2,Saturday,No,0,0,0.0
BATTERY,17,16,Thursday,Yes,1,1,0.5184515126150903
INTERFERENCE WITH PUBLIC OFFICER,5,18,Friday,No,1,1,0.98
THEFT,15,18,Thursday,Yes,0,0,0.007318285359287636
WEAPONS VIOLATION,15,20,Sunday,No,0,1,0.99
BATTERY,8,23,Monday,Yes,1,0,0.1887574060745718
BATTERY,3,17,Wednesday,No,1,1,0.66
DECEPTIVE PRACTICE,2,11,Friday,No,0,0,0.0
THEFT,19,16,Sunday,No,0,0,0.37319791845712763
OTHER OFFENSE,24,20,Thursday,No,0,0,0.058451512615090274
THEFT,19,9,Sunday,No,0,1,0.5840814531205556
THEFT,8,19,Wednesday,No,0,0,0.0
CRIMINAL DAMAGE,17,2,Sunday,No,0,0,0.03
ROBBERY,8,20,Saturday,No,0,0,0.07422225069477677
DECEPTIVE PRACTICE,18,16,Monday,No,0,1,0.6002386732866218
CRIMINAL DAMAGE,9,21,Friday,No,0,0,0.0
BURGLARY,18,0,Saturday,No,0,0,0.0
ASSAULT,12,12,Tuesday,No,0,0,0.0
NARCOTICS,5,20,Sunday,No,1,1,0.99
MOTOR VEHICLE THEFT,2,1,Sunday,No,0,0,0.0
ASSAULT,18,2,Monday,Yes,0,0,0.13
ASSAULT,25,6,Sunday,Yes,0,0,0.23784418178791408
BATTERY,15,14,Thursday,No,0,0,0.03845151261509028
THEFT,2,0,Friday,No,0,0,0.0
CRIMINAL DAMAGE,11,13,Tuesday,No,0,0,0.032831225152387684
CRIMINAL DAMAGE,9,18,Saturday,No,0,0,0.0
BATTERY,18,3,Saturday,Yes,0,0,0.0
MOTOR VEHICLE THEFT,2,1,Friday,No,0,0,0.01
BURGLARY,8,17,Thursday,Yes,0,0,0.25
MOTOR VEHICLE THEFT,2,11,Thursday,No,0,0,0.0
BURGLARY,1,8,Saturday,No,0,0,0.0
DECEPTIVE PRACTICE,22,21,Sunday,No,0,0,0.27267282320455843
THEFT,2,15,Wednesday,No,1,0,0.0
MOTOR VEHICLE THEFT,7,13,Monday,No,0,0,0.03
CRIMINAL DAMAGE,19,4,Thursday,No,0,0,0.0
BATTERY,22,22,Wednesday,Yes,0,0,0.0759202485913618
CRIMINAL DAMAGE,8,17,Friday,No,0,0,0.0
BATTERY,20,11,Saturday,No,0,0,0.008451512615090279
BATTERY,24,5,Wednesday,Yes,1,0,0.06916078024755362
BATTERY,16,13,Sunday,No,0,1,0.5607003761963095
ASSAULT,10,23,Wednesday,No,1,0,0.02
BATTERY,15,8,Monday,Yes,0,0,0.0206752772628403
DECEPTIVE PRACTICE,19,12,Saturday,No,0,0,0.0
ASSAULT,25,22,Saturday,No,0,0,0.08
THEFT,17,18,Sunday,No,0,0,0.0
ROBBERY,7,0,Thursday,Yes,1,0,0.14628814397314888
THEFT,17,17,Monday,No,1,0,0.0
BURGLARY,8,2,Tuesday,No,0,0,0.0078441817879141
DECEPTIVE PRACTICE,8,10,Monday,No,0,0,0.0
NARCOTICS,11,17,Saturday,No,1,1,1.0
OTHER OFFENSE,4,8,Saturday,No,0,0,0.04845151261509028
ASSAULT,11,17,Sunday,Yes,1,0,0.0
THEFT,17,3,Wednesday,No,0,0,0.0
CRIMINAL DAMAGE,18,15,Sunday,No,0,0,0.03
BATTERY,24,20,Wednesday,Yes,1,0,0.0
THEFT,17,19,Friday,No,0,0,0.16327317939073716
BATTERY,18,18,Saturday,Yes,0,0,0.23051794509778112
DECEPTIVE PRACTICE,16,0,Saturday,No,0,0,0.0
BATTERY,16,13,Saturday,Yes,0,0,0.06
NARCOTICS,10,13,Friday,No,1,1,0.99
CRIMINAL DAMAGE,6,6,Monday,No,0,0,0.0
CONCEALED CARRY LICENSE VIOLATION,16,11,Friday,No,1,1,0.97
BURGLARY,6,23,Wednesday,No,0,0,0.02224980368652774
BATTERY,8,13,Sunday,Yes,0,0,0.06663110561432035
THEFT,14,0,Saturday,No,0,0,0.03263107344601177
DECEPTIVE PRACTICE,3,12,Saturday,No,0,0,0.016880297061523237
THEFT,8,12,Thursday,No,0,0,0.0
ASSAULT,1,13,Wednesday,No,0,0,0.03
BATTERY,25,20,Saturday,Yes,1,0,0.0433593626683645
THEFT,16,2,Wednesday,No,0,0,0.16
BATTERY,2,10,Monday,Yes,0,0,0.03
MOTOR VEHICLE THEFT,11,15,Saturday,No,0,0,0.0
ASSAULT,9,0,Saturday,Yes,0,0,0.20690302523018056
DECEPTIVE PRACTICE,6,3,Wednesday,No,0,0,0.0
BURGLARY,8,1,Monday,No,1,0,0.01
BATTERY,2,1,Saturday,Yes,0,1,0.8409052158443682
OTHER OFFENSE,19,21,Friday,No,0,0,0.01
THEFT,25,13,Wednesday,No,1,0,0.33618687355695603
BATTERY,8,12,Tuesday,No,0,0,0.16780954496704834
ASSAULT,4,21,Wednesday,Yes,0,0,0.05845151261509028
CRIMINAL DAMAGE,24,23,Sunday,No,0,0,0.0
CRIMINAL DAMAGE,6,1,Friday,No,0,0,0.0
CRIMINAL TRESPASS,6,17,Thursday,No,0,0,0.01
MOTOR VEHICLE THEFT,25,17,Tuesday,No,1,0,0.0
MOTOR VEHICLE THEFT,11,16,Monday,No,0,0,0.2432879648283577
THEFT,25,7,Friday,No,0,0,0.02
CRIMINAL DAMAGE,8,15,Sunday,Yes,0,0,0.04
ASSAULT,2,5,Sunday,No,0,0,0.11972231288772615
OTHER OFFENSE,12,12,Thursday,Yes,0,0,0.22
MOTOR VEHICLE THEFT,4,20,Sunday,No,0,0,0.0
BURGLARY,3,0,Friday,No,1,0,0.0
OTHER OFFENSE,5,18,Monday,No,0,1,0.5343281426460996
BATTERY,8,13,Monday,No,1,0,0.48320578783359935
CRIMINAL DAMAGE,11,20,Saturday,No,0,0,0.018451512615090277
ASSAULT,16,20,Wednesday,No,0,1,0.6384515126150903
BURGLARY,25,2,Saturday,No,0,0,0.0
THEFT,15,10,Monday,No,1,0,0.025207184694674548
THEFT,25,11,Thursday,No,0,1,0.7133099488722308
THEFT,10,14,Monday,No,0,0,0.2977183164385202
BATTERY,17,22,Monday,Yes,0,0,0.13519515694274706
CRIMINAL DAMAGE,3,2,Friday,Yes,0,0,0.09338209083702181
MOTOR VEHICLE THEFT,10,6,Sunday,No,0,0,0.19
MOTOR VEHICLE THEFT,11,23,Saturday,No,0,0,0.018451512615090277
DECEPTIVE PRACTICE,1,3,Monday,No,0,0,0.3947612505370789
DECEPTIVE PRACTICE,17,16,Tuesday,No,0,1,0.5618312226350411
THEFT,14,19,Wednesday,No,0,0,0.020620106692404837
BATTERY,22,19,Thursday,Yes,0,0,0.22225891102052792
OTHER OFFENSE,17,12,Saturday,Yes,0,0,0.04845151261509027
MOTOR VEHICLE THEFT,6,14,Saturday,No,0,0,0.0
NARCOTICS,11,15,Tuesday,No,1,1,1.0
ASSAULT,22,13,Tuesday,No,0,0,0.06
OTHER OFFENSE,7,7,Friday,No,0,0,0.0578441817879141
OTHER OFFENSE,24,14,Monday,No,0,0,0.017612292862643906
OTHER OFFENSE,17,8,Wednesday,Yes,0,0,0.07
BATTERY,7,9,Friday,No,0,0,0.10527039085106962
BATTERY,1,4,Sunday,No,0,0,0.18673087330897167
BURGLARY,18,22,Monday,No,0,0,0.0
MOTOR VEHICLE THEFT,4,21,Monday,No,0,0,0.0
WEAPONS VIOLATION,16,12,Sunday,No,1,1,0.84
MOTOR VEHICLE THEFT,25,2,Monday,No,0,0,0.017875931478150857
CRIMINAL DAMAGE,11,0,Tuesday,No,0,0,0.0
DECEPTIVE PRACTICE,9,16,Wednesday,No,0,0,0.017318285359287637
NARCOTICS,25,2,Thursday,No,1,1,0.8373435776330719
CRIMINAL DAMAGE,6,7,Thursday,No,0,0,0.0
CRIMINAL DAMAGE,2,7,Saturday,No,0,0,0.0
BATTERY,12,15,Wednesday,No,0,0,0.008451512615090279
THEFT,8,22,Tuesday,No,0,0,0.0
ASSAULT,19,13,Sunday,No,0,0,0.0
MOTOR VEHICLE THEFT,22,20,Monday,No,0,0,0.0
BATTERY,17,20,Tuesday,Yes,1,0,0.0
ASSAULT,3,22,Friday,No,0,0,0.017318285359287637
BATTERY,25,15,Friday,No,0,0,0.007318285359287636
THEFT,17,7,Tuesday,No,0,0,0.16525666158071173
CRIMINAL DAMAGE,2,5,Tuesday,No,0,0,0.0
OTHER OFFENSE,6,3,Thursday,No,0,0,0.04
THEFT,3,20,Monday,Yes,0,0,0.019160780247553626
MOTOR VEHICLE THEFT,25,7,Tuesday,No,0,0,0.0
CRIMINAL DAMAGE,3,10,Sunday,No,0,0,0.0
CRIMINAL TRESPASS,8,9,Wednesday,No,1,0,0.4805115252934854
BATTERY,22,16,Thursday,Yes,0,0,0.39647906560684126
THEFT,1,17,Friday,No,1,0,0.29251791440465663
DECEPTIVE PRACTICE,24,12,Friday,No,0,0,0.019160780247553626
CRIMINAL DAMAGE,4,3,Friday,No,0,0,0.0
OTHER OFFENSE,14,15,Friday,No,0,1,0.5376043415317986
BATTERY,11,12,Thursday,No,0,0,0.06
MOTOR VEHICLE THEFT,22,22,Monday,No,0,0,0.0
BATTERY,3,10,Saturday,Yes,0,0,0.01
MOTOR VEHICLE THEFT,4,22,Wednesday,No,0,0,0.007318285359287636
ASSAULT,24,12,Saturday,No,0,0,0.0
THEFT,18,20,Friday,No,0,0,0.2715479801528335
BURGLARY,15,7,Wednesday,No,0,0,0.03845151261509028
OTHER OFFENSE,15,8,Wednesday,Yes,1,0,0.02
MOTOR VEHICLE THEFT,12,0,Saturday,No,0,0,0.0
ASSAULT,11,5,Wednesday,Yes,1,0,0.1276122928626439
CRIMINAL TRESPASS,10,1,Thursday,No,1,0,0.0976122928626439
BATTERY,20,17,Sunday,No,0,0,0.034931518327240105
ASSAULT,24,15,Friday,No,0,0,0.027612292862643904
ROBBERY,11,16,Saturday,No,0,0,0.01
ASSAULT,11,8,Friday,No,0,0,0.07
THEFT,1,16,Friday,No,0,0,0.33761657745534135
THEFT,10,15,Sunday,No,0,0,0.006453026568063544
CRIMINAL DAMAGE,3,12,Monday,No,0,0,0.0
BATTERY,3,11,Thursday,No,0,0,0.0
THEFT,1,16,Sunday,No,0,1,0.6238914377570993
THEFT,18,15,Saturday,No,1,0,0.4731463697731199
MOTOR VEHICLE THEFT,2,1,Sunday,No,0,0,0.0
THEFT,19,16,Thursday,No,0,1,0.7625671528402284
CRIMINAL DAMAGE,2,0,Tuesday,No,0,0,0.0
THEFT,19,17,Monday,No,1,0,0.0
WEAPONS VIOLATION,4,13,Monday,No,1,1,0.91
ASSAULT,12,14,Monday,Yes,0,0,0.06
CRIMINAL SEXUAL ASSAULT,12,9,Saturday,Yes,0,0,0.02
OTHER OFFENSE,7,15,Monday,No,0,0,0.13534564640911695
THEFT,9,20,Monday,No,0,0,0.006453026568063544
ASSAULT,3,12,Thursday,Yes,0,0,0.1015202801282922
BATTERY,5,20,Wednesday,Yes,0,0,0.02845151261509028
THEFT,1,14,Monday,No,0,1,0.5547717998675179
THEFT,12,23,Thursday,No,0,0,0.009009560229445506
THEFT,12,15,Tuesday,No,0,0,0.28764529560728613
OTHER OFFENSE,3,21,Saturday,No,0,1,0.8594204596402379
ROBBERY,22,16,Sunday,No,0,0,0.21280650970008239
THEFT,2,16,Thursday,No,0,0,0.00476344520824909
THEFT,25,7,Sunday,No,0,0,0.018451512615090277
ASSAULT,6,19,Sunday,No,1,0,0.01629569440300438
THEFT,10,12,Monday,No,0,0,0.41913196134263453
BATTERY,24,7,Friday,Yes,0,0,0.30874859717224734
THEFT,11,0,Sunday,Yes,0,0,0.01
BATTERY,6,16,Monday,Yes,0,0,0.00803668890236507
THEFT,7,21,Thursday,No,1,0,0.0
OTHER OFFENSE,7,17,Friday,No,1,1,0.6983966287724432
OTHER OFFENSE,12,2,Friday,Yes,0,0,0.04
MOTOR VEHICLE THEFT,8,3,Monday,No,0,0,0.0
BATTERY,2,16,Monday,No,0,0,0.042248863581219175
BATTERY,11,4,Wednesday,No,0,0,0.23541508132407987
OTHER OFFENSE,22,23,Monday,No,0,0,0.1957697979743779
CRIMINAL DAMAGE,8,19,Friday,Yes,0,0,0.0
BATTERY,25,23,Saturday,Yes,1,1,0.9233838993851738
BATTERY,8,15,Tuesday,Yes,1,0,0.03601503827029914
BATTERY,10,5,Monday,Yes,1,1,0.763117944995172
MOTOR VEHICLE THEFT,3,19,Saturday,No,0,0,0.0
THEFT,12,19,Friday,No,0,0,0.0
ASSAULT,18,18,Wednesday,No,0,0,0.02
BATTERY,22,16,Sunday,Yes,0,0,0.01
THEFT,8,18,Tuesday,No,0,0,0.41710379222940935
BATTERY,6,10,Friday,Yes,0,0,0.03647906560684126
DECEPTIVE PRACTICE,6,14,Saturday,No,0,0,0.02
THEFT,4,9,Saturday,No,0,0,0.0
DECEPTIVE PRACTICE,9,11,Monday,No,0,0,0.0
BATTERY,1,7,Friday,No,0,0,0.0
CRIMINAL DAMAGE,8,18,Saturday,No,0,0,0.0
BATTERY,8,22,Wednesday,Yes,0,0,0.04422131058946819
BATTERY,1,17,Monday,No,1,0,0.0667386456650934
THEFT,2,4,Wednesday,No,0,0,0.0
THEFT,19,0,Saturday,No,1,0,0.0
BATTERY,4,10,Tuesday,No,0,0,0.015769797974377914
CRIMINAL DAMAGE,22,14,Tuesday,No,0,0,0.0
OTHER OFFENSE,5,15,Thursday,No,0,0,0.0
BATTERY,11,21,Tuesday,Yes,0,1,0.98
DECEPTIVE PRACTICE,8,21,Friday,No,0,0,0.33731828535928765
BURGLARY,6,15,Friday,No,0,0,0.0
WEAPONS VIOLATION,2,19,Monday,No,0,1,0.96
MOTOR VEHICLE THEFT,22,5,Saturday,No,0,0,0.0
BATTERY,8,11,Friday,Yes,0,0,0.07647906560684127
MOTOR VEHICLE THEFT,6,0,Sunday,No,0,0,0.02433238330536945
BURGLARY,3,8,Wednesday,No,0,0,0.0
BATTERY,16,1,Tuesday,Yes,0,1,0.7212403998131656
ASSAULT,10,12,Tuesday,No,0,0,0.01
CRIMINAL TRESPASS,4,20,Thursday,No,0,1,0.63
CRIMINAL TRESPASS,8,17,Friday,No,1,0,0.11
NARCOTICS,11,14,Monday,No,1,1,1.0
BATTERY,6,0,Thursday,Yes,0,0,0.016479065606841262
OTHER OFFENSE,1,4,Monday,No,0,0,0.01
BATTERY,11,17,Thursday,Yes,0,0,0.06690302523018056
ASSAULT,8,22,Tuesday,No,0,0,0.016453026568063543
CRIMINAL DAMAGE,16,23,Friday,No,0,0,0.0
BATTERY,11,22,Sunday,No,0,0,0.02
OTHER OFFENSE,1,5,Monday,Yes,0,0,0.01
CRIMINAL DAMAGE,4,3,Friday,No,0,0,0.0
BATTERY,5,22,Tuesday,No,1,0,0.06858519911061421
BATTERY,6,12,Thursday,Yes,0,0,0.345791978209229
CRIMINAL DAMAGE,8,20,Monday,No,0,0,0.009160780247553625
BATTERY,9,2,Friday,No,0,0,0.04577073807968648
ASSAULT,2,19,Tuesday,Yes,0,0,0.008451512615090279
DECEPTIVE PRACTICE,10,15,Thursday,No,0,0,0.0
HOMICIDE,14,2,Saturday,No,0,0,0.25629569440300437
BATTERY,9,13,Thursday,No,0,1,0.603090099387479
THEFT,10,15,Thursday,No,0,1,0.5494942486364292
THEFT,18,10,Sunday,No,0,0,0.0
OTHER OFFENSE,25,8,Saturday,No,0,0,0.030674337157531734
ASSAULT,10,11,Thursday,Yes,1,0,0.04
THEFT,7,18,Thursday,No,0,0,0.005218932289743779
DECEPTIVE PRACTICE,16,15,Tuesday,No,0,0,0.01
BATTERY,11,15,Friday,Yes,0,1,0.5301059766007303
ASSAULT,18,19,Sunday,No,0,1,0.68
BATTERY,4,15,Friday,Yes,0,0,0.05545647465055801
BATTERY,8,3,Thursday,Yes,0,0,0.06312227057409071
ASSAULT,6,21,Monday,No,0,0,0.0
ASSAULT,4,13,Wednesday,No,0,0,0.024404821609851544
OTHER OFFENSE,15,8,Sunday,No,0,0,0.34845151261509033
THEFT,2,9,Monday,No,0,0,0.0
BURGLARY,17,5,Tuesday,No,0,0,0.13845151261509028
CRIMINAL DAMAGE,12,13,Sunday,No,0,0,0.0
ROBBERY,12,9,Sunday,No,1,1,0.75
THEFT,22,9,Saturday,No,0,0,0.06267282320455847
BATTERY,4,0,Friday,No,0,0,0.01
BATTERY,14,18,Tuesday,No,0,0,0.08646503693241617
MOTOR VEHICLE THEFT,10,12,Wednesday,No,0,0,0.01
BATTERY,6,9,Friday,Yes,0,0,0.00942441886306058
OTHER OFFENSE,24,9,Monday,No,0,0,0.4629958524697804
BATTERY,6,11,Thursday,Yes,0,0,0.3742974788147467
CRIMINAL DAMAGE,3,22,Monday,No,0,0,0.0
BURGLARY,6,23,Thursday,No,0,0,0.0
CRIMINAL DAMAGE,11,16,Monday,No,0,0,0.48361397976229203
ROBBERY,2,17,Monday,No,0,0,0.34
WEAPONS VIOLATION,11,15,Friday,No,1,0,0.31
PUBLIC PEACE VIOLATION,19,21,Sunday,Yes,0,0,0.02
ASSAULT,15,6,Sunday,Yes,0,0,0.08983511740508536
NARCOTICS,25,13,Wednesday,No,1,1,0.98
THEFT,6,16,Tuesday,No,1,1,0.5045386338134241
THEFT,8,6,Tuesday,No,0,0,0.016092840825826474
MOTOR VEHICLE THEFT,5,1,Saturday,No,0,0,0.023089023438974118
THEFT,4,2,Monday,No,0,0,0.0
MOTOR VEHICLE THEFT,25,10,Monday,No,0,0,0.02
MOTOR VEHICLE THEFT,12,18,Sunday,No,0,0,0.0
BATTERY,15,15,Wednesday,No,0,1,0.6143367365295503
MOTOR VEHICLE THEFT,2,10,Thursday,No,0,0,0.0
ASSAULT,8,22,Tuesday,Yes,1,0,0.05
THEFT,8,1,Thursday,No,0,0,0.0
CRIMINAL DAMAGE,25,8,Monday,Yes,0,0,0.0476122928626439
THEFT,18,12,Tuesday,No,1,1,0.6577415361075813
BATTERY,20,17,Monday,Yes,0,0,0.07490453918315382
THEFT,17,21,Friday,No,0,0,0.1626630292947133
BATTERY,11,5,Friday,Yes,0,0,0.04
BATTERY,11,10,Sunday,Yes,1,1,0.7733913612720206
THEFT,15,20,Sunday,No,0,0,0.0
CRIMINAL DAMAGE,25,21,Wednesday,No,0,0,0.0
BATTERY,6,22,Saturday,Yes,0,1,0.5757615890205023
THEFT,19,12,Saturday,No,0,0,0.0
CRIMINAL DAMAGE,3,22,Friday,No,0,0,0.0
ASSAULT,14,10,Wednesday,No,1,0,0.05746110776542565
DECEPTIVE PRACTICE,18,13,Wednesday,No,0,0,0.0
BATTERY,16,16,Saturday,Yes,0,1,0.69
BURGLARY,2,21,Saturday,No,0,0,0.009160780247553625
THEFT,1,12,Thursday,No,1,1,0.5126523118358856
BATTERY,8,0,Saturday,Yes,0,0,0.4419888997058269
CRIMINAL DAMAGE,11,17,Wednesday,No,0,1,0.61
BATTERY,15,17,Monday,Yes,0,0,0.03
BATTERY,12,10,Saturday,Yes,0,0,0.0
THEFT,1,15,Sunday,No,0,0,0.0
CRIMINAL DAMAGE,2,22,Monday,No,0,0,0.0
OTHER OFFENSE,3,12,Monday,Yes,0,0,0.008451512615090279
ROBBERY,6,21,Sunday,No,0,0,0.0
THEFT,18,6,Tuesday,No,0,0,0.4471601775673395
CRIMINAL DAMAGE,25,23,Thursday,No,0,0,0.015364516859733715
THEFT,1,19,Wednesday,No,0,0,0.0
MOTOR VEHICLE THEFT,6,5,Friday,No,0,0,0.0
BURGLARY,18,4,Saturday,No,0,0,0.0
PUBLIC PEACE VIOLATION,19,17,Saturday,Yes,0,0,0.09267282320455847
THEFT,5,0,Thursday,No,0,0,0.0
OFFENSE INVOLVING CHILDREN,25,10,Monday,No,0,0,0.02521893228974378
THEFT,11,20,Monday,No,0,0,0.0
DECEPTIVE PRACTICE,18,10,Wednesday,No,0,0,0.08844148477095093
MOTOR VEHICLE THEFT,10,8,Wednesday,No,0,0,0.0
OTHER OFFENSE,6,13,Sunday,Yes,0,0,0.10338209083702181
ASSAULT,10,0,Saturday,No,0,1,0.6084515126150903
BATTERY,4,22,Saturday,Yes,0,1,0.558367746966593
BURGLARY,22,9,Wednesday,No,0,0,0.017318285359287637
DECEPTIVE PRACTICE,20,17,Wednesday,No,0,0,0.0
ASSAULT,2,23,Friday,Yes,0,0,0.01
OTHER OFFENSE,8,0,Thursday,No,0,0,0.10534564640911695
BATTERY,8,18,Monday,Yes,0,0,0.0
THEFT,4,22,Saturday,Yes,0,0,0.12885788130804346
BATTERY,10,0,Sunday,Yes,1,0,0.03490453918315382
BATTERY,19,5,Sunday,No,0,1,0.71
OTHER OFFENSE,9,12,Wednesday,No,1,1,0.5044626445417383
THEFT,1,22,Monday,No,1,0,0.0078441817879141
ASSAULT,3,0,Thursday,No,0,0,0.06776867581045015
ASSAULT,9,1,Sunday,Yes,0,0,0.24
MOTOR VEHICLE THEFT,25,7,Sunday,No,0,0,0.06150862824066301
BATTERY,8,22,Monday,Yes,0,1,0.6776122928626439
CRIMINAL DAMAGE,4,10,Saturday,No,0,0,0.0
CRIMINAL TRESPASS,1,1,Monday,No,0,0,0.21014387506355714
THEFT,16,20,Friday,No,0,0,0.0
CRIMINAL DAMAGE,4,22,Thursday,No,0,0,0.0
WEAPONS VIOLATION,14,0,Friday,No,0,0,0.19
ASSAULT,12,17,Monday,No,0,0,0.13925953626814594
THEFT,17,21,Sunday,No,0,0,0.00577073807968648
CRIMINAL DAMAGE,19,1,Monday,Yes,0,0,0.02
MOTOR VEHICLE THEFT,2,23,Thursday,No,0,0,0.4497526244114475
BURGLARY,12,11,Tuesday,No,0,0,0.0
BATTERY,7,3,Thursday,Yes,1,0,0.17
CRIMINAL DAMAGE,1,9,Thursday,No,0,1,0.5690177436920372
WEAPONS VIOLATION,8,19,Friday,No,1,1,0.6833065249582918
THEFT,11,10,Friday,No,0,0,0.0
DECEPTIVE PRACTICE,10,7,Friday,No,0,0,0.02
CRIMINAL DAMAGE,11,14,Wednesday,No,0,0,0.05543026745131737
WEAPONS VIOLATION,2,0,Sunday,No,1,0,0.04576979797437792
THEFT,20,7,Saturday,No,0,0,0.01
MOTOR VEHICLE THEFT,4,15,Wednesday,No,0,0,0.0
BATTERY,16,12,Tuesday,No,0,0,0.0
ASSAULT,15,6,Sunday,Yes,1,0,0.08983511740508536
MOTOR VEHICLE THEFT,12,16,Tuesday,No,0,0,0.0
CRIMINAL DAMAGE,6,22,Saturday,Yes,1,0,0.2630687056567057
PUBLIC PEACE VIOLATION,4,13,Wednesday,No,1,0,0.26
ASSAULT,1,9,Monday,No,0,0,0.01
CRIMINAL DAMAGE,14,0,Sunday,No,0,0,0.0
SEX OFFENSE,22,17,Monday,No,0,0,0.04
CRIMINAL DAMAGE,17,18,Wednesday,No,0,0,0.0
THEFT,17,13,Thursday,No,0,0,0.0
MOTOR VEHICLE THEFT,6,20,Saturday,No,0,0,0.0
MOTOR VEHICLE THEFT,4,16,Thursday,No,0,0,0.0
THEFT,8,16,Friday,No,0,0,0.38338175399520585
ASSAULT,8,23,Saturday,No,0,0,0.2091607802475536
THEFT,12,9,Monday,No,0,0,0.0
ASSAULT,6,15,Thursday,Yes,0,0,0.0
BURGLARY,22,22,Wednesday,No,0,0,0.008451512615090279
BURGLARY,4,19,Monday,No,0,0,0.008451512615090279
ASSAULT,2,5,Thursday,No,0,0,0.313613979762292
THEFT,2,0,Monday,No,0,0,0.0
ASSAULT,11,13,Sunday,Yes,1,0,0.04845151261509027
THEFT,2,18,Tuesday,No,0,0,0.4590475720218216
BATTERY,25,18,Tuesday,Yes,1,1,0.5628504503424404
THEFT,24,4,Wednesday,No,0,0,0.0
DECEPTIVE PRACTICE,4,15,Sunday,No,0,0,0.0
CRIMINAL DAMAGE,6,0,Thursday,No,0,0,0.0
BATTERY,1,9,Tuesday,No,0,1,0.5553726746097596
DECEPTIVE PRACTICE,2,12,Thursday,No,0,0,0.0
CRIMINAL DAMAGE,4,22,Saturday,No,0,0,0.0
THEFT,8,8,Sunday,No,1,0,0.036444571548291525
BATTERY,12,11,Friday,No,0,0,0.0
THEFT,2,22,Saturday,No,0,0,0.014904539183153822
BATTERY,22,2,Saturday,No,1,0,0.1077631730907874
BATTERY,5,8,Monday,Yes,0,0,0.02
THEFT,14,20,Tuesday,No,0,0,0.02377131192735118
THEFT,8,12,Friday,No,0,0,0.42998050068484517
THEFT,3,14,Thursday,No,0,0,0.0
MOTOR VEHICLE THEFT,7,12,Wednesday,No,0,0,0.03845151261509028
MOTOR VEHICLE THEFT,3,15,Friday,No,0,0,0.044747207018094655
THEFT,19,14,Friday,No,0,1,0.5568253218116056
THEFT,24,11,Monday,No,0,1,0.5156461511611112
ASSAULT,8,11,Friday,No,0,0,0.018451512615090277
BATTERY,8,10,Thursday,No,0,0,0.01
THEFT,2,20,Friday,No,0,0,0.005218932289743779
THEFT,12,16,Monday,No,1,0,0.2236468615860807
MOTOR VEHICLE THEFT,6,18,Wednesday,No,0,0,0.45706767908425583
THEFT,24,16,Thursday,No,0,0,0.010151820333452053
BATTERY,12,7,Friday,No,0,0,0.04
MOTOR VEHICLE THEFT,4,18,Sunday,No,0,0,0.0
BURGLARY,4,3,Saturday,No,0,0,0.0
BATTERY,16,0,Thursday,Yes,0,1,0.6608451671459086
MOTOR VEHICLE THEFT,9,15,Tuesday,No,0,0,0.018451512615090277
OFFENSE INVOLVING CHILDREN,12,12,Tuesday,Yes,0,0,0.0
ASSAULT,4,9,Thursday,Yes,1,0,0.0
OFFENSE INVOLVING CHILDREN,12,16,Wednesday,Yes,1,0,0.008451512615090279
CRIMINAL DAMAGE,7,19,Thursday,No,0,1,0.56
THEFT,19,14,Friday,No,0,1,0.5568253218116056
ASSAULT,25,19,Friday,No,0,0,0.11352054046319815
THEFT,19,14,Monday,No,0,0,0.0
ASSAULT,12,5,Saturday,No,0,0,0.40325188064987727
THEFT,12,15,Thursday,No,0,0,0.3158128911120064
BATTERY,9,4,Sunday,No,0,0,0.19588152185220628
THEFT,1,10,Saturday,No,0,0,0.3896300519747015
NARCOTICS,5,12,Monday,No,1,1,0.98
BURGLARY,1,17,Thursday,No,0,0,0.0
MOTOR VEHICLE THEFT,5,20,Friday,No,0,0,0.014636570718575275
CRIMINAL DAMAGE,3,11,Friday,No,0,0,0.0
ROBBERY,10,17,Thursday,No,0,0,0.06
CRIMINAL DAMAGE,9,23,Tuesday,No,0,0,0.0
BATTERY,3,13,Wednesday,No,1,0,0.0
THEFT,6,13,Tuesday,Yes,0,0,0.01
THEFT,9,14,Monday,No,0,0,0.017363002906760447
THEFT,1,12,Friday,No,0,0,0.26633711461988396
ASSAULT,11,1,Saturday,Yes,0,0,0.21845151261509027
OTHER OFFENSE,8,19,Sunday,No,0,0,0.23
BURGLARY,20,19,Sunday,No,1,0,0.03
MOTOR VEHICLE THEFT,2,1,Friday,No,0,0,0.01
CRIMINAL TRESPASS,19,13,Wednesday,No,0,1,0.698113727679321
CRIMINAL DAMAGE,18,9,Sunday,No,0,0,0.0
THEFT,18,17,Tuesday,No,0,0,0.46821770727516465
CRIMINAL TRESPASS,18,8,Tuesday,No,0,1,0.62
BATTERY,8,21,Monday,No,1,0,0.02
BATTERY,9,13,Wednesday,Yes,1,0,0.0
THEFT,14,15,Tuesday,No,0,0,0.0
THEFT,8,4,Friday,No,0,0,0.0
OTHER OFFENSE,6,13,Sunday,No,0,1,0.8574379233580448
BATTERY,7,9,Friday,Yes,0,1,0.9183980695793414
THEFT,5,11,Saturday,No,0,0,0.059836057510393934
OTHER OFFENSE,9,17,Wednesday,No,0,0,0.11677307311019752
MOTOR VEHICLE THEFT,10,20,Saturday,No,0,0,0.02
BATTERY,18,16,Sunday,No,1,0,0.0658599995327081
THEFT,19,20,Wednesday,No,0,0,0.3811494118377508
INTERFERENCE WITH PUBLIC OFFICER,5,21,Sunday,No,1,1,0.97
BATTERY,11,18,Wednesday,No,0,0,0.017612292862643906
OTHER OFFENSE,5,9,Wednesday,No,0,0,0.03512981778387711
THEFT,1,17,Friday,No,0,0,0.29251791440465663
THEFT,1,12,Sunday,No,0,1,0.6072764324797939
MOTOR VEHICLE THEFT,2,22,Friday,No,0,0,0.0
CRIMINAL DAMAGE,10,23,Monday,No,0,0,0.008451512615090279
ASSAULT,10,22,Saturday,Yes,0,0,0.08514988928704853
BATTERY,8,11,Saturday,No,0,0,0.01
BATTERY,25,14,Wednesday,No,1,0,0.0
BATTERY,12,20,Saturday,No,0,0,0.03451575450920633
ASSAULT,1,21,Wednesday,No,0,0,0.01
ASSAULT,25,14,Thursday,No,0,0,0.03274872097106792
THEFT,19,17,Thursday,No,0,0,0.36790208278606307
WEAPONS VIOLATION,12,1,Friday,No,1,1,0.7307003761963096
THEFT,18,18,Friday,No,0,0,0.4183067646787289
ASSAULT,10,18,Friday,No,0,0,0.02845151261509028
DECEPTIVE PRACTICE,18,4,Friday,No,0,0,0.025877445431124125
BATTERY,16,1,Thursday,No,0,0,0.2057697979743779
THEFT,17,13,Wednesday,No,0,1,0.6825000740302579
MOTOR VEHICLE THEFT,12,6,Wednesday,No,0,0,0.0
BATTERY,12,18,Wednesday,Yes,0,0,0.15246076999154815
MOTOR VEHICLE THEFT,14,21,Monday,No,0,0,0.0
BATTERY,6,14,Monday,Yes,0,0,0.17957163147943456
THEFT,6,12,Tuesday,No,0,0,0.374975283630457
CRIMINAL DAMAGE,25,4,Friday,No,0,0,0.0
ASSAULT,12,4,Saturday,No,0,1,0.51257328206812
CRIMINAL DAMAGE,14,2,Friday,No,0,0,0.0
BATTERY,9,23,Sunday,Yes,1,1,0.9797239665267656
ROBBERY,1,5,Thursday,No,0,0,0.19
THEFT,1,9,Saturday,No,0,1,0.5323708846166926
NARCOTICS,11,14,Friday,No,1,1,1.0
THEFT,19,14,Wednesday,No,0,0,0.4610422509309795
ASSAULT,1,20,Friday,Yes,1,0,0.17361397976229204
NARCOTICS,11,8,Sunday,No,1,1,1.0
OTHER OFFENSE,4,14,Thursday,Yes,0,0,0.01
DECEPTIVE PRACTICE,12,13,Tuesday,No,0,0,0.01
CRIMINAL DAMAGE,16,16,Monday,No,0,0,0.0
CRIMINAL DAMAGE,19,14,Thursday,No,0,0,0.01
BURGLARY,19,14,Thursday,No,0,0,0.0
THEFT,6,11,Thursday,No,0,0,0.0
NARCOTICS,11,10,Tuesday,No,0,1,0.8957008063002059
THEFT,4,20,Wednesday,No,0,0,0.0
NARCOTICS,10,16,Saturday,No,1,1,1.0
MOTOR VEHICLE THEFT,25,0,Wednesday,No,0,0,0.0
BURGLARY,9,18,Tuesday,No,0,0,0.0
THEFT,1,17,Thursday,No,0,1,0.8138849782660721
NARCOTICS,10,0,Saturday,No,1,1,0.97
THEFT,19,19,Monday,No,0,0,0.30473404106034097
THEFT,9,14,Thursday,No,0,0,0.004381082253765573
ASSAULT,2,14,Sunday,Yes,0,0,0.01
CRIMINAL DAMAGE,25,13,Wednesday,No,0,0,0.0
NARCOTICS,8,16,Friday,No,1,1,0.99
INTERFERENCE WITH PUBLIC OFFICER,11,18,Thursday,No,1,1,0.82
THEFT,19,11,Monday,No,0,0,0.0
MOTOR VEHICLE THEFT,4,4,Thursday,No,0,0,0.0
THEFT,18,8,Saturday,No,0,1,0.5424237454702558
ROBBERY,1,1,Monday,No,0,0,0.007318285359287636
DECEPTIVE PRACTICE,6,7,Thursday,No,0,0,0.0
NARCOTICS,8,21,Saturday,No,1,1,0.98
CRIMINAL DAMAGE,24,15,Saturday,No,0,0,0.0
DECEPTIVE PRACTICE,14,20,Sunday,No,1,0,0.03
CRIMINAL DAMAGE,12,9,Tuesday,No,0,0,0.0
THEFT,1,7,Thursday,No,0,0,0.04658376594600367
THEFT,2,14,Monday,No,0,0,0.0
DECEPTIVE PRACTICE,22,9,Friday,No,0,0,0.0
THEFT,17,5,Monday,No,0,0,0.12012518022441998
THEFT,9,7,Saturday,No,0,0,0.0
ASSAULT,7,17,Friday,No,0,1,0.8687227919497893
MOTOR VEHICLE THEFT,6,6,Friday,No,0,0,0.0
CRIMINAL TRESPASS,20,18,Friday,No,0,0,0.28054556961731747
OTHER OFFENSE,8,11,Saturday,No,0,0,0.16442816900611515
THEFT,25,12,Monday,No,0,0,0.00685847363058561
MOTOR VEHICLE THEFT,4,20,Sunday,No,0,0,0.0
BATTERY,15,19,Thursday,Yes,0,1,0.5170938144052215
CONCEALED CARRY LICENSE VIOLATION,15,10,Friday,No,1,1,0.79
OFFENSE INVOLVING CHILDREN,19,17,Monday,No,0,0,0.04
THEFT,3,19,Tuesday,No,0,0,0.06218356244908623
THEFT,14,12,Saturday,No,0,0,0.43981910416352205
BURGLARY,12,3,Saturday,No,0,0,0.0
OTHER OFFENSE,6,10,Sunday,No,1,0,0.21437971253729743
OTHER OFFENSE,16,18,Monday,No,1,0,0.05576979797437792
ROBBERY,3,2,Tuesday,No,0,0,0.18
DECEPTIVE PRACTICE,5,0,Wednesday,No,0,0,0.0
THEFT,6,19,Tuesday,No,0,0,0.030015982092930594
THEFT,4,19,Tuesday,No,0,0,0.034987783703663816
BURGLARY,19,23,Sunday,No,0,0,0.0
WEAPONS VIOLATION,25,21,Friday,No,1,1,0.8973182853592877
THEFT,8,22,Friday,No,0,1,0.588936946605256
THEFT,8,22,Friday,No,0,1,0.588936946605256
CRIMINAL DAMAGE,6,8,Saturday,No,0,0,0.01
MOTOR VEHICLE THEFT,19,6,Thursday,No,0,0,0.008451512615090279
THEFT,17,11,Saturday,No,0,0,0.2352645983533867
THEFT,9,15,Saturday,No,0,0,0.0
WEAPONS VIOLATION,17,0,Friday,No,0,0,0.2991607802475536
THEFT,16,21,Monday,No,0,1,0.5249653158239856
BATTERY,8,18,Tuesday,No,0,0,0.13787292632795978
BATTERY,10,13,Monday,No,0,0,0.13933389455436632
BATTERY,15,14,Saturday,No,0,0,0.01
ASSAULT,3,4,Friday,No,0,0,0.05690302523018056
THEFT,4,15,Tuesday,No,0,0,0.012579465854221433
OTHER OFFENSE,17,0,Saturday,No,0,0,0.0
NARCOTICS,15,18,Sunday,No,1,1,0.99
MOTOR VEHICLE THEFT,25,3,Friday,No,0,0,0.0
MOTOR VEHICLE THEFT,12,0,Wednesday,No,0,0,0.0
STALKING,8,22,Sunday,No,0,0,0.02561380681561717
THEFT,6,14,Tuesday,No,0,0,0.0
ASSAULT,10,19,Monday,No,0,1,0.5330286037345242
MOTOR VEHICLE THEFT,2,14,Thursday,No,0,0,0.0
DECEPTIVE PRACTICE,9,0,Sunday,No,0,0,0.04
THEFT,12,16,Wednesday,No,0,1,0.5177083420356936
BATTERY,12,17,Friday,No,0,1,0.69
CRIMINAL DAMAGE,9,11,Sunday,No,0,0,0.01
THEFT,19,15,Tuesday,No,1,0,0.4337574998100552
ASSAULT,6,16,Thursday,No,0,0,0.01898569590302585
CRIMINAL DAMAGE,20,19,Monday,No,0,0,0.0
BURGLARY,22,2,Monday,No,1,1,0.58
BATTERY,18,22,Friday,No,0,0,0.025769797974377916
THEFT,17,13,Wednesday,No,1,1,0.6825000740302579
BATTERY,9,18,Monday,No,0,0,0.0
CRIMINAL DAMAGE,8,19,Sunday,No,0,0,0.01
BATTERY,3,14,Tuesday,Yes,0,0,0.47715434286968156
THEFT,2,23,Wednesday,Yes,0,0,0.44698127168714696
DECEPTIVE PRACTICE,5,8,Wednesday,No,0,0,0.0
THEFT,17,7,Friday,Yes,1,0,0.057844181787914103
BATTERY,22,8,Wednesday,Yes,0,0,0.0
ROBBERY,14,3,Saturday,No,0,0,0.0
CRIMINAL DAMAGE,14,8,Wednesday,No,0,0,0.017318285359287637
OTHER OFFENSE,9,1,Friday,Yes,1,0,0.17
THEFT,14,18,Friday,No,1,0,0.0
BURGLARY,16,13,Friday,No,0,0,0.0
WEAPONS VIOLATION,12,6,Tuesday,No,1,0,0.2257697979743779
CRIMINAL TRESPASS,22,17,Monday,No,0,0,0.2480135243173259
THEFT,16,15,Wednesday,No,0,1,0.5702066653372122
BURGLARY,1,16,Thursday,No,0,0,0.0
ASSAULT,8,11,Thursday,No,1,1,0.5295541112203184
CRIMINAL DAMAGE,17,15,Friday,No,0,0,0.0
CRIMINAL TRESPASS,1,15,Sunday,No,0,1,0.8748006261019486
MOTOR VEHICLE THEFT,1,18,Sunday,No,0,0,0.00942441886306058
NARCOTICS,8,20,Wednesday,No,1,1,1.0
THEFT,6,0,Friday,No,0,0,0.0
BATTERY,24,23,Thursday,Yes,1,0,0.06364572945252878
BURGLARY,25,20,Friday,No,0,0,0.0
MOTOR VEHICLE THEFT,12,3,Sunday,No,0,0,0.0
STALKING,4,8,Wednesday,No,0,0,0.03
BURGLARY,16,9,Saturday,No,0,0,0.0
BURGLARY,22,17,Friday,No,0,0,0.0
BATTERY,5,13,Wednesday,Yes,0,0,0.3070725378370234
CRIMINAL DAMAGE,5,7,Wednesday,No,0,0,0.008451512615090279
OTHER OFFENSE,4,11,Monday,No,0,1,0.6392867738657644
CRIMINAL DAMAGE,2,18,Tuesday,No,0,0,0.0068584736305856075
THEFT,20,12,Sunday,No,0,0,0.01
CRIMINAL DAMAGE,19,21,Tuesday,No,0,0,0.11803668890236507
BATTERY,9,14,Tuesday,No,0,0,0.0
THEFT,11,8,Thursday,No,0,0,0.008451512615090279
THEFT,16,8,Wednesday,No,0,0,0.01
DECEPTIVE PRACTICE,7,11,Saturday,No,0,0,0.0
DECEPTIVE PRACTICE,4,10,Monday,No,0,0,0.0
CRIMINAL SEXUAL ASSAULT,11,20,Friday,Yes,0,0,0.0
BURGLARY,3,7,Sunday,No,1,1,0.71
THEFT,17,11,Saturday,No,0,0,0.2352645983533867
THEFT,19,13,Monday,No,1,0,0.27727506567754595
BATTERY,4,21,Tuesday,Yes,0,0,0.07645302656806355
BATTERY,6,4,Thursday,No,0,1,0.7206743371575317
WEAPONS VIOLATION,5,10,Friday,No,1,1,0.99
THEFT,1,8,Thursday,No,0,0,0.3702561850832496
OTHER OFFENSE,8,6,Thursday,Yes,0,0,0.1394244188630606
THEFT,17,15,Sunday,No,0,0,0.0
MOTOR VEHICLE THEFT,25,14,Tuesday,No,0,0,0.02
THEFT,8,13,Saturday,No,0,0,0.0
DECEPTIVE PRACTICE,16,0,Tuesday,No,0,0,0.0
CRIMINAL DAMAGE,12,17,Tuesday,No,0,0,0.0
THEFT,8,10,Tuesday,No,1,0,0.0
BATTERY,24,12,Sunday,No,0,1,0.6149104000583905
THEFT,2,14,Saturday,No,0,0,0.0
MOTOR VEHICLE THEFT,16,22,Friday,No,0,0,0.0
CRIMINAL DAMAGE,22,4,Wednesday,No,0,0,0.0
BATTERY,14,10,Saturday,No,0,0,0.08547463208275152
CRIMINAL TRESPASS,18,12,Friday,No,1,0,0.29627919217366905
THEFT,7,16,Wednesday,No,0,0,0.08660253707973886
ASSAULT,15,18,Tuesday,Yes,0,0,0.006453026568063544
BURGLARY,19,18,Friday,No,0,0,0.02
THEFT,1,22,Saturday,No,0,0,0.0
CRIMINAL DAMAGE,16,15,Friday,No,0,0,0.0
CRIMINAL TRESPASS,8,23,Thursday,No,0,0,0.05
THEFT,22,16,Saturday,No,0,0,0.018451512615090277
ROBBERY,24,16,Wednesday,No,0,0,0.08645302656806354
NARCOTICS,5,11,Tuesday,No,1,1,1.0
ROBBERY,11,3,Wednesday,No,0,0,0.0
CRIMINAL TRESPASS,2,19,Friday,No,1,1,0.6616732824442798
BATTERY,8,23,Monday,Yes,0,0,0.1887574060745718
CRIMINAL DAMAGE,17,19,Thursday,No,0,0,0.008451512615090279
CRIMINAL TRESPASS,18,5,Wednesday,No,1,0,0.056453026568063544
MOTOR VEHICLE THEFT,6,14,Sunday,No,0,0,0.009160780247553625
THEFT,9,23,Sunday,No,0,1,0.6357697979743779
DECEPTIVE PRACTICE,15,0,Thursday,No,0,0,0.03
MOTOR VEHICLE THEFT,7,23,Monday,No,0,1,0.604201582153495
BATTERY,5,23,Saturday,No,0,0,0.07061764122368201
CRIMINAL SEXUAL ASSAULT,7,11,Monday,No,0,0,0.04354806101024544
ASSAULT,20,14,Friday,No,0,0,0.07025037753419244
BURGLARY,8,18,Friday,No,0,0,0.05
DECEPTIVE PRACTICE,16,13,Friday,No,0,0,0.08124879697446918
OTHER OFFENSE,22,11,Friday,No,0,0,0.23154053605406438
OTHER OFFENSE,8,21,Thursday,Yes,0,1,0.7176122928626439
CRIMINAL DAMAGE,8,7,Tuesday,No,0,0,0.0
WEAPONS VIOLATION,3,12,Monday,No,0,1,0.5995620117022356
CRIMINAL DAMAGE,16,21,Friday,No,0,0,0.2885781473642495
BURGLARY,3,23,Friday,No,0,0,0.0
NARCOTICS,3,20,Saturday,No,1,1,0.9995620117022357
OTHER OFFENSE,15,8,Friday,No,0,0,0.0
THEFT,9,5,Monday,No,0,0,0.0
WEAPONS VIOLATION,22,15,Monday,No,1,0,0.4973182853592876
THEFT,19,17,Saturday,No,0,0,0.0
MOTOR VEHICLE THEFT,8,3,Friday,No,0,0,0.0
CRIMINAL DAMAGE,8,19,Tuesday,No,0,0,0.0
BATTERY,18,12,Friday,No,0,0,0.008451512615090279
BATTERY,19,13,Tuesday,No,0,0,0.06857724777976888
DECEPTIVE PRACTICE,8,10,Saturday,No,0,0,0.0
BATTERY,12,12,Friday,No,0,0,0.0
OTHER OFFENSE,14,13,Friday,No,1,1,0.8333584373491995
ASSAULT,9,19,Sunday,No,0,0,0.019160780247553626
BATTERY,19,16,Wednesday,No,0,0,0.01
DECEPTIVE PRACTICE,16,7,Thursday,No,1,0,0.01
MOTOR VEHICLE THEFT,5,4,Wednesday,No,0,0,0.01
BURGLARY,1,6,Tuesday,No,0,1,0.66
CRIMINAL DAMAGE,22,15,Monday,No,0,0,0.0
CRIMINAL DAMAGE,3,23,Thursday,No,0,0,0.0
THEFT,12,13,Monday,No,0,1,0.5462453768249754
THEFT,19,3,Thursday,No,0,0,0.04120801675654061
ASSAULT,3,12,Saturday,No,0,0,0.0
MOTOR VEHICLE THEFT,15,17,Sunday,No,0,0,0.0
THEFT,25,15,Saturday,No,1,0,0.011251719817501997
OTHER OFFENSE,15,12,Saturday,Yes,0,0,0.15021544705926082
THEFT,8,4,Sunday,No,0,0,0.007318285359287638
THEFT,18,11,Friday,No,0,0,0.4287815836515632
OTHER OFFENSE,3,23,Wednesday,Yes,0,0,0.16184629149125038
OTHER OFFENSE,10,11,Monday,No,0,0,0.0576122928626439
OTHER OFFENSE,7,10,Thursday,No,1,0,0.02
ASSAULT,3,7,Sunday,Yes,1,0,0.06916078024755362
THEFT,19,16,Monday,No,0,0,0.20797805852689666
OTHER OFFENSE,15,0,Tuesday,No,0,1,0.6167993632037388
DECEPTIVE PRACTICE,3,5,Wednesday,No,0,0,0.0
CRIMINAL DAMAGE,18,16,Monday,No,0,0,0.02845151261509028
BATTERY,14,18,Tuesday,Yes,1,0,0.0
MOTOR VEHICLE THEFT,22,1,Sunday,No,0,0,0.0
THEFT,18,20,Saturday,No,0,1,0.5902490387502329
BATTERY,18,17,Tuesday,No,0,0,0.044354997084992125
THEFT,3,9,Wednesday,Yes,0,0,0.0
MOTOR VEHICLE THEFT,16,12,Saturday,No,0,0,0.07868257432881909
DECEPTIVE PRACTICE,16,8,Friday,No,0,1,0.72
WEAPONS VIOLATION,24,9,Saturday,No,0,1,0.74
BURGLARY,12,15,Monday,No,0,0,0.01
BATTERY,1,7,Sunday,Yes,0,0,0.09053643370670338
WEAPONS VIOLATION,3,21,Friday,No,1,1,0.9973182853592877
CRIMINAL DAMAGE,5,3,Thursday,No,0,0,0.0
MOTOR VEHICLE THEFT,15,2,Monday,No,0,0,0.0
ARSON,7,22,Sunday,No,0,0,0.07
MOTOR VEHICLE THEFT,20,13,Monday,No,0,0,0.017318285359287637
CRIMINAL TRESPASS,14,21,Friday,No,1,0,0.08
THEFT,2,15,Tuesday,No,0,1,0.6028215682220055
CRIMINAL DAMAGE,24,22,Sunday,No,0,0,0.0
BATTERY,4,2,Friday,Yes,1,0,0.09585151125725584
MOTOR VEHICLE THEFT,6,21,Saturday,No,1,0,0.007318285359287636
CRIMINAL DAMAGE,2,8,Sunday,No,0,0,0.0
DECEPTIVE PRACTICE,24,18,Monday,No,0,0,0.01
WEAPONS VIOLATION,7,18,Thursday,No,1,1,0.9118080008297161
DECEPTIVE PRACTICE,8,2,Sunday,No,0,0,0.0
OTHER OFFENSE,22,1,Monday,Yes,0,0,0.07
MOTOR VEHICLE THEFT,24,19,Monday,No,0,0,0.0
THEFT,12,13,Saturday,No,0,0,0.4147444318542675
MOTOR VEHICLE THEFT,17,6,Wednesday,No,0,0,0.018451512615090277
THEFT,3,0,Friday,No,0,0,0.0
THEFT,10,23,Thursday,No,0,0,0.0
ASSAULT,25,15,Sunday,Yes,0,0,0.02731828535928764
THEFT,12,15,Sunday,No,0,0,0.0
BATTERY,18,17,Friday,Yes,1,0,0.19323473768642552
THEFT,16,3,Monday,No,1,0,0.0
MOTOR VEHICLE THEFT,2,20,Tuesday,No,0,0,0.0
WEAPONS VIOLATION,25,20,Saturday,No,1,1,0.91
BATTERY,12,7,Tuesday,No,0,0,0.0
BURGLARY,25,1,Wednesday,No,0,0,0.0
CRIMINAL TRESPASS,1,10,Monday,No,0,1,0.7960016329351255
ASSAULT,7,13,Wednesday,No,0,0,0.017768675810450153
THEFT,1,8,Tuesday,No,0,1,0.5998662174052891
THEFT,19,18,Monday,No,1,0,0.0
MOTOR VEHICLE THEFT,2,13,Saturday,No,0,0,0.0
THEFT,4,2,Tuesday,No,0,0,0.0
OTHER OFFENSE,10,20,Thursday,No,0,1,0.5554744627571496
OTHER OFFENSE,9,0,Sunday,Yes,0,0,0.20761229286264388
THEFT,25,10,Friday,No,0,0,0.0
THEFT,18,14,Thursday,No,0,0,0.0
OTHER OFFENSE,2,11,Sunday,Yes,0,0,0.01
BATTERY,18,2,Saturday,No,0,1,0.6871775697344509
ASSAULT,18,19,Sunday,No,0,1,0.68
DECEPTIVE PRACTICE,8,13,Wednesday,No,0,0,0.0
THEFT,24,16,Wednesday,No,0,0,0.44603569205069943
ASSAULT,19,10,Thursday,No,0,0,0.0
CRIMINAL DAMAGE,17,7,Wednesday,No,0,0,0.1278926955996108
MOTOR VEHICLE THEFT,1,13,Thursday,No,0,0,0.0
THEFT,18,14,Sunday,No,0,0,0.0
CRIMINAL DAMAGE,9,7,Friday,No,0,0,0.30326566016512085
THEFT,22,14,Friday,No,0,0,0.0
THEFT,4,14,Friday,Yes,0,0,0.0
OTHER OFFENSE,4,19,Thursday,Yes,0,0,0.051379274940923494
BATTERY,3,12,Monday,Yes,0,0,0.0
NARCOTICS,10,11,Saturday,No,1,1,0.99
DECEPTIVE PRACTICE,10,16,Tuesday,No,0,0,0.0
THEFT,18,6,Monday,No,0,1,0.8037247355768937
THEFT,5,18,Wednesday,Yes,0,0,0.03579721115535239
THEFT,25,0,Sunday,No,0,0,0.013089023438974117
MOTOR VEHICLE THEFT,8,20,Thursday,No,0,0,0.01
BATTERY,9,22,Monday,Yes,0,0,0.27480738079895406
CRIMINAL DAMAGE,2,23,Friday,No,0,0,0.0
THEFT,22,23,Thursday,No,0,0,0.0
BATTERY,18,1,Sunday,No,0,1,0.5240480668870984
THEFT,7,17,Saturday,No,0,0,0.0
THEFT,15,0,Sunday,Yes,0,0,0.0
ASSAULT,15,12,Saturday,No,1,0,0.03845151261509028
CRIMINAL DAMAGE,12,4,Saturday,No,0,0,0.01
DECEPTIVE PRACTICE,12,12,Friday,No,0,0,0.0
BATTERY,25,0,Friday,No,0,0,0.12603324461457727
THEFT,22,15,Friday,No,0,0,0.0
CRIMINAL DAMAGE,2,15,Sunday,No,0,0,0.0
BATTERY,12,19,Tuesday,No,1,0,0.02
BATTERY,5,19,Thursday,No,0,0,0.12763445231889048
ASSAULT,19,11,Wednesday,No,0,0,0.03
ASSAULT,25,10,Friday,Yes,1,1,0.6157343338641539
BATTERY,2,22,Thursday,No,0,0,0.01
CRIMINAL TRESPASS,18,0,Monday,No,0,1,0.5578991229968729
ASSAULT,18,22,Wednesday,No,0,0,0.023784262397012357
BATTERY,15,4,Sunday,Yes,0,1,0.7247677290142023
THEFT,19,10,Thursday,No,0,0,0.0
DECEPTIVE PRACTICE,4,11,Tuesday,No,0,0,0.0
DECEPTIVE PRACTICE,1,16,Friday,No,0,0,0.01
THEFT,3,6,Friday,No,0,0,0.007318285359287636
THEFT,18,14,Sunday,No,0,0,0.0
MOTOR VEHICLE THEFT,3,21,Tuesday,No,0,0,0.0
ASSAULT,8,7,Saturday,No,1,0,0.12787593147815088
THEFT,8,3,Tuesday,No,0,0,0.0
BATTERY,18,2,Thursday,No,1,0,0.04636883156690981
ROBBERY,18,6,Sunday,No,0,0,0.03916078024755363
ASSAULT,3,15,Friday,No,0,0,0.0
ASSAULT,22,18,Saturday,No,0,0,0.04606380547773417
CRIMINAL DAMAGE,10,0,Thursday,No,0,0,0.0
BATTERY,2,14,Thursday,No,0,1,0.5766478836820275
THEFT,2,17,Sunday,No,1,0,0.05
NARCOTICS,12,10,Friday,No,1,1,0.99
DECEPTIVE PRACTICE,15,14,Thursday,No,0,0,0.05
BATTERY,25,17,Thursday,Yes,0,0,0.007318285359287636
OTHER OFFENSE,2,13,Saturday,Yes,0,0,0.058882563621445276
WEAPONS VIOLATION,25,13,Saturday,No,1,1,0.7938904570339558
OTHER OFFENSE,11,14,Sunday,No,0,0,0.19916078024755365
BURGLARY,12,21,Saturday,No,0,0,0.0
OTHER OFFENSE,5,0,Monday,No,0,0,0.0
MOTOR VEHICLE THEFT,22,21,Sunday,No,0,0,0.008451512615090279
CRIMINAL TRESPASS,9,23,Sunday,No,0,0,0.32616574228302136
OTHER OFFENSE,8,17,Wednesday,Yes,0,0,0.0
BURGLARY,3,6,Tuesday,No,0,0,0.06
DECEPTIVE PRACTICE,18,14,Wednesday,No,0,0,0.0
BATTERY,17,15,Thursday,Yes,0,0,0.4091528289167083
CRIMINAL DAMAGE,8,13,Friday,No,0,0,0.0
BATTERY,11,18,Monday,No,0,0,0.2451909450096288
THEFT,4,7,Wednesday,No,0,0,0.015769797974377914
BATTERY,22,19,Wednesday,Yes,0,0,0.06451531809282446
BATTERY,7,2,Saturday,No,0,0,0.04644791563744628
BATTERY,16,10,Friday,No,0,0,0.4663493202727604
THEFT,9,21,Thursday,No,0,0,0.39810040404386254
BATTERY,8,12,Wednesday,Yes,0,1,0.7140150598163487
THEFT,19,15,Wednesday,No,0,0,0.0
MOTOR VEHICLE THEFT,1,23,Tuesday,No,0,0,0.018451512615090277
NARCOTICS,10,10,Thursday,No,1,1,0.9884515126150903
BURGLARY,3,5,Friday,No,0,0,0.04
ASSAULT,5,16,Wednesday,No,0,0,0.36118673868023726
THEFT,18,18,Saturday,No,0,1,0.5748924722726723
DECEPTIVE PRACTICE,25,13,Thursday,No,0,0,0.0
ASSAULT,12,16,Saturday,No,1,0,0.06530525463244988
NARCOTICS,10,21,Friday,No,1,1,0.98
DECEPTIVE PRACTICE,25,15,Sunday,No,0,0,0.0
BATTERY,16,17,Saturday,Yes,0,0,0.02
THEFT,25,14,Monday,No,0,0,0.025162467147201738
ASSAULT,5,0,Wednesday,No,1,0,0.06
THEFT,4,12,Wednesday,No,0,0,0.0
BATTERY,25,0,Monday,Yes,0,1,0.5666340622897692
BURGLARY,19,9,Wednesday,No,0,0,0.07592496192159727
THEFT,19,3,Friday,No,0,0,0.0
CRIMINAL DAMAGE,3,1,Friday,Yes,0,0,0.017318285359287637
THEFT,3,16,Saturday,No,0,0,0.33645510439678267
CRIMINAL DAMAGE,10,20,Monday,Yes,1,0,0.45
DECEPTIVE PRACTICE,16,14,Thursday,No,0,0,0.02377131192735118
BATTERY,11,23,Sunday,No,0,0,0.02577073807968648
THEFT,12,0,Monday,No,0,0,0.0
THEFT,12,10,Thursday,No,0,0,0.0
WEAPONS VIOLATION,25,1,Friday,No,0,0,0.17
BATTERY,1,2,Monday,Yes,0,0,0.0823382986761648
MOTOR VEHICLE THEFT,2,18,Tuesday,No,0,0,0.0
THEFT,12,10,Thursday,No,0,0,0.0
ROBBERY,18,3,Sunday,No,0,0,0.0
CRIMINAL DAMAGE,6,18,Thursday,No,0,0,0.0335418625013192
BATTERY,3,1,Sunday,Yes,0,1,0.7029773305886852
ROBBERY,14,13,Friday,No,1,0,0.02
MOTOR VEHICLE THEFT,9,2,Sunday,No,0,0,0.009424418863060578
BURGLARY,7,7,Monday,No,0,0,0.14044149901500858
MOTOR VEHICLE THEFT,11,16,Wednesday,No,0,0,0.0
ASSAULT,12,5,Sunday,No,0,0,0.21475540132813264
BATTERY,7,21,Monday,No,0,0,0.22
CRIMINAL DAMAGE,12,15,Monday,No,0,0,0.0
MOTOR VEHICLE THEFT,24,14,Friday,No,1,0,0.0
THEFT,5,20,Tuesday,Yes,0,0,0.14690302523018053
BATTERY,16,12,Saturday,Yes,1,0,0.049424418863060586
MOTOR VEHICLE THEFT,3,0,Wednesday,No,0,0,0.0
STALKING,12,0,Tuesday,Yes,0,0,0.07
MOTOR VEHICLE THEFT,12,5,Monday,No,0,0,0.0
CRIMINAL DAMAGE,4,18,Tuesday,No,0,0,0.01832156049510725
ASSAULT,18,1,Friday,No,0,1,0.572293240693136
MOTOR VEHICLE THEFT,25,13,Saturday,No,0,0,0.0
THEFT,17,14,Sunday,No,1,0,0.0
HOMICIDE,7,22,Friday,No,0,0,0.0951942168374385
CRIMINAL TRESPASS,6,5,Tuesday,No,0,0,0.24845151261509027
MOTOR VEHICLE THEFT,2,10,Sunday,No,0,0,0.0
THEFT,7,23,Thursday,No,0,0,0.0
THEFT,5,21,Wednesday,No,0,0,0.04083273910536095
CRIMINAL DAMAGE,10,2,Wednesday,No,0,1,0.66
MOTOR VEHICLE THEFT,19,22,Monday,No,0,0,0.0
THEFT,1,8,Monday,No,0,0,0.0
THEFT,24,16,Wednesday,No,0,0,0.44603569205069943
OFFENSE INVOLVING CHILDREN,4,14,Saturday,Yes,0,0,0.08
THEFT,12,16,Saturday,No,0,1,0.5124016867126834
BATTERY,3,7,Thursday,Yes,1,1,0.6886900513591714
BATTERY,6,7,Friday,Yes,0,0,0.02645302656806354
THEFT,6,8,Sunday,No,0,0,0.016112193998088217
WEAPONS VIOLATION,11,17,Monday,No,1,1,0.96
DECEPTIVE PRACTICE,8,10,Friday,No,0,0,0.0
ASSAULT,1,10,Wednesday,No,0,0,0.0
BATTERY,4,10,Tuesday,No,1,0,0.015769797974377914
DECEPTIVE PRACTICE,15,9,Monday,No,0,0,0.0
DECEPTIVE PRACTICE,4,21,Monday,No,0,0,0.017318285359287637
BATTERY,17,20,Tuesday,Yes,0,0,0.0
MOTOR VEHICLE THEFT,14,15,Monday,No,0,0,0.02
THEFT,19,12,Tuesday,No,0,0,0.0
BATTERY,11,12,Tuesday,Yes,0,0,0.07099438369966574
BATTERY,6,18,Thursday,No,0,0,0.28872586431613134
OTHER OFFENSE,2,11,Wednesday,No,0,0,0.15223634599052355
CRIMINAL DAMAGE,9,5,Monday,No,0,0,0.0
BATTERY,12,1,Saturday,No,1,0,0.008911490291670168
CRIMINAL DAMAGE,8,14,Saturday,Yes,0,0,0.1
OTHER OFFENSE,17,17,Sunday,Yes,0,0,0.03
DECEPTIVE PRACTICE,11,8,Tuesday,No,1,0,0.02490453918315382
CRIMINAL DAMAGE,3,9,Monday,Yes,0,1,0.6153581382549396
BATTERY,3,1,Sunday,Yes,0,1,0.7029773305886852
CRIMINAL DAMAGE,14,10,Sunday,No,0,0,0.01
OTHER OFFENSE,9,14,Tuesday,No,1,0,0.053816029474823994
THEFT,10,17,Thursday,No,0,0,0.11253112206465227
ASSAULT,5,10,Wednesday,No,1,0,0.0
CRIMINAL DAMAGE,15,20,Sunday,No,0,0,0.0
BATTERY,25,2,Saturday,No,1,0,0.01
DECEPTIVE PRACTICE,17,19,Sunday,No,0,0,0.029160780247553628
DECEPTIVE PRACTICE,19,12,Tuesday,No,0,0,0.0
THEFT,5,13,Thursday,No,0,0,0.08
BATTERY,10,10,Saturday,No,0,1,0.7019960084803085
CRIMINAL DAMAGE,5,11,Sunday,No,0,0,0.31366458071610537
BATTERY,2,15,Sunday,No,0,0,0.08178483624467706
BATTERY,12,17,Monday,Yes,1,0,0.01
BURGLARY,11,4,Monday,No,0,0,0.0
ROBBERY,12,13,Sunday,No,0,1,0.6443810822537656
BURGLARY,7,0,Saturday,No,0,0,0.01
BURGLARY,1,9,Thursday,No,0,0,0.018451512615090277
BATTERY,4,8,Tuesday,Yes,0,1,0.6288193203214721
OTHER OFFENSE,18,14,Wednesday,Yes,0,0,0.02787593147815086
ASSAULT,15,13,Friday,No,0,0,0.03674270422234822
MOTOR VEHICLE THEFT,5,20,Wednesday,No,1,0,0.0
CRIMINAL DAMAGE,11,23,Sunday,No,0,0,0.0
NARCOTICS,8,13,Thursday,No,1,0,0.3584515126150903
BATTERY,9,15,Friday,No,0,1,0.5651935414362446
OTHER OFFENSE,7,20,Wednesday,No,1,0,0.31
THEFT,8,13,Tuesday,No,0,1,0.5365942857837889
BATTERY,4,8,Sunday,No,0,0,0.06364572945252876
DECEPTIVE PRACTICE,2,16,Thursday,No,0,0,0.0
MOTOR VEHICLE THEFT,1,3,Tuesday,No,0,0,0.029831727661322333
MOTOR VEHICLE THEFT,8,10,Friday,No,0,0,0.03845151261509028
BATTERY,16,0,Saturday,Yes,0,1,0.5937951757029807
WEAPONS VIOLATION,7,14,Wednesday,No,1,1,0.9607041105718505
MOTOR VEHICLE THEFT,2,7,Thursday,No,0,0,0.0
DECEPTIVE PRACTICE,4,0,Monday,No,0,0,0.0
THEFT,11,22,Wednesday,Yes,0,0,0.00942441886306058
CRIMINAL SEXUAL ASSAULT,1,22,Friday,No,0,0,0.02
MOTOR VEHICLE THEFT,15,19,Monday,No,0,0,0.01
THEFT,18,20,Tuesday,No,0,0,0.0
THEFT,10,16,Tuesday,No,0,0,0.08570810126199598
BATTERY,25,15,Saturday,Yes,0,1,0.7711952898788234
THEFT,1,1,Tuesday,No,0,0,0.03377964861643552
MOTOR VEHICLE THEFT,14,19,Monday,No,0,0,0.0
BATTERY,25,17,Monday,Yes,1,0,0.008911490291670168
CRIMINAL DAMAGE,6,8,Monday,No,0,0,0.0
CRIMINAL DAMAGE,6,3,Sunday,No,0,0,0.0
THEFT,18,1,Friday,No,0,0,0.03349550085323496
ASSAULT,25,17,Tuesday,No,0,1,0.65
BATTERY,5,23,Thursday,Yes,0,0,0.08767546664735926
ROBBERY,7,6,Monday,No,0,0,0.0
BATTERY,1,16,Wednesday,No,0,1,0.6591607802475536
BATTERY,6,23,Saturday,Yes,0,0,0.43664762876103475
THEFT,3,17,Tuesday,No,1,0,0.0
BURGLARY,12,3,Tuesday,No,0,0,0.01
BATTERY,4,8,Thursday,No,0,0,0.0
ASSAULT,6,7,Monday,No,0,0,0.09942441886306058
BATTERY,1,21,Wednesday,No,0,1,0.9657618466435328
OTHER OFFENSE,5,7,Monday,Yes,0,0,0.08939322276366987
CRIMINAL DAMAGE,4,22,Thursday,No,0,0,0.0
THEFT,22,10,Tuesday,No,0,0,0.065477627548055
THEFT,1,12,Thursday,No,1,1,0.5126523118358856
ASSAULT,20,21,Sunday,No,0,0,0.03916078024755363
THEFT,9,15,Sunday,No,0,0,0.0
DECEPTIVE PRACTICE,19,12,Saturday,No,0,0,0.0
BATTERY,25,10,Saturday,No,0,0,0.13512630855973887
THEFT,8,15,Sunday,No,1,0,0.38535897042060546
THEFT,11,17,Saturday,No,0,0,0.0
MOTOR VEHICLE THEFT,9,14,Friday,Yes,0,0,0.07
BATTERY,6,2,Sunday,Yes,0,0,0.4219335826477573
BATTERY,3,11,Thursday,No,0,0,0.0
CRIMINAL DAMAGE,17,20,Sunday,No,0,0,0.02
THEFT,19,21,Wednesday,No,0,0,0.0
OTHER OFFENSE,12,18,Tuesday,Yes,0,0,0.02377131192735118
ASSAULT,5,22,Tuesday,Yes,0,0,0.15845151261509027
BURGLARY,1,7,Saturday,No,0,0,0.01
BATTERY,8,18,Wednesday,No,0,0,0.4457697979743779
CRIMINAL SEXUAL ASSAULT,25,0,Sunday,No,0,0,0.02
BATTERY,11,18,Monday,Yes,0,0,0.0
THEFT,12,20,Tuesday,No,0,0,0.38177216601342573
ARSON,9,13,Thursday,No,0,0,0.12227564611061577
NARCOTICS,10,20,Thursday,No,1,1,0.664388513376316
CRIMINAL TRESPASS,6,4,Thursday,No,1,0,0.1676342822414594
MOTOR VEHICLE THEFT,5,21,Wednesday,No,0,0,0.0
MOTOR VEHICLE THEFT,2,21,Wednesday,No,0,0,0.0
WEAPONS VIOLATION,4,21,Wednesday,No,1,1,0.94
ASSAULT,7,16,Friday,Yes,0,0,0.07521893228974377
DECEPTIVE PRACTICE,19,12,Friday,No,0,0,0.0
THEFT,14,21,Monday,No,0,0,0.044148328998105446
WEAPONS VIOLATION,7,18,Saturday,No,1,0,0.4273182853592876
DECEPTIVE PRACTICE,15,8,Friday,No,0,0,0.03
THEFT,6,11,Friday,No,0,0,0.47568299560870686
CRIMINAL DAMAGE,11,6,Saturday,No,0,0,0.0
MOTOR VEHICLE THEFT,4,6,Wednesday,No,0,0,0.0
BATTERY,17,4,Monday,Yes,1,1,0.7284515126150903
SEX OFFENSE,5,14,Saturday,No,0,0,0.02490453918315382
ASSAULT,7,18,Tuesday,Yes,0,0,0.14731828535928762
BATTERY,1,0,Tuesday,No,1,1,0.6730194020621579
ASSAULT,9,9,Tuesday,No,0,0,0.047318285359287636
ASSAULT,10,19,Wednesday,No,0,1,0.5589114902916702
MOTOR VEHICLE THEFT,11,7,Tuesday,No,0,0,0.006453026568063544
BATTERY,20,1,Saturday,Yes,0,0,0.07967373558006396
DECEPTIVE PRACTICE,9,8,Friday,No,0,0,0.0
THEFT,4,22,Tuesday,Yes,0,1,0.62
CRIMINAL DAMAGE,6,21,Monday,No,0,0,0.0
MOTOR VEHICLE THEFT,17,1,Tuesday,No,0,0,0.031177505417500882
BATTERY,9,16,Saturday,No,1,1,0.5587529057378628
THEFT,18,10,Wednesday,No,1,0,0.0
DECEPTIVE PRACTICE,22,7,Saturday,No,0,0,0.0
THEFT,10,17,Thursday,No,0,0,0.11253112206465227
BATTERY,12,11,Thursday,No,0,1,0.6481841244886398
MOTOR VEHICLE THEFT,9,13,Thursday,No,0,0,0.0
THEFT,25,2,Saturday,No,0,0,0.0
THEFT,6,17,Saturday,No,0,1,0.5194759968811546
ASSAULT,15,19,Monday,No,0,0,0.08521893228974378
DECEPTIVE PRACTICE,12,10,Friday,No,0,0,0.005218932289743779
OTHER OFFENSE,8,10,Monday,No,0,0,0.02
BATTERY,12,3,Friday,No,1,1,0.5784515126150903
MOTOR VEHICLE THEFT,6,9,Wednesday,No,0,0,0.0
CRIMINAL TRESPASS,8,1,Sunday,No,0,1,0.7491518888113998
OTHER OFFENSE,9,11,Monday,No,0,1,0.5833537361114338
ASSAULT,6,13,Monday,Yes,0,0,0.20207196219995804
BATTERY,19,11,Friday,No,0,0,0.0
THEFT,18,11,Tuesday,No,1,0,0.26610819901661215
OTHER OFFENSE,9,11,Thursday,Yes,0,0,0.019160780247553626
ASSAULT,6,19,Friday,No,0,0,0.035456474650558005
ASSAULT,3,16,Wednesday,No,0,0,0.008451512615090279
ROBBERY,16,12,Saturday,No,1,0,0.03576979797437792
BATTERY,24,20,Tuesday,No,0,1,0.5397175044410687
THEFT,12,12,Thursday,No,0,0,0.47232257136447936
MOTOR VEHICLE THEFT,18,22,Wednesday,No,0,0,0.0
MOTOR VEHICLE THEFT,7,20,Wednesday,No,0,0,0.03153959594875583
DECEPTIVE PRACTICE,9,12,Tuesday,No,0,0,0.0
BATTERY,24,16,Sunday,Yes,0,1,0.5873783116790359
CRIMINAL DAMAGE,12,21,Wednesday,No,0,0,0.01
BATTERY,22,19,Wednesday,Yes,0,0,0.06451531809282446
DECEPTIVE PRACTICE,18,12,Thursday,No,1,0,0.0
ASSAULT,4,22,Thursday,Yes,0,0,0.19
THEFT,18,15,Friday,No,0,0,0.459989478883221
THEFT,24,21,Friday,No,0,0,0.3402944625753679
CRIMINAL TRESPASS,12,16,Monday,No,0,1,0.8467177797490812
ASSAULT,4,16,Saturday,No,0,0,0.0
THEFT,11,21,Tuesday,No,0,0,0.0
THEFT,6,13,Thursday,No,0,0,0.004055542804682121
DECEPTIVE PRACTICE,9,10,Saturday,No,0,0,0.0
MOTOR VEHICLE THEFT,19,19,Thursday,No,0,0,0.0
CRIMINAL DAMAGE,7,4,Sunday,No,0,0,0.04
DECEPTIVE PRACTICE,25,17,Tuesday,No,0,0,0.0
MOTOR VEHICLE THEFT,12,18,Tuesday,No,0,0,0.0
THEFT,1,14,Sunday,No,0,0,0.0
BATTERY,4,9,Thursday,No,0,0,0.0
THEFT,11,20,Thursday,No,0,0,0.0
ROBBERY,16,4,Monday,No,0,0,0.19493057822193152
THEFT,24,1,Thursday,No,0,0,0.0047634452082490905
BATTERY,12,0,Monday,Yes,0,0,0.05406098958163585
NARCOTICS,1,20,Friday,No,1,1,0.9984515126150904
NARCOTICS,24,19,Wednesday,No,0,1,0.9554882243407948
BATTERY,22,14,Friday,Yes,0,1,0.5763836801548613
MOTOR VEHICLE THEFT,18,10,Wednesday,No,0,0,0.0
BATTERY,16,17,Tuesday,No,1,1,0.6589872367047325
ASSAULT,24,13,Wednesday,No,0,0,0.008451512615090279
BATTERY,8,6,Monday,No,1,0,0.0
BATTERY,4,20,Sunday,Yes,0,0,0.0
THEFT,24,14,Wednesday,No,1,0,0.0
ROBBERY,17,5,Wednesday,No,0,0,0.36
CRIMINAL DAMAGE,19,22,Saturday,No,0,0,0.0
THEFT,6,8,Wednesday,Yes,0,0,0.0
BATTERY,19,11,Sunday,No,0,0,0.019160780247553626
OTHER OFFENSE,16,19,Saturday,No,1,0,0.04645302656806354
BATTERY,20,3,Friday,Yes,0,0,0.10690302523018057
OTHER OFFENSE,1,14,Friday,No,0,1,0.6578212923573367
THEFT,17,8,Saturday,No,0,0,0.07845151261509029
THEFT,6,9,Saturday,No,0,0,0.3313331116842641
DECEPTIVE PRACTICE,22,9,Thursday,No,0,0,0.005218932289743778
THEFT,19,19,Monday,No,0,0,0.30473404106034097
BURGLARY,18,0,Tuesday,No,0,0,0.01
DECEPTIVE PRACTICE,2,19,Sunday,No,0,0,0.02
BATTERY,15,10,Wednesday,Yes,0,0,0.034221310589468194
WEAPONS VIOLATION,10,21,Wednesday,No,1,1,0.603747666257816
THEFT,6,14,Sunday,No,0,0,0.008911490291670168
CRIMINAL DAMAGE,4,11,Friday,No,0,0,0.0
CRIMINAL DAMAGE,17,21,Sunday,No,0,0,0.01
ASSAULT,14,12,Thursday,No,0,0,0.32347210528118325
DECEPTIVE PRACTICE,20,0,Wednesday,No,0,0,0.4463199643828076
BURGLARY,2,0,Sunday,No,0,0,0.0
THEFT,19,0,Wednesday,No,0,0,0.0
DECEPTIVE PRACTICE,24,12,Sunday,No,0,0,0.0
OBSCENITY,25,20,Monday,No,0,1,0.5026625289056743
OTHER OFFENSE,19,13,Friday,No,0,0,0.02561380681561717
ASSAULT,2,8,Wednesday,No,0,1,0.5194432512260708
THEFT,1,12,Friday,No,0,0,0.26633711461988396
THEFT,4,3,Thursday,No,0,0,0.0
CRIMINAL DAMAGE,22,20,Saturday,No,0,0,0.0
CONCEALED CARRY LICENSE VIOLATION,22,20,Tuesday,No,1,1,0.91
ARSON,10,2,Saturday,No,0,0,0.037612292862643906
OTHER OFFENSE,19,5,Friday,No,0,0,0.01
DECEPTIVE PRACTICE,8,1,Sunday,No,0,0,0.0
ROBBERY,11,17,Monday,No,0,0,0.0
BATTERY,1,18,Monday,No,0,0,0.08771348838247445
BATTERY,5,8,Saturday,No,1,0,0.14731828535928762
MOTOR VEHICLE THEFT,6,22,Tuesday,No,0,0,0.0
CRIMINAL DAMAGE,12,12,Friday,No,0,0,0.0
MOTOR VEHICLE THEFT,12,23,Wednesday,No,0,0,0.0
BURGLARY,19,15,Tuesday,No,0,0,0.0
CRIMINAL DAMAGE,1,19,Wednesday,No,0,0,0.0
BATTERY,1,23,Thursday,No,0,0,0.02
THEFT,18,19,Wednesday,No,0,0,0.21603686470207947
THEFT,18,14,Wednesday,No,1,0,0.0
CRIMINAL DAMAGE,12,22,Friday,No,0,0,0.0
THEFT,9,11,Thursday,No,0,0,0.015877445431124123
MOTOR VEHICLE THEFT,7,11,Saturday,No,0,0,0.0
ASSAULT,12,12,Monday,Yes,0,0,0.09561380681561717
THEFT,12,9,Thursday,No,0,0,0.0
CRIMINAL TRESPASS,2,1,Tuesday,No,0,0,0.25845151261509025
ASSAULT,4,14,Monday,No,0,0,0.03
THEFT,16,10,Monday,No,0,0,0.0
OTHER OFFENSE,22,12,Tuesday,No,1,0,0.09671210359648821
MOTOR VEHICLE THEFT,8,10,Sunday,No,0,0,0.0
BURGLARY,3,23,Friday,No,0,0,0.0
NARCOTICS,3,21,Saturday,No,1,1,0.98
NARCOTICS,11,17,Thursday,No,1,1,1.0
CRIMINAL DAMAGE,12,19,Tuesday,No,0,0,0.0
THEFT,18,13,Wednesday,No,1,0,0.28375943420159166
CRIMINAL DAMAGE,22,17,Monday,No,0,0,0.0
ROBBERY,4,20,Tuesday,No,0,0,0.08690302523018055
THEFT,12,19,Thursday,No,0,1,0.6043689309544056
DECEPTIVE PRACTICE,20,10,Saturday,No,0,0,0.0
THEFT,14,15,Tuesday,No,0,0,0.0
BATTERY,7,16,Friday,No,1,0,0.0
DECEPTIVE PRACTICE,4,12,Wednesday,No,0,0,0.0
BATTERY,2,14,Sunday,Yes,0,0,0.014763445208249092
CRIMINAL DAMAGE,8,8,Saturday,No,0,0,0.007318285359287638
CRIMINAL TRESPASS,16,14,Tuesday,No,1,0,0.4451079281353155
ROBBERY,25,21,Wednesday,No,0,0,0.0
THEFT,1,18,Friday,No,0,1,0.5471928318835083
THEFT,8,4,Saturday,No,0,0,0.0
BATTERY,24,21,Sunday,Yes,0,0,0.07558640281864605
NARCOTICS,11,18,Sunday,No,1,1,1.0
CRIMINAL DAMAGE,4,3,Friday,No,0,0,0.0
THEFT,24,12,Thursday,No,0,0,0.032222824542441464
ASSAULT,4,19,Wednesday,Yes,0,0,0.04799356262212794
BATTERY,2,9,Sunday,Yes,0,0,0.08958158371635933
ASSAULT,14,8,Monday,No,0,0,0.047875931478150856
OTHER OFFENSE,3,14,Thursday,No,0,1,0.5844582425832905
THEFT,3,8,Wednesday,No,0,0,0.0047634452082490905
MOTOR VEHICLE THEFT,4,17,Tuesday,No,0,0,0.0
THEFT,19,10,Friday,No,0,0,0.3403773173217654
CRIMINAL DAMAGE,10,4,Thursday,No,0,0,0.01
ASSAULT,7,21,Thursday,Yes,1,0,0.0
BATTERY,19,5,Saturday,Yes,0,0,0.1479716471774398
BATTERY,12,20,Friday,No,0,0,0.0
BATTERY,14,17,Sunday,No,1,0,0.08629569440300439
THEFT,20,12,Saturday,No,0,0,0.006717779749081232
CRIMINAL DAMAGE,11,5,Thursday,No,0,0,0.0
MOTOR VEHICLE THEFT,12,12,Thursday,No,0,0,0.0
ASSAULT,6,11,Sunday,No,1,0,0.02845151261509028
BATTERY,1,0,Sunday,Yes,1,0,0.016453026568063543
BATTERY,22,13,Wednesday,No,0,0,0.038072270539223796
THEFT,2,13,Friday,No,0,0,0.0
CRIMINAL TRESPASS,22,9,Saturday,No,0,0,0.22845151261509028
MOTOR VEHICLE THEFT,1,20,Wednesday,No,0,0,0.0
BATTERY,5,6,Wednesday,No,0,0,0.034221310589468194
DECEPTIVE PRACTICE,12,13,Friday,No,0,0,0.0
BATTERY,7,0,Thursday,No,0,0,0.03
ASSAULT,1,23,Wednesday,No,1,0,0.06645302656806354
BURGLARY,18,2,Tuesday,No,0,0,0.0
THEFT,12,0,Saturday,No,0,0,0.0
BATTERY,24,1,Sunday,No,0,0,0.4735005004107849
THEFT,1,8,Friday,No,0,1,0.5717026928028721
THEFT,25,18,Tuesday,No,0,0,0.0
THEFT,12,3,Sunday,No,0,0,0.0
BATTERY,9,2,Sunday,Yes,0,1,0.629491224670335
THEFT,3,9,Thursday,No,0,0,0.0047634452082490905
ASSAULT,8,18,Monday,No,0,0,0.0
OTHER OFFENSE,3,12,Sunday,Yes,0,0,0.07028511606720239
MOTOR VEHICLE THEFT,24,17,Thursday,No,0,0,0.0
DECEPTIVE PRACTICE,8,17,Tuesday,No,0,0,0.0
BURGLARY,19,9,Tuesday,No,0,0,0.01
DECEPTIVE PRACTICE,19,17,Tuesday,No,0,0,0.0
OTHER OFFENSE,12,16,Sunday,Yes,1,0,0.04845151261509027
OTHER OFFENSE,9,17,Saturday,Yes,0,0,0.14690302523018053
ASSAULT,3,20,Sunday,No,0,0,0.0
MOTOR VEHICLE THEFT,17,8,Monday,No,0,0,0.0721102099248551
MOTOR VEHICLE THEFT,9,20,Tuesday,No,0,0,0.0
MOTOR VEHICLE THEFT,8,3,Sunday,No,0,0,0.0
CRIMINAL DAMAGE,8,8,Monday,No,0,0,0.016903025230180557
CRIMINAL DAMAGE,8,21,Wednesday,No,0,0,0.0
THEFT,19,15,Wednesday,No,0,0,0.0
THEFT,12,16,Wednesday,No,0,1,0.5177083420356936
OTHER OFFENSE,8,17,Wednesday,Yes,0,0,0.0
DECEPTIVE PRACTICE,16,0,Monday,No,0,0,0.0
NARCOTICS,19,16,Thursday,No,1,0,0.37
MOTOR VEHICLE THEFT,6,2,Friday,No,0,0,0.0
THEFT,12,15,Thursday,No,0,0,0.3158128911120064
WEAPONS VIOLATION,2,19,Wednesday,No,1,1,0.9260638054777343
BATTERY,20,8,Monday,Yes,1,0,0.1
THEFT,2,14,Sunday,No,0,1,0.5063064295096592
MOTOR VEHICLE THEFT,4,21,Monday,No,0,0,0.0
BATTERY,7,18,Tuesday,Yes,1,0,0.0697743838178296
OTHER OFFENSE,22,20,Friday,Yes,0,0,0.17690302523018053
CRIMINAL DAMAGE,4,22,Friday,No,0,0,0.0
THEFT,2,21,Wednesday,No,0,0,0.0
DECEPTIVE PRACTICE,22,11,Thursday,No,0,0,0.0
OTHER OFFENSE,2,11,Thursday,No,0,0,0.34629569440300445
THEFT,2,21,Friday,No,0,0,0.020254101658756022
THEFT,16,0,Monday,No,0,0,0.0
CRIMINAL DAMAGE,19,4,Friday,No,0,0,0.02
BATTERY,2,15,Monday,No,0,1,0.580806949581875
THEFT,18,0,Saturday,No,0,0,0.37469943127830346
WEAPONS VIOLATION,10,20,Monday,No,1,1,0.99
THEFT,12,0,Wednesday,No,0,0,0.0
THEFT,1,11,Sunday,No,0,0,0.06986580657378617
THEFT,1,17,Saturday,No,1,0,0.4537153434281491
THEFT,12,17,Friday,No,0,1,0.5272916867410994
BURGLARY,22,22,Sunday,Yes,0,0,0.13
ASSAULT,22,15,Thursday,No,0,0,0.006453026568063544
MOTOR VEHICLE THEFT,2,3,Friday,No,0,0,0.0
DECEPTIVE PRACTICE,18,1,Saturday,No,0,0,0.0
NARCOTICS,25,20,Monday,No,1,1,0.9383215604951073
BATTERY,8,2,Friday,Yes,1,1,0.524706036907213
ASSAULT,22,15,Monday,No,0,0,0.0
CRIMINAL TRESPASS,25,14,Wednesday,Yes,0,0,0.05803668890236507
THEFT,12,18,Friday,No,0,0,0.0
THEFT,3,15,Monday,No,0,0,0.019441182984520536
CRIMINAL TRESPASS,4,22,Wednesday,Yes,0,0,0.49251683204579777
BATTERY,1,6,Thursday,No,0,0,0.008451512615090279
NARCOTICS,24,12,Thursday,No,1,1,0.9784515126150903
THEFT,3,8,Tuesday,No,0,0,0.014379712537297404
ASSAULT,3,1,Saturday,No,0,0,0.03845151261509028
ASSAULT,22,21,Saturday,Yes,0,0,0.16891149029167019
ASSAULT,18,10,Monday,No,1,0,0.029160780247553628
BATTERY,5,20,Friday,No,0,0,0.03
DECEPTIVE PRACTICE,5,13,Sunday,Yes,0,0,0.0
THEFT,3,9,Friday,No,0,0,0.0
CRIMINAL DAMAGE,22,17,Wednesday,No,0,0,0.0
BATTERY,4,1,Tuesday,No,0,0,0.1
THEFT,8,14,Tuesday,No,1,0,0.06137927494092349
CRIMINAL DAMAGE,11,22,Tuesday,No,0,0,0.018451512615090277
THEFT,17,14,Friday,No,0,1,0.5052955518207787
CRIMINAL DAMAGE,8,7,Wednesday,No,0,0,0.4557673864640959
THEFT,4,4,Saturday,No,0,0,0.0
OTHER OFFENSE,15,10,Monday,No,0,0,0.0
ARSON,7,2,Monday,No,0,0,0.04916078024755363
THEFT,1,13,Saturday,No,0,0,0.43119862134461934
BURGLARY,3,9,Monday,No,0,0,0.0
THEFT,6,8,Wednesday,No,0,0,0.03246313000448224
WEAPONS VIOLATION,11,21,Monday,No,0,0,0.26
CRIMINAL DAMAGE,17,12,Thursday,No,1,0,0.022081730567536727
THEFT,19,15,Friday,No,0,1,0.5894389193553231
OTHER OFFENSE,9,7,Saturday,No,0,0,0.01
OTHER OFFENSE,3,9,Monday,Yes,0,0,0.05942441886306058
MOTOR VEHICLE THEFT,4,10,Saturday,No,0,0,0.0
OTHER OFFENSE,22,13,Tuesday,No,1,0,0.04645302656806354
THEFT,1,0,Tuesday,No,0,1,0.6692032993800379
BATTERY,3,22,Saturday,Yes,0,1,0.5470872497553058
CRIMINAL DAMAGE,6,2,Thursday,Yes,0,0,0.1060638054777342
DECEPTIVE PRACTICE,6,9,Saturday,No,0,0,0.008451512615090279
MOTOR VEHICLE THEFT,7,11,Thursday,No,0,0,0.08673908274057447
THEFT,1,10,Wednesday,No,0,1,0.6838936472528284
DECEPTIVE PRACTICE,1,13,Thursday,No,0,0,0.0
CRIMINAL SEXUAL ASSAULT,18,0,Wednesday,No,0,0,0.0
BATTERY,12,2,Thursday,Yes,0,0,0.33757268418214254
CRIMINAL DAMAGE,12,22,Tuesday,No,0,0,0.10744849784603824
OTHER OFFENSE,25,8,Sunday,No,0,0,0.05568081314597273
THEFT,3,10,Wednesday,No,0,0,0.0
DECEPTIVE PRACTICE,1,16,Thursday,No,0,0,0.0
CRIMINAL DAMAGE,12,23,Wednesday,No,0,0,0.008451512615090279
MOTOR VEHICLE THEFT,4,18,Friday,No,0,0,0.0
BATTERY,2,21,Wednesday,No,0,0,0.0
HOMICIDE,4,1,Saturday,No,0,0,0.15916078024755362
BATTERY,22,0,Sunday,Yes,1,0,0.1869499547134197
THEFT,17,12,Wednesday,No,0,1,0.5886092394685187
THEFT,19,16,Sunday,No,0,0,0.37319791845712763
MOTOR VEHICLE THEFT,9,15,Saturday,No,0,0,0.013214957823339368
CRIMINAL DAMAGE,7,8,Monday,No,0,0,0.0
THEFT,2,8,Thursday,Yes,0,0,0.0
OTHER OFFENSE,17,20,Thursday,Yes,0,0,0.16
BATTERY,3,15,Friday,No,0,0,0.0
BATTERY,25,18,Friday,Yes,0,0,0.0
CRIMINAL TRESPASS,10,22,Friday,Yes,1,0,0.06833590915473074
CRIMINAL DAMAGE,7,15,Monday,No,0,0,0.006858473630585608
THEFT,15,11,Thursday,No,0,0,0.0
ASSAULT,4,16,Monday,No,0,0,0.01
NARCOTICS,19,9,Saturday,No,1,1,0.7473182853592877
DECEPTIVE PRACTICE,2,14,Wednesday,No,0,0,0.0
THEFT,2,9,Thursday,No,0,0,0.0
BATTERY,6,22,Friday,Yes,0,0,0.01
BATTERY,22,13,Friday,Yes,0,0,0.21827738048814216
THEFT,2,0,Wednesday,No,0,0,0.00803668890236507
ASSAULT,10,4,Thursday,Yes,1,1,0.6684515126150903
ASSAULT,8,2,Friday,No,0,0,0.16422131058946818
OTHER OFFENSE,6,22,Thursday,No,1,0,0.20603218587292293
THEFT,14,18,Saturday,No,0,1,0.7697241202834662
THEFT,12,20,Saturday,No,1,0,0.4311856689639304
CRIMINAL DAMAGE,8,9,Monday,No,0,0,0.0
BURGLARY,9,5,Thursday,No,0,0,0.0
THEFT,1,15,Monday,No,0,0,0.3092549188386116
OTHER OFFENSE,10,17,Thursday,No,1,1,0.9029261675211814
BATTERY,9,20,Sunday,Yes,0,1,0.5723618594564153
CRIMINAL TRESPASS,11,12,Wednesday,No,1,0,0.08787593147815086
THEFT,4,22,Friday,No,0,0,0.0
MOTOR VEHICLE THEFT,7,0,Monday,No,0,0,0.03
BATTERY,10,19,Tuesday,No,0,1,0.6543755970893563
MOTOR VEHICLE THEFT,2,12,Wednesday,Yes,0,0,0.018152394181116752
BURGLARY,11,12,Tuesday,No,0,0,0.0
BURGLARY,12,23,Monday,No,0,0,0.0
MOTOR VEHICLE THEFT,2,7,Friday,No,0,0,0.0
THEFT,2,0,Sunday,No,0,0,0.0
NARCOTICS,10,20,Thursday,No,1,1,0.664388513376316
THEFT,2,9,Monday,No,0,0,0.0
ROBBERY,6,21,Monday,No,0,0,0.037318285359287634
THEFT,1,12,Tuesday,No,0,1,0.5613414859556278
BATTERY,6,14,Wednesday,Yes,0,0,0.1970910532070656
DECEPTIVE PRACTICE,12,14,Saturday,No,0,0,0.008911490291670168
BATTERY,2,19,Wednesday,No,0,0,0.0
BATTERY,9,11,Thursday,Yes,0,0,0.0
BATTERY,6,20,Friday,Yes,0,1,0.6507521008741709
ASSAULT,8,2,Friday,No,0,0,0.16422131058946818
ASSAULT,22,15,Saturday,Yes,0,0,0.058451512615090274
ASSAULT,18,7,Thursday,No,0,0,0.06422131058946819
BURGLARY,8,1,Friday,Yes,0,0,0.12
DECEPTIVE PRACTICE,16,12,Monday,No,0,0,0.0
THEFT,18,17,Friday,No,0,1,0.6050741449325414
NARCOTICS,22,5,Tuesday,No,1,1,0.81
BATTERY,8,2,Sunday,No,0,0,0.07609284082582647
THEFT,3,15,Sunday,Yes,0,0,0.01
DECEPTIVE PRACTICE,9,20,Tuesday,No,0,0,0.1260638054777342
WEAPONS VIOLATION,3,23,Sunday,No,1,1,0.92
BATTERY,14,14,Monday,Yes,0,0,0.2036067116997542
CRIMINAL DAMAGE,12,16,Thursday,No,0,0,0.0
BATTERY,25,15,Thursday,No,0,0,0.05228516762909651
BATTERY,14,14,Thursday,No,0,0,0.0
MOTOR VEHICLE THEFT,2,16,Monday,No,0,0,0.025769797974377916
THEFT,1,21,Wednesday,No,0,1,0.8336091249461617
BURGLARY,11,10,Tuesday,No,1,0,0.005218932289743779
CRIMINAL DAMAGE,4,7,Monday,Yes,0,0,0.14
CRIMINAL DAMAGE,4,18,Wednesday,No,0,0,0.0
ASSAULT,15,7,Thursday,Yes,0,0,0.03
THEFT,22,7,Wednesday,No,0,1,0.83
THEFT,20,11,Tuesday,No,0,1,0.5362607551188538
DECEPTIVE PRACTICE,1,10,Sunday,No,0,0,0.007318285359287636
THEFT,18,23,Tuesday,No,0,0,0.024209115889960584
THEFT,2,6,Monday,No,0,0,0.0
OTHER OFFENSE,20,2,Friday,No,0,0,0.07731828535928764
INTIMIDATION,10,13,Friday,No,0,0,0.19009623202226955
BATTERY,6,1,Friday,No,1,1,0.6146744166367768
THEFT,12,16,Tuesday,No,0,0,0.0
DECEPTIVE PRACTICE,6,16,Tuesday,No,0,0,0.0
BATTERY,18,21,Sunday,Yes,0,0,0.0278441817879141
BATTERY,8,10,Thursday,Yes,0,0,0.025390529767180037
MOTOR VEHICLE THEFT,25,21,Saturday,No,0,0,0.0
CRIMINAL DAMAGE,2,21,Friday,No,0,0,0.0
THEFT,2,0,Sunday,No,0,0,0.0
THEFT,24,13,Friday,No,0,0,0.0
MOTOR VEHICLE THEFT,12,8,Thursday,No,0,0,0.0
BATTERY,10,0,Friday,No,0,0,0.01
CRIMINAL DAMAGE,11,4,Saturday,No,0,0,0.0
ASSAULT,11,12,Friday,No,0,0,0.01
MOTOR VEHICLE THEFT,4,13,Friday,No,0,0,0.009160780247553625
OTHER OFFENSE,4,7,Friday,Yes,0,0,0.0
BATTERY,10,22,Monday,Yes,1,0,0.0
MOTOR VEHICLE THEFT,22,6,Friday,No,0,0,0.0
MOTOR VEHICLE THEFT,4,20,Friday,No,0,0,0.0
OTHER OFFENSE,3,20,Saturday,No,0,1,0.7353645168597338
BATTERY,19,7,Wednesday,No,0,0,0.0
SEX OFFENSE,16,5,Wednesday,Yes,0,0,0.17
CRIMINAL DAMAGE,1,23,Sunday,No,0,0,0.0
CRIMINAL DAMAGE,6,22,Wednesday,Yes,0,0,0.03
BATTERY,8,10,Sunday,Yes,0,0,0.053960237226369445
THEFT,5,18,Friday,No,1,0,0.0
THEFT,14,11,Wednesday,No,0,0,0.39166164041336576
THEFT,15,8,Wednesday,No,0,0,0.0
NARCOTICS,10,17,Wednesday,No,1,1,1.0
BATTERY,3,18,Monday,No,0,0,0.00942441886306058
MOTOR VEHICLE THEFT,2,6,Tuesday,No,0,0,0.0
THEFT,18,13,Monday,No,0,0,0.41372162656154143
BATTERY,5,11,Friday,Yes,0,0,0.0
ASSAULT,7,10,Friday,No,0,0,0.0
OTHER OFFENSE,18,19,Saturday,No,0,0,0.03609284082582647
OTHER OFFENSE,5,14,Monday,No,1,1,0.895224585725288
THEFT,16,18,Friday,No,0,0,0.47318862231294395
THEFT,6,21,Friday,No,0,0,0.015253621073380099
ASSAULT,8,0,Thursday,No,0,0,0.03377131192735118
BATTERY,24,14,Friday,No,0,0,0.0
BATTERY,24,19,Saturday,No,0,1,0.6155366938398883
BATTERY,24,12,Thursday,Yes,0,0,0.01
THEFT,10,6,Saturday,No,0,0,0.0
MOTOR VEHICLE THEFT,8,7,Wednesday,No,0,0,0.0
BATTERY,15,15,Tuesday,Yes,0,0,0.0
THEFT,17,17,Tuesday,No,1,1,0.8108896443638608
CRIMINAL DAMAGE,15,5,Saturday,Yes,0,0,0.0
DECEPTIVE PRACTICE,7,10,Friday,No,0,0,0.0
THEFT,10,10,Monday,No,0,0,0.048947293488983766
OTHER OFFENSE,9,18,Monday,Yes,0,0,0.01
BATTERY,16,16,Friday,No,0,0,0.4629204962655692
OTHER OFFENSE,19,13,Friday,No,0,0,0.02561380681561717
ROBBERY,1,2,Tuesday,No,0,0,0.35
OTHER OFFENSE,25,21,Friday,No,1,1,0.7963582493974724
THEFT,25,18,Tuesday,No,0,0,0.0
THEFT,4,18,Wednesday,No,0,0,0.00577073807968648
BATTERY,25,17,Thursday,Yes,0,0,0.007318285359287636
CRIMINAL TRESPASS,3,15,Monday,No,0,0,0.02731828535928764
THEFT,24,7,Monday,No,0,0,0.07845151261509029
CRIMINAL DAMAGE,2,8,Sunday,No,0,0,0.0
THEFT,18,7,Friday,No,0,1,0.9332249126381652
MOTOR VEHICLE THEFT,2,20,Sunday,No,0,0,0.12969472005737662
BURGLARY,14,11,Wednesday,No,0,0,0.0
THEFT,1,19,Wednesday,No,1,0,0.0
NARCOTICS,11,8,Friday,No,1,1,0.9115293016498717
BATTERY,11,14,Thursday,No,0,0,0.011216471776312636
DECEPTIVE PRACTICE,10,8,Wednesday,No,0,0,0.0
MOTOR VEHICLE THEFT,8,2,Friday,No,0,0,0.0
MOTOR VEHICLE THEFT,4,2,Saturday,No,0,0,0.0
BURGLARY,6,19,Tuesday,No,0,0,0.03
THEFT,2,12,Thursday,No,0,0,0.021825278585189026
CRIMINAL DAMAGE,8,22,Tuesday,No,0,0,0.0
BATTERY,6,19,Wednesday,Yes,1,0,0.20617593957589564
THEFT,17,0,Friday,No,0,0,0.07150437717660466
THEFT,22,2,Saturday,Yes,0,0,0.02803668890236507
CRIMINAL DAMAGE,2,12,Monday,No,0,0,0.0
BATTERY,14,8,Tuesday,No,0,1,0.5379106606991568
BURGLARY,25,22,Monday,No,0,0,0.02
CRIMINAL TRESPASS,12,19,Sunday,No,0,0,0.10845151261509027
CRIMINAL DAMAGE,3,8,Saturday,No,0,0,0.01
THEFT,6,4,Saturday,No,0,0,0.0
OTHER OFFENSE,8,1,Saturday,No,1,1,0.5167730731101975
BATTERY,9,0,Wednesday,No,1,0,0.46699983537558987
THEFT,2,18,Wednesday,No,0,0,0.0
THEFT,6,22,Saturday,No,0,0,0.006453026568063544
BATTERY,4,19,Saturday,Yes,0,1,0.6388262400398631
THEFT,8,13,Wednesday,No,1,0,0.0
MOTOR VEHICLE THEFT,19,15,Friday,No,0,0,0.0
OTHER OFFENSE,5,14,Friday,Yes,0,0,0.3877480017664817
CRIMINAL DAMAGE,5,1,Wednesday,No,0,0,0.0
BATTERY,16,11,Wednesday,Yes,0,1,0.6186967020391391
MOTOR VEHICLE THEFT,2,1,Tuesday,No,0,0,0.0
MOTOR VEHICLE THEFT,2,8,Wednesday,No,0,0,0.0
BATTERY,14,23,Saturday,Yes,0,0,0.24082112159571725
CRIMINAL DAMAGE,3,0,Saturday,No,0,0,0.0
ASSAULT,6,8,Thursday,Yes,0,0,0.025769797974377916
MOTOR VEHICLE THEFT,22,21,Thursday,No,0,0,0.0
THEFT,22,18,Friday,No,0,0,0.4106968520474624
BATTERY,12,12,Tuesday,Yes,0,0,0.02872161895360316
BATTERY,10,1,Saturday,Yes,0,0,0.13472597254559196
WEAPONS VIOLATION,4,17,Tuesday,No,1,0,0.38891149029167016
BURGLARY,2,5,Thursday,No,0,0,0.04
CRIMINAL DAMAGE,7,11,Tuesday,Yes,0,0,0.016479065606841262
DECEPTIVE PRACTICE,6,21,Friday,No,0,0,0.015769797974377914
CRIMINAL TRESPASS,12,23,Monday,No,0,0,0.1
WEAPONS VIOLATION,25,16,Monday,No,1,1,0.7660638054777342
THEFT,3,14,Sunday,No,0,1,0.66
BATTERY,24,9,Sunday,No,0,0,0.016880297061523237
OTHER OFFENSE,18,10,Saturday,No,0,0,0.037318285359287634
THEFT,6,9,Monday,No,0,1,0.6568158494828079
BATTERY,6,12,Saturday,No,1,0,0.02803668890236507
CRIMINAL DAMAGE,2,4,Saturday,No,0,0,0.0
DECEPTIVE PRACTICE,12,18,Tuesday,No,0,0,0.02
ROBBERY,11,0,Saturday,No,0,0,0.01577073807968648
BATTERY,2,22,Saturday,Yes,0,0,0.18775752947875105
DECEPTIVE PRACTICE,20,18,Wednesday,No,0,0,0.0
DECEPTIVE PRACTICE,25,23,Saturday,No,0,0,0.11845151261509028
DECEPTIVE PRACTICE,24,12,Monday,No,0,0,0.0
THEFT,25,12,Wednesday,No,0,0,0.4091568635789338
WEAPONS VIOLATION,8,22,Sunday,No,1,1,0.9570570263369411
DECEPTIVE PRACTICE,1,13,Thursday,No,0,0,0.0
BATTERY,1,17,Tuesday,No,0,0,0.48723800422812613
WEAPONS VIOLATION,22,12,Wednesday,No,1,1,0.96
MOTOR VEHICLE THEFT,4,3,Thursday,No,0,0,0.045542376231963486
BATTERY,4,13,Friday,Yes,0,0,0.0
DECEPTIVE PRACTICE,25,9,Tuesday,No,0,0,0.0
CRIMINAL DAMAGE,19,1,Tuesday,No,0,0,0.01
MOTOR VEHICLE THEFT,25,23,Saturday,No,0,0,0.0
CRIMINAL DAMAGE,6,15,Tuesday,No,0,0,0.466364113520294
BATTERY,9,23,Saturday,Yes,1,1,0.8458585248000462
CRIMINAL DAMAGE,16,4,Sunday,No,0,0,0.0
ASSAULT,22,16,Saturday,Yes,0,0,0.05
THEFT,6,19,Monday,No,0,0,0.0
BATTERY,4,15,Thursday,Yes,0,1,0.897612292862644
CRIMINAL DAMAGE,25,0,Monday,No,0,0,0.0
BATTERY,5,19,Wednesday,Yes,0,0,0.0
OTHER OFFENSE,6,0,Monday,Yes,0,0,0.14787774755790603
DECEPTIVE PRACTICE,17,4,Wednesday,No,0,0,0.0
CRIMINAL DAMAGE,14,19,Friday,No,0,0,0.0
BATTERY,5,18,Saturday,Yes,0,0,0.4659777415351592
THEFT,19,20,Monday,No,0,0,0.004212031822651292
BATTERY,8,3,Saturday,No,0,0,0.02
BATTERY,24,21,Saturday,Yes,0,0,0.0
ASSAULT,3,16,Sunday,No,0,0,0.0
BATTERY,24,14,Tuesday,No,0,0,0.016903025230180557
THEFT,3,9,Tuesday,No,0,0,0.009160780247553625
THEFT,17,14,Monday,No,1,1,0.7262540790274886
BURGLARY,25,22,Tuesday,No,0,0,0.0
WEAPONS VIOLATION,7,3,Saturday,No,1,1,0.6263311784687821
CRIMINAL DAMAGE,2,5,Tuesday,No,0,0,0.0
NARCOTICS,11,21,Tuesday,No,1,1,0.893305246458395
BATTERY,3,17,Saturday,Yes,0,0,0.434324445202917
THEFT,12,11,Wednesday,No,0,0,0.3487945785218233
BATTERY,24,14,Thursday,Yes,0,1,0.6397864720814401
NARCOTICS,11,13,Tuesday,No,1,1,1.0
ASSAULT,4,4,Monday,Yes,0,1,0.5574966894022844
THEFT,18,3,Saturday,No,0,0,0.0
DECEPTIVE PRACTICE,19,10,Saturday,No,0,0,0.006453026568063544
MOTOR VEHICLE THEFT,16,16,Saturday,No,1,0,0.0
BATTERY,10,2,Saturday,Yes,0,0,0.09338209083702181
THEFT,8,14,Wednesday,No,0,0,0.0
WEAPONS VIOLATION,7,22,Tuesday,No,1,1,0.9430617562876652
ASSAULT,2,22,Sunday,No,0,0,0.07
OTHER OFFENSE,16,0,Thursday,No,0,1,0.5329476918506164
ASSAULT,4,15,Monday,Yes,0,0,0.02
DECEPTIVE PRACTICE,4,0,Monday,No,0,0,0.0
CRIMINAL DAMAGE,2,10,Tuesday,No,0,0,0.0
THEFT,3,13,Friday,No,0,0,0.4664860826491465
ASSAULT,18,15,Friday,No,1,0,0.046063805477734185
ASSAULT,12,9,Friday,Yes,0,0,0.04
ASSAULT,5,17,Wednesday,No,0,1,0.6195030630665773
THEFT,15,11,Saturday,No,0,0,0.02170664764144364
MOTOR VEHICLE THEFT,9,4,Tuesday,No,0,0,0.3436352944160294
CRIMINAL DAMAGE,16,20,Friday,No,0,0,0.365860128653787
BATTERY,7,15,Tuesday,Yes,0,0,0.08493057822193155
BATTERY,8,3,Sunday,Yes,0,0,0.025769797974377916
THEFT,17,15,Friday,No,0,0,0.0
BATTERY,4,19,Thursday,Yes,0,0,0.06160568064868026
PUBLIC PEACE VIOLATION,1,1,Friday,No,1,0,0.16845151261509028
BATTERY,1,16,Sunday,No,0,0,0.190644185864289
SEX OFFENSE,11,2,Monday,No,0,0,0.08845151261509027
THEFT,18,14,Saturday,No,1,1,0.5144898563762573
BATTERY,2,0,Wednesday,Yes,0,0,0.45223786651596265
BURGLARY,8,21,Sunday,No,0,0,0.0
THEFT,12,11,Tuesday,No,0,0,0.32358802002107917
THEFT,17,22,Wednesday,No,0,0,0.0
BATTERY,6,20,Sunday,Yes,0,0,0.02845151261509028
THEFT,10,6,Saturday,Yes,0,0,0.01
MOTOR VEHICLE THEFT,10,3,Monday,No,0,0,0.01
THEFT,1,21,Wednesday,No,0,1,0.8336091249461617
CRIMINAL DAMAGE,2,0,Sunday,No,0,0,0.0
BATTERY,4,17,Saturday,Yes,1,0,0.07247320207663391
BATTERY,12,4,Monday,Yes,0,0,0.12891120359575178
CRIMINAL DAMAGE,15,9,Tuesday,Yes,0,0,0.04845151261509027
DECEPTIVE PRACTICE,12,13,Saturday,No,0,0,0.0
THEFT,18,15,Thursday,No,0,0,0.3328980177550433
THEFT,1,19,Saturday,No,1,0,0.40795765662124966
NARCOTICS,6,11,Thursday,No,1,1,0.8994502076912605
THEFT,12,20,Monday,No,0,1,0.6428801140292562
THEFT,24,18,Wednesday,No,0,0,0.011671958857807323
OTHER OFFENSE,14,9,Wednesday,Yes,0,0,0.01
OTHER OFFENSE,24,9,Saturday,No,0,0,0.02222282454244146
CRIMINAL DAMAGE,22,5,Saturday,No,0,0,0.0
THEFT,3,15,Monday,No,1,0,0.019441182984520536
MOTOR VEHICLE THEFT,8,19,Tuesday,No,0,0,0.0
THEFT,9,22,Monday,No,0,1,0.5270539885260065
BATTERY,6,9,Wednesday,Yes,0,0,0.4287035731715349
MOTOR VEHICLE THEFT,9,2,Wednesday,No,0,0,0.0
CRIMINAL DAMAGE,22,0,Monday,No,0,0,0.32119313228878454
BATTERY,7,22,Friday,Yes,0,0,0.1298740744438747
THEFT,18,0,Wednesday,No,0,0,0.0
CRIMINAL DAMAGE,2,20,Saturday,No,0,0,0.0
WEAPONS VIOLATION,3,22,Tuesday,No,1,1,0.9872686006509747
ASSAULT,7,23,Friday,No,0,0,0.16974493313111816
MOTOR VEHICLE THEFT,7,3,Thursday,No,0,0,0.0
THEFT,1,15,Tuesday,No,0,1,0.5778518390582635
OTHER OFFENSE,8,16,Wednesday,No,0,0,0.12063666281357138
BATTERY,5,22,Thursday,Yes,0,0,0.08008955261345774
DECEPTIVE PRACTICE,9,13,Tuesday,No,0,0,0.025769797974377916
THEFT,19,6,Sunday,No,0,0,0.025194216837438495
THEFT,10,19,Wednesday,No,0,0,0.0
CRIMINAL DAMAGE,11,13,Sunday,No,0,0,0.060788284327171524
THEFT,8,20,Tuesday,No,0,0,0.00685847363058561
THEFT,12,14,Wednesday,No,0,0,0.0
CRIMINAL DAMAGE,11,16,Monday,No,0,0,0.48361397976229203
DECEPTIVE PRACTICE,19,10,Thursday,No,0,0,0.0
OTHER OFFENSE,22,10,Saturday,Yes,0,0,0.03
BATTERY,9,17,Sunday,Yes,0,1,0.5455879848734974
THEFT,14,10,Tuesday,No,0,1,0.7741918381831843
OFFENSE INVOLVING CHILDREN,2,7,Monday,Yes,0,0,0.11
BURGLARY,1,20,Saturday,No,0,0,0.0078441817879141
MOTOR VEHICLE THEFT,16,0,Monday,No,0,0,0.02
CRIMINAL TRESPASS,16,7,Wednesday,No,1,1,0.97
THEFT,8,20,Thursday,No,0,0,0.03134100625645482
BATTERY,8,13,Saturday,Yes,1,0,0.03
BURGLARY,2,14,Tuesday,No,0,0,0.0
THEFT,15,22,Sunday,No,0,1,0.5604973311628
MOTOR VEHICLE THEFT,16,0,Sunday,No,0,0,0.054602710026413724
BATTERY,6,23,Monday,Yes,0,0,0.013089023438974117
THEFT,6,1,Saturday,No,0,0,0.00685847363058561
THEFT,8,15,Friday,No,0,0,0.26238864256670746
DECEPTIVE PRACTICE,20,9,Tuesday,No,0,0,0.0
CRIMINAL DAMAGE,18,14,Wednesday,No,0,0,0.01
CRIMINAL DAMAGE,19,21,Monday,No,0,0,0.0
BATTERY,11,22,Tuesday,Yes,0,0,0.3456533038998173
OTHER OFFENSE,17,8,Wednesday,No,1,1,0.7122612974509924
BATTERY,6,2,Sunday,Yes,0,0,0.4219335826477573
ASSAULT,16,9,Friday,Yes,0,0,0.310064073917468
THEFT,6,10,Saturday,No,0,0,0.09857101442758305
THEFT,6,8,Friday,No,1,0,0.0
THEFT,8,19,Sunday,No,1,0,0.1299423757904606
MOTOR VEHICLE THEFT,11,13,Saturday,No,0,0,0.0
DECEPTIVE PRACTICE,6,13,Wednesday,No,1,0,0.0
BATTERY,2,18,Saturday,No,0,0,0.2853545378452708
DECEPTIVE PRACTICE,18,19,Friday,No,0,0,0.02645302656806354
THEFT,16,9,Friday,No,0,0,0.017243377527861994
THEFT,18,16,Saturday,No,0,0,0.0
BATTERY,4,19,Wednesday,Yes,0,1,0.5676340173498233
ROBBERY,4,23,Wednesday,No,0,0,0.019160780247553626
BATTERY,24,23,Monday,No,0,1,0.5831558554161044
WEAPONS VIOLATION,11,3,Thursday,No,1,0,0.3857697979743779
OTHER OFFENSE,4,0,Friday,Yes,0,0,0.1947178369210183
BATTERY,1,13,Wednesday,No,1,0,0.0
ASSAULT,10,11,Sunday,Yes,0,0,0.09845151261509028
INTERFERENCE WITH PUBLIC OFFICER,4,11,Thursday,No,1,0,0.39
THEFT,6,23,Saturday,No,0,0,0.01
ASSAULT,24,10,Friday,No,0,0,0.0
BURGLARY,9,11,Sunday,No,0,0,0.0
BATTERY,3,2,Monday,Yes,0,0,0.10803668890236506
BATTERY,4,13,Tuesday,Yes,1,0,0.0
DECEPTIVE PRACTICE,7,15,Friday,No,0,0,0.0
OTHER OFFENSE,16,15,Sunday,Yes,0,0,0.04
THEFT,6,5,Saturday,No,0,0,0.0
BURGLARY,7,13,Thursday,No,0,0,0.016903025230180557
THEFT,1,11,Tuesday,No,0,1,0.6563584945283337
BATTERY,9,13,Tuesday,Yes,0,0,0.10521893228974377
ASSAULT,18,12,Monday,No,0,0,0.0
PUBLIC PEACE VIOLATION,1,10,Tuesday,No,0,0,0.26
CRIMINAL DAMAGE,12,3,Thursday,No,0,0,0.0
OTHER OFFENSE,25,17,Friday,No,0,0,0.0848241106721861
BATTERY,9,7,Thursday,Yes,0,1,0.8825168320457978
MOTOR VEHICLE THEFT,8,9,Sunday,No,0,0,0.0
NARCOTICS,18,14,Friday,No,1,0,0.32
CRIMINAL DAMAGE,9,1,Sunday,No,0,0,0.0
BURGLARY,18,0,Monday,No,0,0,0.0
MOTOR VEHICLE THEFT,12,6,Tuesday,No,0,0,0.0
OTHER OFFENSE,4,19,Sunday,No,0,0,0.06545647465055801
CRIMINAL DAMAGE,12,8,Saturday,No,0,0,0.01
THEFT,3,21,Thursday,No,0,0,0.0
THEFT,4,15,Friday,No,0,0,0.41777347418840877
BATTERY,5,22,Saturday,Yes,0,0,0.02647906560684126
ASSAULT,12,20,Wednesday,Yes,1,0,0.08872279194978923
DECEPTIVE PRACTICE,16,0,Monday,No,0,0,0.0
OTHER OFFENSE,15,1,Thursday,Yes,0,1,0.6484515126150903
CRIMINAL DAMAGE,2,22,Wednesday,No,0,0,0.0
THEFT,1,6,Thursday,No,0,0,0.007318285359287638
CRIMINAL DAMAGE,16,12,Monday,Yes,0,0,0.05
OFFENSE INVOLVING CHILDREN,4,11,Monday,No,0,0,0.054515318092824464
BATTERY,4,23,Monday,No,0,1,0.5970049620354678
BATTERY,2,11,Wednesday,No,0,0,0.0
THEFT,10,13,Tuesday,No,0,0,0.0
ROBBERY,4,2,Saturday,No,0,0,0.02
CRIMINAL DAMAGE,15,2,Friday,No,0,0,0.01629569440300438
BATTERY,8,7,Tuesday,Yes,0,1,0.5766624884277216
BURGLARY,25,22,Tuesday,No,0,0,0.0
DECEPTIVE PRACTICE,12,21,Sunday,No,0,0,0.036063805477734176
DECEPTIVE PRACTICE,19,16,Thursday,No,0,0,0.0
THEFT,14,2,Sunday,No,0,1,0.5774241918667243
NARCOTICS,11,16,Friday,No,1,1,1.0
OTHER OFFENSE,14,17,Tuesday,Yes,0,0,0.13
DECEPTIVE PRACTICE,14,15,Friday,No,0,0,0.0
THEFT,9,11,Monday,No,0,0,0.0
CRIMINAL TRESPASS,19,15,Saturday,No,1,1,0.5518910212201981
ASSAULT,8,17,Wednesday,No,0,0,0.019160780247553626
BATTERY,7,9,Sunday,No,0,0,0.05422131058946819
THEFT,20,10,Saturday,No,0,0,0.0674398117781383
MOTOR VEHICLE THEFT,11,4,Sunday,No,0,0,0.02942441886306058
BATTERY,10,16,Wednesday,Yes,1,0,0.11015182033345206
ASSAULT,19,8,Tuesday,No,0,0,0.029160780247553628
CRIMINAL DAMAGE,11,3,Tuesday,No,0,0,0.0
HOMICIDE,2,17,Sunday,No,0,0,0.21
CRIMINAL TRESPASS,3,12,Monday,No,1,0,0.1814309250683938
THEFT,18,14,Monday,No,0,1,0.6190967618113811
MOTOR VEHICLE THEFT,7,15,Sunday,No,0,0,0.10419409878767247
BATTERY,8,22,Thursday,Yes,1,1,0.9114135124275796
THEFT,3,6,Tuesday,No,0,0,0.01
BATTERY,5,11,Sunday,No,0,0,0.01611015027205935
BATTERY,2,21,Saturday,Yes,0,0,0.049991108563846115
ASSAULT,15,18,Sunday,No,0,0,0.06
MOTOR VEHICLE THEFT,3,3,Saturday,No,0,0,0.01
MOTOR VEHICLE THEFT,3,3,Monday,No,0,0,0.01
THEFT,14,15,Friday,No,0,1,0.5196566436692494
CRIMINAL DAMAGE,17,2,Saturday,No,0,0,0.01
BURGLARY,16,15,Monday,No,0,0,0.03
MOTOR VEHICLE THEFT,3,19,Monday,No,0,0,0.0
THEFT,4,15,Sunday,No,0,0,0.46319206615976205
CRIMINAL SEXUAL ASSAULT,7,2,Tuesday,No,0,0,0.02
CRIMINAL TRESPASS,11,19,Monday,No,0,0,0.329397129107321
THEFT,14,13,Thursday,No,0,0,0.37027219326835087
BATTERY,3,8,Sunday,Yes,1,0,0.05267325962094034
MOTOR VEHICLE THEFT,6,20,Monday,No,0,0,0.01
OTHER OFFENSE,6,18,Thursday,Yes,0,0,0.018451512615090277
THEFT,9,14,Tuesday,No,0,0,0.0
DECEPTIVE PRACTICE,19,16,Wednesday,No,0,0,0.0
THEFT,4,10,Friday,No,0,0,0.4393421947274444
ASSAULT,11,16,Tuesday,No,0,0,0.01
BATTERY,25,13,Wednesday,Yes,1,0,0.026964798256790025
BATTERY,4,2,Friday,No,1,0,0.0
THEFT,7,19,Sunday,No,0,0,0.0
CRIMINAL DAMAGE,8,0,Monday,No,0,0,0.0
BATTERY,24,12,Sunday,No,1,1,0.6149104000583905
OTHER OFFENSE,12,23,Saturday,No,1,0,0.08916078024755363
CRIMINAL DAMAGE,20,19,Saturday,Yes,0,0,0.05576979797437792
ASSAULT,6,3,Monday,No,0,0,0.0
BATTERY,18,10,Thursday,Yes,1,1,0.75
CRIMINAL DAMAGE,8,13,Wednesday,No,0,0,0.0
DECEPTIVE PRACTICE,6,15,Monday,No,0,0,0.0
ASSAULT,6,12,Monday,Yes,0,1,0.6358698977882059
MOTOR VEHICLE THEFT,18,12,Friday,No,0,0,0.0
THEFT,9,7,Saturday,No,0,0,0.0
CRIMINAL SEXUAL ASSAULT,5,22,Thursday,No,0,0,0.018451512615090277
NARCOTICS,4,0,Friday,No,1,1,0.66
OTHER OFFENSE,19,8,Thursday,No,0,0,0.01
BATTERY,19,22,Saturday,No,0,1,0.5564801531071288
BATTERY,9,11,Thursday,No,0,0,0.009160780247553625
MOTOR VEHICLE THEFT,3,17,Wednesday,No,0,0,0.3695544857396165
OTHER OFFENSE,4,16,Saturday,Yes,0,0,0.0
BATTERY,14,18,Saturday,No,0,1,0.91
WEAPONS VIOLATION,3,0,Wednesday,No,1,1,0.77
MOTOR VEHICLE THEFT,14,0,Monday,No,0,0,0.03006700633035556
BATTERY,1,17,Tuesday,No,0,0,0.48723800422812613
THEFT,2,9,Monday,No,0,0,0.0
THEFT,22,15,Friday,No,0,0,0.0
CRIMINAL DAMAGE,5,12,Tuesday,No,0,0,0.01
CRIMINAL DAMAGE,4,22,Sunday,Yes,0,1,0.6315843134962287
ROBBERY,3,15,Saturday,No,0,0,0.02787593147815086
BATTERY,3,13,Saturday,Yes,0,1,0.6425519105195597
THEFT,14,7,Saturday,No,0,1,0.5666892229764691
BATTERY,10,3,Monday,Yes,0,1,0.7418336034521121
CRIMINAL DAMAGE,6,12,Saturday,No,0,0,0.0
BURGLARY,22,1,Thursday,No,0,0,0.01
BATTERY,8,17,Tuesday,Yes,1,0,0.0
THEFT,22,19,Monday,No,0,0,0.09308902343897411
BURGLARY,4,5,Monday,No,0,0,0.0
DECEPTIVE PRACTICE,14,10,Friday,No,0,0,0.0
OTHER OFFENSE,2,14,Tuesday,Yes,0,0,0.03422225069477676
CRIMINAL DAMAGE,8,17,Friday,No,0,0,0.0
THEFT,5,15,Tuesday,No,1,0,0.0
BATTERY,3,17,Thursday,No,0,0,0.09974274283291713
OFFENSE INVOLVING CHILDREN,9,4,Monday,Yes,0,0,0.08308808333366555
BATTERY,5,16,Thursday,Yes,0,0,0.11279248102565727
THEFT,18,5,Thursday,No,0,0,0.214419230620663
THEFT,18,14,Thursday,No,0,0,0.0
ARSON,12,6,Sunday,No,0,0,0.05
MOTOR VEHICLE THEFT,8,21,Tuesday,No,0,0,0.0
THEFT,17,8,Friday,No,0,0,0.04493057822193155
BATTERY,22,21,Wednesday,Yes,1,0,0.0576122928626439
CRIMINAL DAMAGE,25,8,Monday,No,0,0,0.0
MOTOR VEHICLE THEFT,7,23,Friday,No,0,0,0.020988730264121694
THEFT,18,14,Thursday,No,1,0,0.0
MOTOR VEHICLE THEFT,6,9,Wednesday,No,0,0,0.0
THEFT,10,13,Friday,No,0,0,0.47747130293273893
MOTOR VEHICLE THEFT,4,4,Saturday,No,0,0,0.0
MOTOR VEHICLE THEFT,5,6,Friday,No,0,0,0.0
CRIMINAL DAMAGE,6,12,Wednesday,Yes,0,0,0.0
ASSAULT,16,21,Saturday,No,0,0,0.16319573079041177
THEFT,5,20,Tuesday,No,0,1,0.5446465204721321
MOTOR VEHICLE THEFT,7,8,Saturday,No,0,0,0.01
NARCOTICS,12,12,Monday,No,1,1,0.9893171631953599
BATTERY,22,12,Thursday,No,0,0,0.0
BATTERY,7,20,Thursday,No,0,1,0.66
THEFT,12,9,Wednesday,No,0,0,0.4704653462692162
CRIMINAL DAMAGE,3,21,Saturday,No,0,0,0.0
THEFT,12,20,Monday,No,0,1,0.6428801140292562
BURGLARY,16,5,Sunday,No,1,0,0.0
ASSAULT,7,14,Tuesday,Yes,0,0,0.45690302523018056
NARCOTICS,11,12,Wednesday,No,1,1,1.0
CRIMINAL DAMAGE,10,0,Friday,No,0,0,0.02
BATTERY,8,3,Tuesday,No,0,0,0.0
ASSAULT,16,0,Thursday,Yes,0,0,0.34563984585439483
CRIMINAL DAMAGE,25,20,Wednesday,No,0,0,0.0
CRIMINAL DAMAGE,19,1,Saturday,No,0,0,0.00942441886306058
BATTERY,24,0,Tuesday,Yes,1,1,0.9273182853592877
DECEPTIVE PRACTICE,18,17,Friday,No,0,0,0.0
CRIMINAL DAMAGE,17,21,Thursday,No,0,0,0.02
ROBBERY,9,20,Tuesday,No,0,0,0.03
MOTOR VEHICLE THEFT,12,7,Tuesday,No,0,0,0.0
ASSAULT,16,14,Friday,No,0,0,0.01
BATTERY,4,5,Thursday,No,1,0,0.01
DECEPTIVE PRACTICE,7,10,Thursday,No,0,0,0.0
BATTERY,6,9,Wednesday,Yes,0,0,0.4287035731715349
CRIMINAL DAMAGE,19,8,Wednesday,No,0,0,0.0
THEFT,1,12,Sunday,No,0,1,0.6072764324797939
CRIMINAL DAMAGE,3,13,Monday,No,0,0,0.0
BURGLARY,7,5,Monday,No,0,0,0.10776867581045016
CRIMINAL DAMAGE,9,17,Wednesday,No,0,0,0.0
ASSAULT,17,19,Sunday,No,0,0,0.14
CRIMINAL TRESPASS,10,8,Wednesday,No,0,0,0.16422131058946818
MOTOR VEHICLE THEFT,10,22,Wednesday,No,0,0,0.0
ASSAULT,12,14,Sunday,No,0,0,0.02731828535928764
ASSAULT,1,5,Wednesday,No,1,1,0.5268557909527075
BATTERY,5,22,Thursday,Yes,0,0,0.08008955261345774
ASSAULT,17,12,Thursday,No,0,0,0.02
BURGLARY,20,13,Monday,No,0,0,0.0787723626701244
ASSAULT,17,12,Thursday,No,0,0,0.02
BATTERY,14,22,Thursday,No,1,0,0.09224886358121917
BATTERY,6,17,Monday,Yes,0,0,0.0
CRIMINAL DAMAGE,2,2,Wednesday,No,0,0,0.0
BATTERY,3,17,Saturday,No,0,0,0.02
THEFT,4,12,Wednesday,No,0,0,0.0
BATTERY,10,7,Monday,Yes,0,1,0.5075187138393001
BURGLARY,25,18,Tuesday,No,0,0,0.0
BATTERY,7,13,Saturday,Yes,0,0,0.06294410253925742
THEFT,15,13,Sunday,No,0,0,0.0
CRIMINAL DAMAGE,14,2,Monday,No,0,0,0.18
BATTERY,9,1,Thursday,Yes,1,1,0.5023302237579899
OTHER OFFENSE,18,16,Wednesday,No,0,0,0.02
CRIMINAL DAMAGE,17,19,Sunday,No,0,1,0.5964530265680635
BATTERY,8,19,Thursday,Yes,1,0,0.01
THEFT,10,19,Friday,No,0,0,0.15363552574754283
THEFT,12,11,Tuesday,No,0,0,0.32358802002107917
BATTERY,4,12,Wednesday,Yes,0,0,0.0
DECEPTIVE PRACTICE,12,10,Tuesday,No,0,0,0.0
CRIMINAL DAMAGE,8,23,Monday,Yes,0,0,0.05
THEFT,17,22,Saturday,No,0,0,0.018451512615090277
THEFT,6,12,Thursday,No,0,0,0.32451161169582604
THEFT,19,16,Wednesday,No,0,0,0.43153205372275905
THEFT,3,15,Friday,No,0,0,0.016019253878139236
THEFT,24,13,Friday,No,1,0,0.0
ASSAULT,18,13,Sunday,No,0,0,0.019160780247553626
MOTOR VEHICLE THEFT,5,16,Wednesday,No,0,0,0.0
OFFENSE INVOLVING CHILDREN,24,13,Tuesday,Yes,0,0,0.11
PUBLIC PEACE VIOLATION,7,19,Monday,No,1,1,0.66
CRIMINAL DAMAGE,2,17,Thursday,No,0,0,0.0
CRIMINAL DAMAGE,25,16,Friday,No,0,0,0.0
CRIMINAL TRESPASS,15,2,Thursday,No,0,1,0.58
BATTERY,17,18,Saturday,Yes,1,0,0.33521893228974375
BATTERY,25,12,Thursday,Yes,0,0,0.0
THEFT,20,14,Wednesday,No,0,1,0.72924921813804
CRIMINAL DAMAGE,22,9,Tuesday,No,0,0,0.0
THEFT,18,15,Thursday,No,0,0,0.3328980177550433
OTHER OFFENSE,15,8,Sunday,Yes,0,0,0.031671958857807325
MOTOR VEHICLE THEFT,17,12,Tuesday,No,0,0,0.015769797974377914
NARCOTICS,15,19,Monday,No,1,1,1.0
THEFT,2,11,Thursday,No,0,0,0.0
BURGLARY,8,2,Saturday,No,0,0,0.0
BATTERY,5,16,Thursday,No,0,0,0.451945734886251
THEFT,5,0,Saturday,No,0,0,0.0
ASSAULT,9,15,Tuesday,No,0,0,0.04574785082516345
BATTERY,18,10,Friday,No,1,0,0.008911490291670168
BATTERY,18,23,Saturday,No,0,1,0.5773894496431061
BATTERY,3,0,Wednesday,Yes,1,0,0.0
MOTOR VEHICLE THEFT,7,21,Wednesday,No,0,0,0.0
THEFT,8,4,Thursday,No,0,0,0.0
OTHER OFFENSE,1,11,Friday,No,0,0,0.007318285359287636
DECEPTIVE PRACTICE,4,23,Friday,No,0,0,0.03845151261509028
OTHER OFFENSE,3,4,Tuesday,No,1,0,0.13
CRIMINAL DAMAGE,24,15,Sunday,Yes,0,0,0.07647906560684127
BATTERY,22,23,Tuesday,Yes,0,0,0.19891168396488643
THEFT,2,11,Monday,No,0,0,0.015354974261652707
OTHER OFFENSE,17,8,Tuesday,No,0,0,0.16
CRIMINAL DAMAGE,2,3,Monday,No,0,0,0.0
BATTERY,9,21,Thursday,Yes,1,1,0.5978754658707877
BATTERY,7,23,Thursday,No,0,0,0.058451512615090274
OTHER OFFENSE,3,0,Monday,Yes,0,1,0.6945153180928245
THEFT,25,23,Monday,No,0,1,0.66
BATTERY,5,21,Wednesday,No,0,0,0.01
DECEPTIVE PRACTICE,10,0,Sunday,No,0,0,0.02
BATTERY,4,7,Monday,Yes,0,0,0.04422225069477676
MOTOR VEHICLE THEFT,17,11,Thursday,No,0,0,0.01
BATTERY,6,16,Monday,Yes,0,0,0.00803668890236507
BATTERY,8,15,Wednesday,Yes,1,0,0.4945236105576731
DECEPTIVE PRACTICE,6,12,Saturday,No,0,0,0.0
MOTOR VEHICLE THEFT,3,18,Saturday,No,0,0,0.0
ROBBERY,6,21,Thursday,No,0,0,0.02
BATTERY,11,17,Thursday,No,0,1,0.5291199543022211
BATTERY,4,5,Sunday,Yes,1,1,0.84
OTHER OFFENSE,1,10,Wednesday,Yes,1,0,0.01
CRIMINAL DAMAGE,2,18,Friday,No,0,0,0.0
ASSAULT,1,12,Wednesday,No,0,0,0.0
MOTOR VEHICLE THEFT,15,5,Wednesday,No,0,0,0.0
CRIMINAL DAMAGE,22,9,Saturday,No,0,0,0.0
THEFT,18,15,Saturday,No,0,0,0.4731463697731199
BATTERY,11,12,Friday,No,0,1,0.6181877914414105
ASSAULT,4,16,Thursday,Yes,0,0,0.07845151261509027
MOTOR VEHICLE THEFT,6,22,Wednesday,No,0,0,0.0
THEFT,14,17,Saturday,No,0,1,0.5347968506756086
THEFT,4,14,Monday,No,0,0,0.0
BATTERY,1,2,Sunday,No,0,1,0.7747269376028657
THEFT,10,12,Monday,No,0,0,0.41913196134263453
MOTOR VEHICLE THEFT,7,14,Wednesday,No,0,0,0.0
ASSAULT,11,8,Saturday,No,0,0,0.054930578221931536
THEFT,6,18,Wednesday,No,0,0,0.3515935671163241
THEFT,11,20,Tuesday,No,0,0,0.0
OTHER OFFENSE,7,9,Saturday,No,0,0,0.01
THEFT,15,20,Monday,Yes,0,0,0.02
ASSAULT,8,21,Tuesday,No,0,0,0.01
THEFT,8,19,Thursday,No,0,0,0.3498338749645413
BATTERY,6,21,Wednesday,Yes,1,0,0.0
CRIMINAL DAMAGE,8,8,Monday,No,0,0,0.016903025230180557
THEFT,2,9,Monday,No,0,0,0.0
CRIMINAL DAMAGE,20,22,Friday,No,0,0,0.0
ASSAULT,8,13,Monday,No,0,0,0.0
CRIMINAL TRESPASS,1,19,Friday,No,0,0,0.1411252759249573
CRIMINAL DAMAGE,9,17,Monday,No,0,0,0.015769797974377914
THEFT,6,11,Monday,No,0,0,0.00577073807968648
BATTERY,9,22,Saturday,Yes,0,0,0.18614967818856368
THEFT,18,6,Tuesday,No,0,0,0.4471601775673395
DECEPTIVE PRACTICE,25,15,Tuesday,No,0,0,0.0
THEFT,8,21,Friday,No,0,0,0.047318285359287636
MOTOR VEHICLE THEFT,15,22,Thursday,Yes,0,0,0.018451512615090277
WEAPONS VIOLATION,2,22,Tuesday,No,1,0,0.45006794643566417
OTHER OFFENSE,16,13,Monday,No,0,0,0.08736300290676045
CRIMINAL TRESPASS,18,6,Wednesday,No,1,0,0.08278047066130469
BATTERY,12,1,Monday,No,0,0,0.1328423358114013
DECEPTIVE PRACTICE,19,15,Wednesday,No,0,0,0.0
CRIMINAL DAMAGE,8,23,Friday,No,0,0,0.0
THEFT,18,17,Wednesday,No,0,1,0.5138047078250247
OTHER OFFENSE,24,17,Sunday,No,0,0,0.09
INTIMIDATION,16,18,Monday,No,0,0,0.01942441886306058
THEFT,18,18,Saturday,No,0,1,0.5748924722726723
ROBBERY,25,23,Saturday,No,0,0,0.01
THEFT,8,8,Tuesday,No,1,0,0.4083347348575587
CRIMINAL TRESPASS,2,3,Thursday,No,0,0,0.2757697979743779
THEFT,7,9,Wednesday,No,0,0,0.0
THEFT,8,12,Friday,No,0,0,0.42998050068484517
NARCOTICS,4,3,Friday,No,1,1,0.64
THEFT,1,15,Thursday,No,0,0,0.30965970997195336
ASSAULT,25,19,Tuesday,Yes,0,0,0.03931716319535987
OTHER OFFENSE,16,14,Tuesday,Yes,1,0,0.0078441817879141
THEFT,19,18,Wednesday,No,0,0,0.2963316189633804
WEAPONS VIOLATION,10,19,Tuesday,No,1,0,0.38
ASSAULT,2,17,Monday,No,0,0,0.01
CRIMINAL DAMAGE,9,20,Wednesday,No,0,0,0.01
OTHER OFFENSE,22,16,Sunday,No,0,1,0.8642213105894682
WEAPONS VIOLATION,7,17,Thursday,No,1,1,0.9069030252301806
OTHER OFFENSE,22,12,Thursday,Yes,0,0,0.04
OTHER OFFENSE,4,8,Saturday,No,0,0,0.04845151261509028
THEFT,1,6,Monday,No,0,0,0.0
BURGLARY,25,0,Friday,No,0,0,0.0
NARCOTICS,6,11,Thursday,No,1,1,0.8994502076912605
CRIMINAL DAMAGE,25,17,Monday,No,0,0,0.01
NARCOTICS,7,20,Friday,No,1,1,0.9994244188630605
BATTERY,12,13,Tuesday,No,0,0,0.0
CRIMINAL DAMAGE,8,2,Saturday,No,0,0,0.0
THEFT,15,0,Wednesday,No,0,0,0.05506426471745547
THEFT,1,17,Sunday,No,0,0,0.3172746615130155
CRIMINAL DAMAGE,4,16,Wednesday,No,0,0,0.4724410442868264
MOTOR VEHICLE THEFT,24,15,Sunday,No,0,0,0.016903025230180557
THEFT,14,8,Tuesday,No,0,0,0.48522346816083095
CRIMINAL DAMAGE,4,3,Saturday,No,0,0,0.40155884424976407
BATTERY,14,1,Wednesday,Yes,0,0,0.06519515694274707
WEAPONS VIOLATION,6,15,Wednesday,No,1,1,0.95
THEFT,25,21,Wednesday,No,0,1,0.7190953495037615
THEFT,20,12,Wednesday,No,0,0,0.2246125167906521
BATTERY,11,15,Thursday,Yes,0,0,0.0
ROBBERY,1,13,Thursday,No,0,0,0.29664957546393206
BATTERY,4,1,Thursday,No,0,0,0.06406531943070744
BATTERY,2,9,Thursday,No,0,0,0.05
CRIMINAL DAMAGE,18,3,Monday,No,0,0,0.008451512615090279
CRIMINAL DAMAGE,22,11,Thursday,No,0,0,0.007318285359287636
OTHER OFFENSE,6,7,Wednesday,Yes,0,0,0.0
WEAPONS VIOLATION,3,1,Wednesday,No,0,1,0.9482848036520248
OTHER OFFENSE,4,0,Saturday,Yes,0,0,0.44718879244840687
THEFT,3,6,Friday,No,0,0,0.007318285359287636
DECEPTIVE PRACTICE,1,0,Tuesday,No,0,0,0.0
BATTERY,2,21,Thursday,Yes,0,0,0.07419272464576966
THEFT,19,17,Friday,No,1,0,0.47762511782310874
THEFT,1,16,Saturday,No,0,1,0.6710049368979621
BURGLARY,17,17,Saturday,No,0,0,0.01
THEFT,17,15,Monday,No,1,1,0.5716116000503326
CRIMINAL TRESPASS,6,11,Saturday,Yes,0,0,0.07
ASSAULT,22,21,Saturday,No,0,0,0.06183454355742067
THEFT,12,10,Wednesday,No,0,0,0.3424057132635741
ASSAULT,8,9,Thursday,No,0,0,0.008451512615090279
BATTERY,24,19,Thursday,Yes,0,1,0.6159034844699018
ASSAULT,7,10,Saturday,No,0,0,0.25401197081384824
ASSAULT,8,18,Thursday,No,0,0,0.02
DECEPTIVE PRACTICE,9,17,Friday,No,0,0,0.01
DECEPTIVE PRACTICE,1,0,Wednesday,No,0,0,0.012832594868855853
ROBBERY,2,22,Sunday,No,0,0,0.11
BATTERY,25,17,Wednesday,No,0,0,0.02891149029167017
BATTERY,12,22,Thursday,Yes,0,0,0.047318285359287636
INTERFERENCE WITH PUBLIC OFFICER,1,12,Sunday,No,1,1,0.99
MOTOR VEHICLE THEFT,11,0,Friday,No,0,0,0.0
MOTOR VEHICLE THEFT,9,3,Wednesday,No,0,0,0.0
OTHER OFFENSE,25,0,Tuesday,Yes,0,0,0.16338209083702182
WEAPONS VIOLATION,15,2,Saturday,No,1,1,0.8754882243407949
PUBLIC PEACE VIOLATION,16,7,Tuesday,No,0,0,0.31
ROBBERY,18,21,Monday,No,0,0,0.05942441886306058
BATTERY,18,23,Thursday,No,1,0,0.4568510975640323
THEFT,22,13,Thursday,No,0,1,0.801951932560952
BATTERY,2,9,Thursday,Yes,0,0,0.01
ASSAULT,4,15,Wednesday,No,0,0,0.0
DECEPTIVE PRACTICE,18,13,Wednesday,No,0,0,0.0
THEFT,1,16,Monday,No,0,0,0.48175593808606526
CRIMINAL SEXUAL ASSAULT,18,23,Wednesday,No,0,0,0.02845151261509028
OTHER OFFENSE,12,12,Saturday,Yes,0,0,0.008451512615090279
BATTERY,2,12,Wednesday,Yes,1,0,0.009424418863060578
CRIMINAL DAMAGE,11,2,Wednesday,No,1,0,0.030675631729638317
BATTERY,15,1,Sunday,Yes,1,1,0.6144942501999012
THEFT,17,18,Wednesday,No,0,0,0.004055542804682121
ASSAULT,24,16,Thursday,No,0,1,0.6173182853592877
THEFT,8,21,Friday,No,0,0,0.047318285359287636
THEFT,3,13,Tuesday,No,0,0,0.0
CRIMINAL TRESPASS,8,8,Monday,No,0,1,0.58
WEAPONS VIOLATION,22,13,Wednesday,No,1,1,0.97
THEFT,22,17,Sunday,No,0,0,0.0
WEAPONS VIOLATION,7,16,Saturday,No,1,1,0.75
ROBBERY,9,13,Friday,No,0,0,0.01
THEFT,11,1,Sunday,Yes,0,0,0.0676122928626439
THEFT,2,17,Wednesday,No,0,0,0.0
CRIMINAL DAMAGE,10,21,Saturday,No,0,0,0.0078441817879141
BATTERY,17,12,Friday,No,0,0,0.27405554280468214
CRIMINAL DAMAGE,4,15,Sunday,No,0,0,0.0
ASSAULT,5,15,Friday,No,0,0,0.0
MOTOR VEHICLE THEFT,15,10,Saturday,No,0,0,0.008451512615090279
CRIMINAL DAMAGE,5,2,Thursday,Yes,0,0,0.02
ASSAULT,25,7,Saturday,No,0,0,0.0
ROBBERY,25,2,Tuesday,No,1,0,0.0
BATTERY,16,19,Friday,Yes,0,0,0.31736300290676045
THEFT,14,3,Monday,No,1,0,0.0
WEAPONS VIOLATION,25,2,Monday,No,1,0,0.2
OTHER OFFENSE,24,21,Tuesday,Yes,0,1,0.84
MOTOR VEHICLE THEFT,25,2,Wednesday,No,0,0,0.02942441886306058
BATTERY,7,18,Friday,No,0,1,0.64
CRIMINAL DAMAGE,2,10,Tuesday,No,0,0,0.0
BATTERY,12,18,Wednesday,No,1,1,0.5986081551227248
ASSAULT,15,18,Monday,Yes,0,0,0.07128273776747797
THEFT,24,7,Friday,No,0,1,0.5619856704983847
CRIMINAL DAMAGE,22,1,Wednesday,No,0,0,0.0
THEFT,2,22,Tuesday,Yes,0,0,0.15646096745011218
BATTERY,5,0,Saturday,No,0,0,0.24266339595884268
ASSAULT,25,17,Wednesday,No,0,0,0.016453026568063543
ASSAULT,12,4,Sunday,No,0,0,0.49518891624984257
CRIMINAL TRESPASS,9,19,Wednesday,No,0,0,0.1199911085638461
BURGLARY,12,6,Sunday,No,0,0,0.033760594123046474
BATTERY,5,16,Friday,No,0,0,0.029160780247553628
DECEPTIVE PRACTICE,8,8,Sunday,No,0,0,0.07535453784527084
BATTERY,5,19,Saturday,Yes,0,1,0.7277384502783006
WEAPONS VIOLATION,11,17,Sunday,No,1,1,0.929423399709598
THEFT,3,23,Sunday,No,0,1,0.5139973962595468
BURGLARY,7,4,Thursday,No,0,0,0.02
DECEPTIVE PRACTICE,18,3,Friday,No,0,0,0.0
CRIMINAL DAMAGE,5,23,Wednesday,No,0,0,0.0
CRIMINAL TRESPASS,8,19,Monday,Yes,1,0,0.30690302523018054
THEFT,19,23,Monday,No,0,0,0.0
OTHER OFFENSE,15,11,Friday,Yes,0,0,0.02
THEFT,14,18,Wednesday,No,0,0,0.4315680424642071
ASSAULT,3,23,Saturday,No,0,1,0.5769130519134478
ASSAULT,17,5,Tuesday,Yes,0,0,0.20891149029167017
THEFT,2,13,Wednesday,No,0,0,0.0190345095469677
INTERFERENCE WITH PUBLIC OFFICER,5,10,Thursday,No,1,1,0.79
NARCOTICS,10,19,Thursday,No,1,1,0.99
DECEPTIVE PRACTICE,15,12,Monday,No,0,0,0.0
ASSAULT,16,14,Thursday,No,0,0,0.07950231712500383
MOTOR VEHICLE THEFT,16,16,Tuesday,No,0,0,0.01
THEFT,1,20,Friday,No,0,0,0.3908611756816049
LIQUOR LAW VIOLATION,16,11,Tuesday,No,1,1,0.914266028136941
NARCOTICS,6,16,Saturday,No,1,1,0.95
CRIMINAL TRESPASS,24,12,Wednesday,No,1,1,0.6767381426352661
NARCOTICS,11,8,Wednesday,No,1,1,1.0
ASSAULT,9,19,Tuesday,No,0,0,0.02
OTHER OFFENSE,25,23,Sunday,Yes,0,0,0.17916078024755364
THEFT,24,16,Thursday,No,0,0,0.010151820333452053
PUBLIC PEACE VIOLATION,18,19,Tuesday,No,0,1,0.8847634452082491
BURGLARY,19,11,Sunday,No,0,0,0.0
THEFT,1,8,Wednesday,No,0,0,0.04971108373096386
MOTOR VEHICLE THEFT,18,21,Thursday,No,0,0,0.0
OTHER OFFENSE,10,10,Tuesday,Yes,0,0,0.13845151261509028
ASSAULT,4,14,Tuesday,No,0,0,0.01
BATTERY,2,16,Saturday,No,0,0,0.0
ASSAULT,6,19,Friday,No,0,0,0.035456474650558005
BATTERY,10,1,Saturday,Yes,0,0,0.13472597254559196
OTHER OFFENSE,5,18,Thursday,Yes,0,0,0.3248496576180745
BATTERY,17,13,Saturday,Yes,0,0,0.0
THEFT,6,0,Friday,No,0,0,0.0
CRIMINAL TRESPASS,25,14,Saturday,No,0,0,0.3734663606431504
THEFT,14,12,Saturday,No,1,0,0.43981910416352205
ROBBERY,6,12,Monday,No,0,0,0.0
CRIMINAL DAMAGE,7,17,Wednesday,Yes,0,0,0.018451512615090277
THEFT,19,20,Monday,No,0,0,0.004212031822651292
THEFT,22,11,Wednesday,No,0,0,0.18798530266275912
BURGLARY,18,5,Friday,No,0,0,0.0
OTHER OFFENSE,9,19,Monday,No,0,0,0.3706307071883678
ASSAULT,11,0,Wednesday,No,0,0,0.05
PUBLIC PEACE VIOLATION,9,3,Sunday,No,1,0,0.4444925899241672
THEFT,22,14,Thursday,No,0,0,0.01629569440300438
CRIMINAL TRESPASS,11,19,Wednesday,No,1,0,0.12561380681561718
BURGLARY,1,15,Saturday,No,0,0,0.01
THEFT,18,3,Thursday,No,0,0,0.014890398812430632
THEFT,22,19,Saturday,No,1,0,0.4892382846039208
DECEPTIVE PRACTICE,6,15,Thursday,No,0,0,0.0
THEFT,12,12,Saturday,No,0,0,0.0
ASSAULT,11,1,Tuesday,No,0,0,0.034681288266048084
OTHER OFFENSE,1,5,Sunday,Yes,0,0,0.08490453918315381
ARSON,6,15,Thursday,No,0,0,0.11458878598730912
OTHER OFFENSE,3,17,Friday,No,0,1,0.7203628807903374
BURGLARY,25,0,Saturday,No,0,0,0.0
BATTERY,12,17,Sunday,No,0,0,0.008451512615090279
THEFT,19,17,Friday,No,0,0,0.47762511782310874
THEFT,14,12,Wednesday,No,0,0,0.0
BATTERY,12,16,Friday,Yes,0,0,0.07
BATTERY,9,4,Monday,No,0,0,0.2391607802475536
CRIMINAL SEXUAL ASSAULT,3,20,Saturday,No,0,0,0.01
NARCOTICS,5,20,Thursday,No,1,1,1.0
BURGLARY,9,7,Wednesday,No,0,0,0.06
CRIMINAL DAMAGE,4,15,Thursday,Yes,0,0,0.46
THEFT,17,13,Saturday,No,0,0,0.4941627872541492
ASSAULT,24,17,Thursday,Yes,0,0,0.24
THEFT,25,14,Sunday,No,0,0,0.42249348156308636
CRIMINAL TRESPASS,3,10,Wednesday,No,1,1,0.5773182853592876
THEFT,9,15,Wednesday,No,1,0,0.043222644050659974
THEFT,1,19,Friday,No,0,0,0.007080922683898114
ASSAULT,20,20,Thursday,No,0,0,0.17
OTHER OFFENSE,15,22,Sunday,No,1,1,0.66
ASSAULT,6,22,Tuesday,No,1,0,0.034636570718575274
OTHER OFFENSE,8,17,Friday,Yes,0,0,0.18967003602163096
ASSAULT,9,10,Monday,No,0,0,0.0
THEFT,16,0,Saturday,No,0,0,0.0
THEFT,2,8,Wednesday,No,0,0,0.0
ASSAULT,5,11,Wednesday,No,0,1,0.7091607802475537
BATTERY,7,0,Thursday,Yes,0,0,0.0
THEFT,19,14,Friday,No,0,1,0.5568253218116056
CRIMINAL DAMAGE,15,20,Sunday,No,0,0,0.0
CRIMINAL DAMAGE,15,14,Monday,No,0,0,0.0
BATTERY,20,0,Wednesday,No,0,0,0.3548492122482277
THEFT,8,0,Wednesday,No,0,0,0.0
THEFT,11,13,Friday,No,0,0,0.0
MOTOR VEHICLE THEFT,5,17,Monday,No,0,0,0.0
THEFT,17,15,Wednesday,No,0,0,0.038768434310888125
CRIMINAL DAMAGE,6,7,Friday,No,0,0,0.018451512615090277
BATTERY,4,0,Wednesday,Yes,1,0,0.040204456695749215
THEFT,2,12,Thursday,No,0,0,0.021825278585189026
ROBBERY,7,4,Wednesday,No,0,0,0.01
CRIMINAL DAMAGE,12,21,Friday,No,0,0,0.015309986245675889
THEFT,4,8,Sunday,No,0,0,0.0
MOTOR VEHICLE THEFT,6,8,Friday,No,0,0,0.01
OTHER OFFENSE,4,9,Tuesday,No,0,0,0.16845151261509028
MOTOR VEHICLE THEFT,2,21,Friday,No,0,0,0.0
THEFT,2,0,Friday,No,0,0,0.0
NARCOTICS,11,16,Monday,No,1,1,1.0
THEFT,6,11,Saturday,No,0,0,0.0
ROBBERY,25,19,Monday,No,0,0,0.05731828535928764
CRIMINAL DAMAGE,25,15,Wednesday,Yes,0,0,0.0
ASSAULT,10,13,Sunday,No,1,0,0.0
BATTERY,19,7,Tuesday,No,0,0,0.03860255879111163
CRIMINAL DAMAGE,24,20,Saturday,No,0,0,0.0
BURGLARY,3,18,Saturday,No,0,0,0.0
ASSAULT,3,11,Tuesday,No,1,0,0.008911490291670168
THEFT,8,11,Wednesday,No,0,0,0.0
CRIMINAL TRESPASS,8,20,Monday,No,1,1,0.93
INTERFERENCE WITH PUBLIC OFFICER,1,14,Monday,No,1,1,0.98
BATTERY,15,17,Wednesday,Yes,0,0,0.06657876173274214
BATTERY,10,0,Sunday,No,0,0,0.02
THEFT,6,1,Saturday,No,1,0,0.00685847363058561
MOTOR VEHICLE THEFT,18,19,Sunday,No,0,0,0.0
ASSAULT,24,1,Monday,No,0,0,0.06731828535928763
THEFT,24,17,Friday,No,0,0,0.0
BATTERY,17,17,Wednesday,Yes,1,1,0.6129445264472931
MOTOR VEHICLE THEFT,25,9,Saturday,No,0,1,0.59
BATTERY,22,15,Wednesday,No,0,0,0.04191813922678601
CRIMINAL DAMAGE,15,14,Tuesday,No,0,0,0.00942441886306058
MOTOR VEHICLE THEFT,16,15,Thursday,No,0,0,0.0
ROBBERY,12,21,Thursday,No,0,0,0.009160780247553625
BURGLARY,17,16,Thursday,No,0,0,0.0
BATTERY,15,10,Saturday,No,0,0,0.0976122928626439
THEFT,14,18,Friday,No,1,0,0.0
MOTOR VEHICLE THEFT,2,20,Wednesday,No,0,1,0.58
THEFT,12,0,Sunday,No,0,0,0.0
NARCOTICS,11,22,Friday,No,1,1,0.8691607802475536
CRIMINAL DAMAGE,19,19,Friday,No,0,0,0.0
NARCOTICS,11,11,Wednesday,No,1,1,1.0
BATTERY,8,21,Wednesday,Yes,0,1,0.6578913471098164
MOTOR VEHICLE THEFT,12,16,Tuesday,No,0,0,0.0
BATTERY,3,1,Saturday,Yes,0,0,0.006453026568063544
PUBLIC PEACE VIOLATION,25,11,Sunday,No,0,0,0.3855366128611488
THEFT,9,16,Saturday,No,0,0,0.0
NARCOTICS,11,14,Thursday,No,1,1,1.0
THEFT,1,16,Friday,No,0,0,0.33761657745534135
BATTERY,12,23,Friday,Yes,0,0,0.045162467147201735
THEFT,17,12,Tuesday,No,0,0,0.0
MOTOR VEHICLE THEFT,7,10,Monday,No,0,1,0.69
THEFT,7,22,Friday,No,0,0,0.008451512615090279
BATTERY,4,5,Thursday,Yes,1,1,0.5309943836996658
BATTERY,16,4,Saturday,No,0,0,0.18472038056386456
BATTERY,11,19,Saturday,Yes,1,0,0.01
BATTERY,19,8,Thursday,No,0,0,0.0
ASSAULT,19,1,Tuesday,No,0,0,0.0
CRIMINAL DAMAGE,2,18,Thursday,Yes,0,0,0.02
BATTERY,18,10,Sunday,No,1,1,0.6673182853592877
BATTERY,6,10,Sunday,No,0,0,0.02451915501358355
OTHER OFFENSE,22,12,Sunday,No,0,1,0.76
CRIMINAL DAMAGE,7,4,Thursday,No,0,0,0.03
THEFT,16,18,Wednesday,No,0,1,0.6992188716829807
OTHER OFFENSE,5,22,Wednesday,Yes,1,1,0.5585445579842236
THEFT,22,11,Saturday,No,0,0,0.3450886573520021
BATTERY,4,6,Tuesday,Yes,0,0,0.3017078247666242
BATTERY,5,13,Sunday,Yes,0,0,0.03867601705838286
ASSAULT,8,10,Wednesday,No,0,0,0.019160780247553626
NARCOTICS,6,14,Sunday,No,1,1,0.7973182853592877
THEFT,22,18,Wednesday,No,0,0,0.014055542804682122
CRIMINAL DAMAGE,16,23,Sunday,No,0,0,0.0
OTHER OFFENSE,16,17,Friday,No,0,1,0.6376726983012603
BATTERY,10,5,Sunday,Yes,0,0,0.01
ROBBERY,18,8,Monday,No,0,0,0.16
BATTERY,22,11,Saturday,Yes,1,0,0.026903025230180556
CRIMINAL DAMAGE,14,15,Tuesday,No,0,0,0.0
BURGLARY,10,8,Thursday,No,1,0,0.0
MOTOR VEHICLE THEFT,25,10,Tuesday,No,0,0,0.46
OTHER OFFENSE,1,16,Wednesday,No,1,1,0.5209239773738393
MOTOR VEHICLE THEFT,15,9,Tuesday,No,0,0,0.0
MOTOR VEHICLE THEFT,25,5,Wednesday,No,0,0,0.0
BATTERY,9,17,Tuesday,Yes,0,1,0.6311682613124332
DECEPTIVE PRACTICE,18,15,Tuesday,No,0,0,0.015769797974377914
ASSAULT,9,19,Saturday,No,0,0,0.48478610273030853
THEFT,22,8,Tuesday,No,0,0,0.0
THEFT,1,8,Thursday,No,0,0,0.3702561850832496
THEFT,24,8,Thursday,No,0,0,0.4569155367413246
CRIMINAL DAMAGE,5,18,Thursday,No,0,0,0.0
CRIMINAL TRESPASS,11,15,Tuesday,Yes,1,0,0.048197633959638136
THEFT,12,17,Tuesday,No,0,0,0.32555742542459126
CRIMINAL DAMAGE,2,17,Monday,No,0,0,0.006092840825826474
DECEPTIVE PRACTICE,12,12,Sunday,No,0,0,0.0
CRIMINAL DAMAGE,12,21,Saturday,No,0,0,0.0
THEFT,4,13,Sunday,No,0,0,0.012537217649031415
BATTERY,12,20,Tuesday,No,0,0,0.0
THEFT,7,17,Tuesday,No,0,0,0.0
NARCOTICS,11,17,Wednesday,No,1,1,1.0
THEFT,16,15,Friday,No,0,0,0.0
THEFT,12,18,Sunday,No,0,0,0.00803668890236507
BURGLARY,14,0,Saturday,No,0,0,0.02
BATTERY,16,6,Monday,Yes,0,0,0.11
BATTERY,24,13,Sunday,No,0,1,0.5921038903583081
MOTOR VEHICLE THEFT,4,21,Monday,No,0,0,0.0
PUBLIC PEACE VIOLATION,2,22,Thursday,No,1,1,0.68
CRIMINAL DAMAGE,6,12,Thursday,No,0,1,0.5915443408388382
BATTERY,4,9,Friday,No,0,0,0.014055542804682122
THEFT,3,9,Thursday,No,1,0,0.0047634452082490905
THEFT,1,15,Tuesday,No,0,1,0.5778518390582635
ASSAULT,25,9,Thursday,No,0,0,0.0
CRIMINAL DAMAGE,9,22,Wednesday,No,0,0,0.0
THEFT,12,12,Saturday,No,0,0,0.0
BATTERY,16,14,Thursday,No,0,0,0.05
ROBBERY,25,18,Friday,No,1,0,0.0
ASSAULT,22,19,Friday,No,0,1,0.5973738986601813
BATTERY,15,15,Friday,No,0,0,0.03581451552185072
CRIMINAL DAMAGE,6,4,Saturday,No,0,0,0.0
CRIMINAL TRESPASS,17,11,Thursday,No,0,0,0.02
BURGLARY,6,0,Monday,No,0,0,0.04
ASSAULT,20,9,Saturday,Yes,0,0,0.06576979797437792
MOTOR VEHICLE THEFT,11,20,Saturday,No,0,0,0.018451512615090277
CRIMINAL DAMAGE,8,2,Wednesday,No,0,0,0.01
ASSAULT,11,23,Wednesday,No,0,0,0.04812724911765187
THEFT,17,14,Friday,No,0,1,0.5052955518207787
BURGLARY,1,14,Saturday,No,0,0,0.005218932289743779
THEFT,20,14,Tuesday,No,0,0,0.0
PUBLIC PEACE VIOLATION,17,15,Sunday,No,1,0,0.42252493606649927
THEFT,6,19,Sunday,No,0,0,0.0
MOTOR VEHICLE THEFT,1,3,Monday,No,0,0,0.0
ASSAULT,8,21,Monday,No,0,0,0.02731828535928764
DECEPTIVE PRACTICE,4,13,Sunday,No,0,0,0.0
ASSAULT,15,15,Thursday,No,0,0,0.13813422109112314
ROBBERY,14,4,Wednesday,No,0,0,0.02
THEFT,2,13,Monday,No,0,0,0.3889069860284023
OTHER OFFENSE,10,18,Saturday,No,0,1,0.7647244788494373
CRIMINAL DAMAGE,6,14,Saturday,No,0,0,0.005218932289743779
HOMICIDE,2,22,Tuesday,No,0,0,0.1
THEFT,1,2,Monday,No,0,0,0.01
WEAPONS VIOLATION,9,2,Wednesday,No,1,0,0.23
MOTOR VEHICLE THEFT,22,5,Saturday,No,0,0,0.0
OTHER OFFENSE,10,13,Tuesday,No,0,0,0.0
THEFT,18,14,Wednesday,No,0,0,0.0
THEFT,4,13,Wednesday,No,0,0,0.0
OTHER OFFENSE,4,23,Sunday,No,1,0,0.02
THEFT,9,17,Monday,No,0,0,0.4108086799578954
MOTOR VEHICLE THEFT,4,15,Wednesday,No,0,0,0.0
THEFT,14,13,Sunday,No,1,0,0.0
CRIMINAL TRESPASS,8,2,Thursday,No,1,0,0.13493057822193152
ASSAULT,2,16,Monday,No,0,0,0.0
THEFT,5,20,Friday,No,0,1,0.963806050460361
OTHER OFFENSE,8,13,Wednesday,No,0,1,0.5591548029141133
THEFT,25,13,Sunday,No,0,1,0.53975106826397
OTHER OFFENSE,11,16,Thursday,Yes,0,0,0.10731828535928763
ROBBERY,8,2,Tuesday,No,0,0,0.06
THEFT,2,14,Tuesday,No,0,0,0.0
BATTERY,24,21,Monday,No,0,1,0.6104119655292695
CRIMINAL TRESPASS,2,14,Sunday,No,0,0,0.23654072986155117
BATTERY,2,6,Monday,Yes,0,0,0.06645302656806354
ASSAULT,2,11,Monday,No,0,0,0.008451512615090279
INTERFERENCE WITH PUBLIC OFFICER,6,12,Saturday,No,1,1,0.9
DECEPTIVE PRACTICE,20,12,Friday,No,0,0,0.0
BURGLARY,14,14,Friday,No,0,0,0.0
CRIMINAL DAMAGE,14,17,Thursday,No,0,0,0.046903025230180556
BATTERY,6,16,Thursday,No,0,0,0.4811473483431454
BURGLARY,14,20,Saturday,No,0,0,0.0
BATTERY,8,20,Wednesday,Yes,0,0,0.48906969281849205
NARCOTICS,9,21,Wednesday,No,1,1,0.99
THEFT,18,18,Tuesday,No,0,0,0.3082088375596768
BATTERY,18,0,Sunday,No,0,1,0.5042582309229647
THEFT,11,10,Friday,No,0,0,0.0
CRIMINAL TRESPASS,15,7,Thursday,Yes,0,0,0.24
ROBBERY,6,16,Thursday,No,0,0,0.006453026568063544
MOTOR VEHICLE THEFT,6,22,Wednesday,No,0,0,0.0
THEFT,1,13,Wednesday,No,0,0,0.2775744316630173
WEAPONS VIOLATION,2,0,Sunday,No,0,0,0.04576979797437792
CRIMINAL TRESPASS,7,0,Tuesday,No,1,0,0.1
THEFT,18,19,Tuesday,No,0,0,0.41362877267784093
ASSAULT,25,11,Sunday,Yes,0,1,0.8949045391831538
ASSAULT,1,7,Thursday,No,0,0,0.15465879166088958
THEFT,6,7,Wednesday,No,0,1,0.5172933612352713
OTHER OFFENSE,6,13,Saturday,No,1,1,0.9381366472488653
BATTERY,16,8,Tuesday,Yes,0,0,0.12984322142578686
ROBBERY,24,20,Tuesday,No,0,0,0.03845151261509028
MOTOR VEHICLE THEFT,3,17,Thursday,No,0,0,0.016092840825826474
THEFT,24,6,Wednesday,No,0,0,0.07153959594875584
THEFT,7,11,Monday,No,0,0,0.0
CRIMINAL TRESPASS,7,6,Sunday,Yes,0,0,0.16916078024755365
THEFT,22,3,Monday,No,0,0,0.0
ASSAULT,25,2,Sunday,No,1,0,0.03576979797437792
CRIMINAL DAMAGE,8,23,Thursday,No,0,0,0.0
THEFT,11,18,Tuesday,No,0,0,0.016453026568063543
DECEPTIVE PRACTICE,7,15,Wednesday,No,0,0,0.0
BURGLARY,18,12,Thursday,No,0,0,0.019160780247553626
THEFT,24,23,Monday,No,0,0,0.4933176805240202
MOTOR VEHICLE THEFT,8,13,Tuesday,No,0,0,0.1535511640580901
CRIMINAL DAMAGE,4,8,Sunday,No,0,0,0.0
CRIMINAL DAMAGE,2,3,Friday,No,0,0,0.0
BURGLARY,16,16,Friday,No,0,0,0.0
OTHER OFFENSE,22,7,Sunday,No,0,0,0.19
BURGLARY,2,11,Sunday,No,0,0,0.01
ROBBERY,14,13,Saturday,No,0,0,0.02
THEFT,6,14,Tuesday,Yes,0,0,0.01
BATTERY,19,9,Sunday,No,0,0,0.04736300290676045
BATTERY,2,9,Tuesday,No,0,0,0.009160780247553625
THEFT,19,15,Friday,No,0,1,0.5894389193553231
BATTERY,2,21,Wednesday,Yes,0,0,0.45036292924340754
BURGLARY,12,5,Saturday,No,0,0,0.0
THEFT,3,13,Sunday,No,0,0,0.0
WEAPONS VIOLATION,14,22,Tuesday,No,0,0,0.13519515694274709
NARCOTICS,11,15,Wednesday,No,1,1,1.0
CRIMINAL DAMAGE,9,20,Saturday,No,0,0,0.02
THEFT,10,13,Tuesday,No,0,0,0.0
BATTERY,7,12,Wednesday,Yes,0,0,0.0
THEFT,10,0,Thursday,No,0,0,0.06108177563325498
CRIMINAL DAMAGE,25,17,Wednesday,No,1,0,0.0
ROBBERY,6,23,Monday,No,0,0,0.02845151261509028
CRIMINAL DAMAGE,5,18,Friday,No,0,0,0.0
ASSAULT,8,19,Tuesday,Yes,1,0,0.04784418178791411
CRIMINAL DAMAGE,11,22,Wednesday,No,0,0,0.0
ASSAULT,11,18,Monday,No,0,0,0.0
CRIMINAL DAMAGE,25,15,Saturday,No,0,0,0.0
THEFT,22,18,Wednesday,No,0,0,0.014055542804682122
OTHER OFFENSE,8,2,Saturday,No,0,0,0.20376149886076614
ASSAULT,8,2,Sunday,No,0,0,0.4502548016667523
DECEPTIVE PRACTICE,6,4,Tuesday,No,0,0,0.05099438369966573
BATTERY,11,20,Friday,No,0,0,0.04
ASSAULT,4,16,Wednesday,No,0,0,0.0
THEFT,2,20,Monday,No,0,0,0.0
BATTERY,25,23,Saturday,No,0,0,0.4614690883642667
ASSAULT,25,16,Tuesday,No,0,0,0.19
NARCOTICS,11,16,Monday,No,1,1,1.0
MOTOR VEHICLE THEFT,17,7,Saturday,No,0,0,0.0
THEFT,14,19,Thursday,No,0,0,0.024930578221931544
BURGLARY,19,4,Saturday,No,0,0,0.0
THEFT,25,16,Monday,No,0,1,0.6130978767494842
NARCOTICS,19,2,Friday,No,1,1,0.93
THEFT,10,1,Sunday,No,0,0,0.0
THEFT,14,13,Friday,No,0,0,0.4805859397762727
MOTOR VEHICLE THEFT,14,20,Thursday,No,0,0,0.0
BATTERY,7,16,Thursday,No,0,0,0.0
ROBBERY,5,15,Friday,No,0,0,0.018451512615090277
BATTERY,10,14,Tuesday,Yes,0,0,0.00942441886306058
CRIMINAL DAMAGE,6,3,Friday,No,0,0,0.01
THEFT,25,0,Monday,No,0,0,0.00577073807968648
BATTERY,11,16,Tuesday,Yes,0,1,0.567448177989753
BATTERY,5,16,Sunday,No,0,0,0.13064747090721263
BATTERY,10,10,Saturday,Yes,0,0,0.1408295011047511
BATTERY,17,9,Friday,Yes,0,0,0.08
MOTOR VEHICLE THEFT,2,6,Monday,No,0,0,0.02
BATTERY,12,0,Sunday,Yes,0,0,0.0678441817879141
CRIMINAL DAMAGE,2,0,Saturday,No,0,0,0.351979055856826
ASSAULT,10,12,Monday,No,1,0,0.46616954018682305
BATTERY,6,1,Saturday,Yes,0,0,0.38807354970414315
THEFT,14,1,Monday,No,0,0,0.034931518327240105
BATTERY,25,20,Wednesday,Yes,1,1,0.578963727050835
OTHER OFFENSE,1,0,Saturday,No,0,0,0.13674270422234822
ASSAULT,9,16,Friday,Yes,0,0,0.1047634452082491
WEAPONS VIOLATION,8,23,Thursday,No,1,0,0.3139612144075804
ROBBERY,12,3,Saturday,No,0,0,0.0
ASSAULT,9,13,Thursday,Yes,0,0,0.45916078024755363
BATTERY,15,12,Thursday,Yes,0,0,0.01
CRIMINAL TRESPASS,24,13,Friday,No,0,1,0.6350861107568537
OTHER OFFENSE,7,7,Saturday,No,0,0,0.03
THEFT,24,8,Wednesday,No,1,1,0.5615394853545947
ASSAULT,3,1,Friday,Yes,0,0,0.15284666566047292
ROBBERY,9,11,Thursday,No,0,0,0.13
BATTERY,4,10,Friday,No,0,0,0.05473969210363121
BATTERY,3,4,Monday,Yes,0,0,0.06296726712429662
ASSAULT,16,18,Monday,No,0,0,0.2637399238860388
SEX OFFENSE,4,21,Saturday,No,0,0,0.12
THEFT,19,17,Sunday,No,1,0,0.01918186426480059
THEFT,19,7,Sunday,No,0,0,0.00942441886306058
OTHER OFFENSE,12,11,Sunday,Yes,0,0,0.01
BURGLARY,5,6,Thursday,Yes,1,0,0.01
THEFT,16,20,Friday,No,0,0,0.0
CRIMINAL DAMAGE,2,2,Wednesday,No,0,0,0.0
BURGLARY,4,12,Friday,No,0,0,0.04
ASSAULT,17,16,Saturday,Yes,1,0,0.07845151261509029
DECEPTIVE PRACTICE,19,0,Tuesday,No,0,0,0.0
BURGLARY,18,1,Saturday,No,0,0,0.0
CRIMINAL DAMAGE,7,0,Saturday,No,0,1,0.758725979202713
MOTOR VEHICLE THEFT,25,15,Saturday,No,0,0,0.0
THEFT,18,11,Sunday,No,0,0,0.0
BATTERY,8,20,Saturday,Yes,0,0,0.14278147959407436
DECEPTIVE PRACTICE,18,13,Thursday,No,0,0,0.3777872150068863
CRIMINAL DAMAGE,16,0,Wednesday,No,0,0,0.007318285359287636
THEFT,25,17,Wednesday,No,1,1,0.6306012429486356
BATTERY,5,19,Friday,No,0,0,0.034636570718575274
BATTERY,2,0,Saturday,Yes,0,0,0.0715841772527539
THEFT,18,8,Thursday,No,0,1,0.8091610838047261
MOTOR VEHICLE THEFT,15,11,Tuesday,No,1,0,0.05
BURGLARY,7,12,Friday,No,0,0,0.042516832045797724
BATTERY,2,14,Sunday,Yes,0,0,0.014763445208249092
BURGLARY,17,16,Thursday,No,0,0,0.0
BATTERY,3,0,Friday,No,0,1,0.5900008648892906
THEFT,22,21,Friday,No,0,0,0.014763445208249092
THEFT,24,16,Wednesday,Yes,0,0,0.01935907970419063
MOTOR VEHICLE THEFT,2,1,Friday,No,0,0,0.01
BATTERY,18,6,Friday,No,0,0,0.04
THEFT,12,22,Thursday,No,0,0,0.0
DECEPTIVE PRACTICE,20,12,Thursday,No,0,0,0.0
CRIMINAL DAMAGE,10,12,Friday,No,0,0,0.0
THEFT,5,15,Thursday,No,0,0,0.007318285359287638
THEFT,19,13,Friday,No,0,0,0.0
THEFT,14,17,Saturday,No,0,1,0.5347968506756086
BURGLARY,2,21,Wednesday,No,0,0,0.0
BATTERY,5,15,Sunday,No,1,1,0.5349413592555777
THEFT,9,12,Monday,Yes,0,0,0.0
BATTERY,5,9,Sunday,No,0,0,0.06
KIDNAPPING,3,17,Wednesday,No,0,0,0.17625841537264322
SEX OFFENSE,20,2,Thursday,No,1,0,0.06
THEFT,10,16,Saturday,No,0,0,0.1468584736305856
MOTOR VEHICLE THEFT,14,18,Sunday,No,0,0,0.0
BATTERY,10,15,Friday,No,1,0,0.07986115644386309
BATTERY,14,23,Thursday,Yes,0,0,0.26318652874260445
NARCOTICS,12,8,Wednesday,No,0,1,0.96
MOTOR VEHICLE THEFT,8,5,Thursday,No,0,0,0.05405736809986213
CRIMINAL DAMAGE,4,12,Monday,No,0,0,0.0
THEFT,12,13,Sunday,No,0,0,0.374010766547928
CRIMINAL SEXUAL ASSAULT,1,23,Sunday,No,0,0,0.0
CRIMINAL DAMAGE,1,9,Thursday,No,0,1,0.5690177436920372
CRIMINAL DAMAGE,25,15,Saturday,No,0,0,0.0
BATTERY,15,21,Saturday,No,0,0,0.0
BATTERY,2,0,Thursday,Yes,0,0,0.008911490291670168
MOTOR VEHICLE THEFT,18,12,Saturday,No,0,0,0.0
OTHER OFFENSE,5,3,Saturday,Yes,0,0,0.009160780247553625
BATTERY,12,15,Monday,No,0,0,0.0
CRIMINAL DAMAGE,9,23,Saturday,No,0,0,0.008451512615090279
BURGLARY,14,0,Sunday,No,0,0,0.0
THEFT,8,20,Wednesday,No,0,0,0.0
THEFT,4,17,Monday,Yes,0,0,0.0
CRIMINAL DAMAGE,6,2,Thursday,No,0,0,0.0
DECEPTIVE PRACTICE,17,0,Tuesday,No,0,0,0.0
OFFENSE INVOLVING CHILDREN,9,22,Sunday,Yes,0,0,0.1
OTHER OFFENSE,7,15,Saturday,No,0,0,0.01
OFFENSE INVOLVING CHILDREN,4,9,Thursday,Yes,0,0,0.08
CRIMINAL DAMAGE,5,8,Tuesday,No,0,0,0.16757179975334147
BATTERY,5,10,Sunday,Yes,1,1,0.9336025124672218
BATTERY,5,0,Monday,Yes,1,0,0.008451512615090279
BATTERY,18,2,Thursday,No,0,0,0.04636883156690981
CRIMINAL DAMAGE,17,7,Wednesday,No,0,0,0.1278926955996108
MOTOR VEHICLE THEFT,7,13,Tuesday,No,0,0,0.02845151261509028
ASSAULT,10,17,Friday,Yes,1,0,0.4867485393791206
DECEPTIVE PRACTICE,19,12,Saturday,No,0,0,0.0
BURGLARY,7,1,Saturday,No,0,0,0.01
BURGLARY,2,7,Thursday,No,0,0,0.01
DECEPTIVE PRACTICE,10,0,Monday,No,0,0,0.0
OTHER OFFENSE,6,14,Wednesday,Yes,0,0,0.0
MOTOR VEHICLE THEFT,17,17,Thursday,No,0,1,0.67
CRIMINAL SEXUAL ASSAULT,20,18,Thursday,No,0,0,0.0
CRIMINAL DAMAGE,6,12,Tuesday,No,0,0,0.1868772863542594
SEX OFFENSE,19,9,Monday,No,0,0,0.04
ASSAULT,6,10,Thursday,No,0,0,0.01
THEFT,17,14,Thursday,No,0,0,0.3265930255413192
ASSAULT,6,20,Thursday,Yes,1,0,0.032832594868855855
WEAPONS VIOLATION,8,16,Tuesday,No,1,1,0.958013524317326
CRIMINAL DAMAGE,2,3,Monday,No,0,0,0.0
CRIMINAL TRESPASS,10,12,Sunday,No,0,0,0.10377131192735117
CRIMINAL DAMAGE,2,1,Friday,No,0,0,0.0
DECEPTIVE PRACTICE,1,15,Thursday,No,0,0,0.0
CRIMINAL DAMAGE,25,2,Saturday,No,0,0,0.0
BURGLARY,19,3,Wednesday,No,0,0,0.0
NARCOTICS,11,17,Sunday,No,1,1,1.0
BATTERY,3,0,Monday,Yes,0,0,0.05
THEFT,18,13,Monday,No,0,0,0.41372162656154143
THEFT,12,20,Sunday,No,0,0,0.003775036051914757
NARCOTICS,3,10,Saturday,No,1,1,0.9969030252301806
MOTOR VEHICLE THEFT,8,21,Saturday,No,0,0,0.0
THEFT,24,11,Sunday,No,0,1,0.5237804495482222
CRIMINAL DAMAGE,7,21,Friday,No,0,0,0.01
THEFT,9,14,Sunday,Yes,0,0,0.01
DECEPTIVE PRACTICE,1,15,Saturday,No,0,0,0.0
DECEPTIVE PRACTICE,11,17,Tuesday,No,0,0,0.0
CRIMINAL DAMAGE,5,20,Saturday,No,0,0,0.01
CRIMINAL DAMAGE,16,22,Sunday,No,0,0,0.0
OFFENSE INVOLVING CHILDREN,15,19,Saturday,Yes,0,0,0.06725880576014628
MOTOR VEHICLE THEFT,1,1,Tuesday,No,0,0,0.0078441817879141
BATTERY,3,18,Tuesday,No,1,0,0.012629211710272087
THEFT,12,19,Monday,No,0,0,0.0
BATTERY,1,23,Sunday,Yes,0,0,0.12364381311423399
OTHER OFFENSE,16,8,Tuesday,Yes,1,0,0.05
BATTERY,15,16,Friday,Yes,0,0,0.0
ROBBERY,24,22,Wednesday,No,0,0,0.06
THEFT,2,3,Tuesday,No,0,0,0.01
ROBBERY,8,4,Wednesday,No,0,0,0.009160780247553625
ASSAULT,14,20,Sunday,No,0,0,0.04845151261509027
BURGLARY,3,4,Thursday,No,0,0,0.03
DECEPTIVE PRACTICE,10,18,Thursday,No,0,0,0.01
MOTOR VEHICLE THEFT,7,3,Wednesday,No,0,1,0.5373182853592876
THEFT,2,18,Monday,No,0,0,0.0
MOTOR VEHICLE THEFT,2,9,Tuesday,No,0,0,0.0
BATTERY,3,23,Thursday,Yes,0,1,0.6052989597896349
CRIMINAL TRESPASS,5,3,Friday,Yes,0,0,0.18
CRIMINAL DAMAGE,18,12,Tuesday,No,0,0,0.0
CRIMINAL TRESPASS,1,12,Saturday,No,0,1,0.7996290180325911
THEFT,22,10,Friday,Yes,0,0,0.02
THEFT,20,19,Friday,No,1,1,0.8081429602786143
CRIMINAL DAMAGE,5,19,Tuesday,No,0,0,0.0
THEFT,2,20,Tuesday,No,1,0,0.008136529772354448
ASSAULT,20,12,Friday,No,0,0,0.01
BATTERY,7,21,Sunday,Yes,1,0,0.019317163195359872
CRIMINAL DAMAGE,8,22,Friday,No,0,0,0.0
THEFT,17,14,Wednesday,No,0,0,0.4337170468173813
THEFT,4,11,Wednesday,No,1,0,0.0
MOTOR VEHICLE THEFT,7,23,Wednesday,Yes,0,0,0.004381082253765573
BURGLARY,12,15,Friday,No,0,0,0.0
CRIMINAL DAMAGE,2,20,Sunday,No,0,0,0.0
BURGLARY,6,4,Wednesday,No,0,0,0.0
THEFT,20,20,Tuesday,No,1,0,0.35542239222911554
BATTERY,11,4,Saturday,Yes,0,1,0.55
BATTERY,2,19,Monday,No,0,0,0.01
THEFT,14,8,Friday,No,0,0,0.05271151612547351
THEFT,19,21,Friday,No,0,0,0.0
ROBBERY,2,23,Friday,No,0,0,0.10308808333366555
DECEPTIVE PRACTICE,20,18,Tuesday,No,0,0,0.007318285359287636
ASSAULT,19,13,Thursday,No,0,0,0.022369612294067615
BATTERY,9,11,Sunday,Yes,1,0,0.17809034402787657
BATTERY,24,13,Friday,Yes,1,1,0.5523100433514629
BATTERY,22,16,Tuesday,No,0,0,0.013670444904834059
BATTERY,7,8,Wednesday,No,0,0,0.008451512615090279
CRIMINAL SEXUAL ASSAULT,3,3,Saturday,No,0,0,0.01
THEFT,8,14,Monday,No,1,0,0.3280315228337177
DECEPTIVE PRACTICE,25,18,Monday,No,0,0,0.0
NARCOTICS,4,20,Tuesday,No,1,1,0.9558989228828197
CRIMINAL DAMAGE,10,0,Sunday,No,0,0,0.04290605313612708
THEFT,5,10,Friday,No,1,1,0.5564684573140619
BATTERY,5,15,Saturday,No,0,0,0.06490453918315382
CRIMINAL DAMAGE,9,6,Wednesday,No,0,0,0.21335053525201325
CRIMINAL DAMAGE,17,22,Wednesday,No,0,0,0.008451512615090279
BATTERY,4,19,Sunday,No,0,0,0.1190002672977996
BATTERY,11,21,Saturday,Yes,0,1,0.8204814530499667
BATTERY,12,2,Sunday,No,1,1,0.7652079300007337
ASSAULT,9,18,Wednesday,Yes,0,0,0.01
THEFT,8,16,Wednesday,No,0,1,0.6471191368896825
ASSAULT,2,17,Thursday,Yes,0,0,0.34650814603288393
THEFT,8,15,Friday,No,1,0,0.26238864256670746
THEFT,7,22,Friday,No,0,0,0.008451512615090279
ASSAULT,1,16,Tuesday,No,0,0,0.19445863714000416
BATTERY,25,15,Sunday,No,0,0,0.06606380547773419
MOTOR VEHICLE THEFT,6,2,Monday,No,0,0,0.0
OTHER OFFENSE,3,16,Thursday,No,1,0,0.19589003144666564
OTHER OFFENSE,5,23,Monday,Yes,0,0,0.00942441886306058
BATTERY,3,19,Sunday,No,0,0,0.40438294029031163
DECEPTIVE PRACTICE,19,12,Thursday,No,0,0,0.0
BATTERY,24,18,Thursday,No,0,0,0.02736300290676045
ASSAULT,1,22,Monday,No,0,1,0.690350844584055
BATTERY,19,2,Saturday,No,0,0,0.022939085442938132
THEFT,18,14,Monday,No,0,1,0.6190967618113811
CRIMINAL DAMAGE,25,20,Monday,No,0,0,0.0
THEFT,12,13,Thursday,No,1,0,0.0
CRIMINAL DAMAGE,19,0,Sunday,No,0,0,0.0
MOTOR VEHICLE THEFT,17,19,Sunday,No,0,0,0.01
DECEPTIVE PRACTICE,6,17,Friday,No,0,0,0.007318285359287636
BATTERY,15,16,Thursday,No,1,0,0.056242177804355926
BATTERY,25,16,Monday,Yes,1,0,0.062293581128691995
THEFT,5,12,Sunday,No,0,0,0.04
MOTOR VEHICLE THEFT,24,22,Sunday,No,0,0,0.018451512615090277
THEFT,18,23,Saturday,No,0,0,0.0
ASSAULT,10,11,Monday,No,0,0,0.24327905751184967
DECEPTIVE PRACTICE,18,12,Tuesday,No,0,1,0.7552145606387967
DECEPTIVE PRACTICE,19,12,Thursday,No,1,0,0.0
NARCOTICS,7,21,Monday,No,1,1,0.98
THEFT,19,10,Thursday,No,0,0,0.0
THEFT,4,2,Monday,No,0,0,0.0
CRIMINAL DAMAGE,5,23,Monday,No,0,0,0.0
THEFT,22,12,Tuesday,No,0,0,0.0
MOTOR VEHICLE THEFT,7,4,Tuesday,No,0,0,0.04
CRIMINAL TRESPASS,10,9,Wednesday,No,0,0,0.1657697979743779
DECEPTIVE PRACTICE,19,7,Friday,No,0,0,0.03
NARCOTICS,2,12,Tuesday,No,1,1,0.99
MOTOR VEHICLE THEFT,11,2,Saturday,No,0,0,0.0
MOTOR VEHICLE THEFT,12,23,Monday,No,0,0,0.0
CRIMINAL DAMAGE,11,3,Saturday,No,0,0,0.01943601661717469
DECEPTIVE PRACTICE,20,8,Friday,No,0,0,0.02
MOTOR VEHICLE THEFT,1,19,Monday,No,0,0,0.13227499799387638
CRIMINAL DAMAGE,8,16,Friday,No,0,0,0.01
CRIMINAL DAMAGE,24,21,Thursday,No,0,0,0.02
ASSAULT,12,18,Saturday,No,1,0,0.02
THEFT,12,18,Saturday,No,0,0,0.30651922776233226
NARCOTICS,15,11,Friday,No,1,1,1.0
CRIMINAL TRESPASS,20,6,Wednesday,No,1,0,0.24731828535928763
THEFT,9,12,Monday,No,0,0,0.01
BATTERY,12,10,Monday,No,0,1,0.7696598689542956
CRIMINAL DAMAGE,4,1,Thursday,No,0,0,0.0
THEFT,1,18,Saturday,No,0,0,0.0
CONCEALED CARRY LICENSE VIOLATION,1,8,Tuesday,No,1,1,0.8616290081296961
WEAPONS VIOLATION,5,19,Sunday,No,1,1,0.9749126432038554
DECEPTIVE PRACTICE,4,21,Wednesday,No,0,0,0.023670444904834057
THEFT,25,19,Monday,No,0,1,0.6941037651228349
BATTERY,12,15,Friday,No,0,0,0.40882777157982936
BATTERY,16,15,Monday,No,0,0,0.3349045391831538
CRIMINAL DAMAGE,4,15,Sunday,No,0,0,0.0
INTERFERENCE WITH PUBLIC OFFICER,5,18,Wednesday,No,1,1,0.95
BURGLARY,9,18,Sunday,No,0,0,0.0
BATTERY,18,22,Sunday,No,0,0,0.1261071661385545
THEFT,6,7,Sunday,No,0,0,0.035488224340794766
BATTERY,1,0,Saturday,No,0,0,0.009160780247553625
BURGLARY,5,9,Monday,No,0,0,0.0
OTHER OFFENSE,8,8,Wednesday,Yes,0,0,0.0333560517982441
OTHER OFFENSE,11,0,Tuesday,Yes,0,0,0.11535453784527082
THEFT,6,22,Saturday,No,0,0,0.006453026568063544
OTHER OFFENSE,5,14,Wednesday,No,1,1,0.7521018281382571
BATTERY,10,0,Tuesday,Yes,0,1,0.5709852965968701
THEFT,24,19,Wednesday,No,0,0,0.0475773623877123
BATTERY,8,20,Sunday,No,0,1,0.5267152457093607
BATTERY,7,16,Wednesday,Yes,0,1,0.65
MOTOR VEHICLE THEFT,19,14,Sunday,No,0,0,0.0
BURGLARY,19,10,Saturday,No,0,0,0.02521893228974378
THEFT,10,22,Wednesday,No,0,0,0.0
THEFT,6,7,Sunday,No,0,0,0.035488224340794766
THEFT,12,7,Friday,Yes,0,0,0.0
BURGLARY,19,9,Thursday,No,0,0,0.0
OFFENSE INVOLVING CHILDREN,6,14,Tuesday,No,0,0,0.02
THEFT,19,13,Thursday,No,0,1,0.6210989101016205
THEFT,8,23,Sunday,No,0,0,0.008911490291670168
BURGLARY,6,18,Saturday,No,0,0,0.0
BATTERY,2,18,Saturday,Yes,0,1,0.65993893723548
OTHER OFFENSE,19,8,Friday,Yes,0,0,0.0
BATTERY,16,23,Wednesday,Yes,0,1,0.5297221538224278
ASSAULT,2,22,Tuesday,No,0,0,0.05
THEFT,22,12,Wednesday,No,0,0,0.45227818119320845
MOTOR VEHICLE THEFT,1,2,Monday,No,0,0,0.01
BATTERY,2,21,Wednesday,Yes,0,0,0.45036292924340754
THEFT,17,21,Monday,No,0,0,0.0
BATTERY,12,23,Sunday,No,0,0,0.01
CRIMINAL DAMAGE,3,15,Monday,No,0,0,0.0
BATTERY,8,15,Wednesday,Yes,0,0,0.4945236105576731
THEFT,3,12,Tuesday,No,0,0,0.02892606274421664
BURGLARY,2,19,Tuesday,No,0,0,0.3831150864336765
WEAPONS VIOLATION,3,18,Sunday,No,1,0,0.3284515126150903
ASSAULT,3,9,Tuesday,Yes,0,0,0.0
BURGLARY,12,4,Thursday,No,0,0,0.0
BATTERY,3,14,Wednesday,No,0,0,0.024297208355977644
BATTERY,6,23,Saturday,Yes,0,0,0.43664762876103475
DECEPTIVE PRACTICE,17,8,Tuesday,No,0,0,0.017612292862643906
WEAPONS VIOLATION,10,3,Sunday,No,1,1,0.8767730731101976
THEFT,4,11,Monday,No,1,0,0.015309986245675889
MOTOR VEHICLE THEFT,18,14,Saturday,No,0,0,0.007318285359287636
CRIMINAL DAMAGE,7,22,Thursday,Yes,0,0,0.0
THEFT,5,8,Saturday,No,0,0,0.01
BATTERY,15,23,Thursday,No,0,0,0.12
MOTOR VEHICLE THEFT,19,7,Thursday,No,0,0,0.0
DECEPTIVE PRACTICE,20,12,Thursday,No,0,0,0.0
ROBBERY,8,0,Thursday,No,0,0,0.24
BATTERY,25,17,Saturday,Yes,0,0,0.01787593147815086
MOTOR VEHICLE THEFT,12,7,Wednesday,No,0,0,0.0
THEFT,14,9,Friday,No,0,0,0.10362915642124362
DECEPTIVE PRACTICE,18,18,Sunday,No,0,0,0.02845151261509028
MOTOR VEHICLE THEFT,12,5,Thursday,No,0,0,0.0
BURGLARY,6,21,Tuesday,No,0,0,0.0
ASSAULT,2,7,Friday,Yes,0,0,0.01
BATTERY,12,23,Wednesday,Yes,0,1,0.9532149578233394
THEFT,11,23,Wednesday,No,0,0,0.0
OTHER OFFENSE,14,15,Friday,No,0,1,0.5376043415317986
ASSAULT,12,7,Sunday,No,0,0,0.038585199110614206
ASSAULT,15,18,Thursday,No,0,0,0.01
BATTERY,3,4,Sunday,Yes,0,1,0.5382855001440074
BATTERY,3,12,Saturday,Yes,0,0,0.09900026729779961
ASSAULT,6,20,Monday,No,0,0,0.03521893228974378
THEFT,10,12,Monday,No,0,0,0.41913196134263453
THEFT,19,13,Monday,No,0,0,0.27727506567754595
THEFT,18,14,Thursday,No,0,0,0.0
BATTERY,6,12,Sunday,Yes,0,0,0.05027641657297016
CRIMINAL DAMAGE,24,1,Monday,No,0,0,0.04
THEFT,8,15,Wednesday,No,1,0,0.44771824479971106
OTHER OFFENSE,6,14,Wednesday,No,0,1,0.5283030310661883
ROBBERY,6,17,Monday,No,0,0,0.04
CRIMINAL DAMAGE,4,0,Friday,Yes,1,0,0.07845151261509027
BATTERY,4,13,Friday,Yes,0,0,0.0
CRIMINAL TRESPASS,20,10,Wednesday,No,1,1,0.6890219366914168
BURGLARY,16,3,Wednesday,No,0,0,0.0
OFFENSE INVOLVING CHILDREN,25,7,Friday,No,0,0,0.08
ROBBERY,3,17,Friday,No,0,0,0.016092840825826474
THEFT,17,12,Tuesday,No,1,0,0.0
DECEPTIVE PRACTICE,2,19,Monday,No,0,0,0.016453026568063543
BATTERY,3,21,Tuesday,No,0,0,0.017844181787914103
THEFT,12,22,Thursday,No,0,0,0.0
CRIMINAL DAMAGE,8,10,Wednesday,No,0,0,0.0
MOTOR VEHICLE THEFT,10,15,Tuesday,No,0,0,0.04422131058946819
THEFT,19,13,Thursday,No,0,1,0.6210989101016205
OTHER OFFENSE,18,0,Wednesday,Yes,0,0,0.05057347013501461
ASSAULT,2,20,Tuesday,No,1,0,0.0
OTHER OFFENSE,1,8,Friday,Yes,0,0,0.018451512615090277
THEFT,25,11,Wednesday,No,1,0,0.04979903786577701
THEFT,18,12,Saturday,No,1,0,0.43567456610997446
ASSAULT,6,15,Monday,Yes,0,0,0.08081144891221072
ASSAULT,12,17,Saturday,No,0,0,0.08645302656806354
ASSAULT,18,17,Sunday,No,0,0,0.17731828535928762
THEFT,19,12,Friday,No,1,0,0.0
MOTOR VEHICLE THEFT,6,22,Monday,No,0,0,0.0
BURGLARY,11,10,Saturday,No,0,0,0.013670444904834059
THEFT,1,22,Friday,No,0,0,0.05886404140674049
CRIMINAL DAMAGE,7,20,Wednesday,No,0,0,0.007318285359287636
THEFT,9,18,Friday,No,0,0,0.0
THEFT,14,11,Wednesday,No,0,0,0.39166164041336576
CRIMINAL TRESPASS,11,15,Monday,No,0,0,0.232163629008709
BURGLARY,14,0,Thursday,No,0,0,0.0
THEFT,14,11,Friday,No,0,0,0.4782746410928953
ASSAULT,18,20,Saturday,Yes,0,0,0.12
OTHER OFFENSE,10,12,Saturday,Yes,0,0,0.0476122928626439
BATTERY,25,4,Thursday,Yes,1,1,0.6984515126150903
MOTOR VEHICLE THEFT,9,21,Thursday,No,1,0,0.0
CRIMINAL DAMAGE,3,13,Tuesday,No,0,0,0.007318285359287636
CRIMINAL DAMAGE,4,14,Saturday,No,0,0,0.0
THEFT,8,8,Saturday,No,0,0,0.0
THEFT,1,11,Friday,No,0,1,0.5465007963831278
BATTERY,6,0,Saturday,Yes,0,0,0.058485970842423775
NARCOTICS,11,18,Friday,No,1,1,1.0
CRIMINAL DAMAGE,4,6,Thursday,No,0,0,0.0
OTHER OFFENSE,22,20,Thursday,No,1,1,0.6217021545452562
BURGLARY,12,0,Tuesday,No,0,0,0.0
OTHER OFFENSE,5,16,Tuesday,No,0,0,0.04
THEFT,18,14,Wednesday,No,0,0,0.0
CRIMINAL DAMAGE,4,16,Monday,No,0,0,0.4513845448953036
MOTOR VEHICLE THEFT,22,22,Tuesday,Yes,0,0,0.0
OTHER OFFENSE,15,9,Sunday,Yes,0,0,0.045218932289743774
CRIMINAL DAMAGE,2,2,Wednesday,No,0,0,0.0
ASSAULT,3,1,Saturday,Yes,0,0,0.01966798439140291
BATTERY,11,13,Sunday,No,0,0,0.041935540257399276
ASSAULT,25,22,Tuesday,Yes,0,0,0.2549315183272401
BATTERY,15,23,Sunday,No,0,0,0.07645302656806355
THEFT,6,12,Wednesday,No,0,0,0.0
BATTERY,25,15,Wednesday,Yes,0,0,0.0
THEFT,18,10,Monday,No,0,0,0.34918915948900214
CRIMINAL DAMAGE,24,18,Friday,No,0,0,0.08915188881139974
ASSAULT,5,0,Sunday,Yes,0,0,0.05
OTHER OFFENSE,15,13,Saturday,Yes,0,0,0.16168400962212953
DECEPTIVE PRACTICE,15,17,Monday,No,0,0,0.01
ASSAULT,16,12,Tuesday,Yes,0,0,0.01
BATTERY,25,1,Monday,No,0,0,0.026903025230180556
DECEPTIVE PRACTICE,20,9,Monday,No,0,0,0.0
OTHER OFFENSE,3,14,Monday,No,0,0,0.008451512615090279
THEFT,2,11,Wednesday,No,0,0,0.0
BATTERY,25,2,Saturday,Yes,1,1,0.6943595788975446
OTHER OFFENSE,10,17,Monday,No,0,1,0.9638060504603613
OTHER OFFENSE,18,8,Thursday,No,0,0,0.027197469149918697
ROBBERY,16,5,Saturday,No,0,0,0.1057697979743779
THEFT,25,11,Thursday,No,0,1,0.7133099488722308
BATTERY,1,19,Saturday,No,0,0,0.0
DECEPTIVE PRACTICE,7,17,Monday,No,0,0,0.04535453784527084
THEFT,24,17,Thursday,No,0,0,0.0
ROBBERY,15,19,Thursday,No,0,0,0.01
WEAPONS VIOLATION,8,14,Thursday,No,1,1,0.8942213105894682
BATTERY,2,6,Sunday,Yes,0,0,0.06190600903489917
THEFT,5,18,Thursday,No,0,1,0.587597637093729
MOTOR VEHICLE THEFT,1,22,Saturday,No,0,0,0.0
BATTERY,6,22,Monday,Yes,0,0,0.06741798148518852
THEFT,14,18,Friday,No,0,0,0.0
THEFT,8,22,Wednesday,No,0,0,0.01
CRIMINAL SEXUAL ASSAULT,2,23,Friday,No,0,0,0.02
OTHER OFFENSE,6,20,Saturday,Yes,0,0,0.2319548560778629
ROBBERY,1,14,Sunday,No,0,0,0.13845151261509028
SEX OFFENSE,7,7,Friday,No,0,0,0.09
CRIMINAL DAMAGE,25,1,Thursday,No,0,0,0.0
CRIMINAL DAMAGE,19,22,Sunday,Yes,0,0,0.1979699169525927
THEFT,5,22,Thursday,No,0,0,0.1128158940374831
THEFT,15,5,Tuesday,No,0,0,0.0
BATTERY,3,16,Sunday,No,0,0,0.4081756612445123
OTHER OFFENSE,5,23,Thursday,Yes,0,0,0.10647017417068737
BATTERY,14,6,Saturday,No,0,0,0.03916078024755363
DECEPTIVE PRACTICE,18,9,Tuesday,No,0,0,0.007318285359287636
MOTOR VEHICLE THEFT,2,5,Tuesday,No,0,0,0.03535453784527083
THEFT,8,10,Friday,No,0,0,0.46477735907870205
BATTERY,3,9,Thursday,Yes,0,1,0.8352189322897438
THEFT,1,0,Friday,No,0,0,0.0078441817879141
BATTERY,10,23,Saturday,Yes,1,1,0.5178826912735452
THEFT,8,12,Wednesday,No,1,0,0.0
THEFT,4,8,Monday,No,0,0,0.0
MOTOR VEHICLE THEFT,16,3,Saturday,No,0,0,0.01
CRIMINAL DAMAGE,11,14,Monday,No,0,0,0.12731828535928763
CRIMINAL TRESPASS,3,16,Friday,Yes,0,0,0.03
MOTOR VEHICLE THEFT,9,22,Saturday,No,0,0,0.0
CRIMINAL DAMAGE,3,20,Friday,No,0,0,0.007318285359287638
THEFT,8,17,Friday,No,0,0,0.3916233893771956
THEFT,1,20,Thursday,No,0,0,0.13493435393836267
MOTOR VEHICLE THEFT,12,2,Saturday,No,0,0,0.0
DECEPTIVE PRACTICE,12,23,Wednesday,No,0,0,0.0
ASSAULT,1,16,Monday,No,1,0,0.01
NARCOTICS,10,17,Wednesday,No,1,1,1.0
BATTERY,11,19,Tuesday,Yes,0,0,0.01942441886306058
BURGLARY,3,17,Saturday,No,0,0,0.0
MOTOR VEHICLE THEFT,15,15,Sunday,No,0,0,0.0
THEFT,18,11,Tuesday,No,0,0,0.26610819901661215
THEFT,2,8,Thursday,No,0,0,0.014904539183153822
DECEPTIVE PRACTICE,5,9,Saturday,No,0,0,0.016903025230180557
CRIMINAL DAMAGE,9,23,Saturday,No,0,0,0.008451512615090279
CRIMINAL DAMAGE,12,9,Wednesday,No,0,0,0.008451512615090279
CRIMINAL DAMAGE,17,10,Saturday,No,0,0,0.45
DECEPTIVE PRACTICE,6,0,Monday,No,0,0,0.0
THEFT,14,5,Saturday,No,0,0,0.0
THEFT,10,17,Wednesday,No,1,0,0.0
CRIMINAL DAMAGE,1,17,Wednesday,No,0,0,0.0
THEFT,2,7,Wednesday,No,0,0,0.01
NARCOTICS,7,22,Thursday,No,1,1,0.9676122928626439
CRIMINAL DAMAGE,9,17,Friday,No,0,0,0.0
THEFT,22,8,Thursday,No,0,1,0.5603061534362005
OTHER OFFENSE,14,2,Sunday,No,1,1,0.5325168320457978
INTIMIDATION,3,20,Wednesday,Yes,0,0,0.03
BATTERY,11,10,Tuesday,No,0,0,0.0
CRIMINAL TRESPASS,1,11,Tuesday,No,0,1,0.9178441817879142
DECEPTIVE PRACTICE,15,9,Wednesday,No,0,0,0.0
BATTERY,14,16,Friday,No,0,0,0.06385979163113632
ASSAULT,1,22,Saturday,No,0,0,0.06690302523018056
MOTOR VEHICLE THEFT,4,17,Saturday,No,0,0,0.0
THEFT,9,8,Tuesday,No,0,0,0.2497548694268141
NARCOTICS,4,17,Monday,No,1,1,0.9973182853592877
BURGLARY,12,0,Wednesday,No,0,0,0.018451512615090277
BATTERY,16,22,Saturday,Yes,0,0,0.23980775023214204
BATTERY,7,18,Wednesday,Yes,0,1,0.5656885796780038
DECEPTIVE PRACTICE,12,15,Wednesday,No,0,1,0.5870476666813835
BATTERY,7,18,Tuesday,Yes,1,0,0.0697743838178296
ROBBERY,2,3,Saturday,No,0,0,0.01
NARCOTICS,25,9,Thursday,No,1,1,0.8146618629923595
OTHER OFFENSE,15,16,Sunday,Yes,1,0,0.0533560517982441
ASSAULT,6,17,Monday,Yes,0,0,0.04761229286264391
BATTERY,3,11,Tuesday,Yes,0,0,0.0
PUBLIC PEACE VIOLATION,25,19,Saturday,No,0,0,0.4350810288389155
MOTOR VEHICLE THEFT,8,15,Wednesday,No,0,0,0.05897230919901877
THEFT,14,12,Tuesday,No,0,0,0.006453026568063545
MOTOR VEHICLE THEFT,11,21,Saturday,No,0,0,0.01
OTHER OFFENSE,1,9,Saturday,No,0,0,0.08
OTHER OFFENSE,20,20,Friday,No,0,0,0.2705098649045242
WEAPONS VIOLATION,1,13,Thursday,No,1,1,0.99
CONCEALED CARRY LICENSE VIOLATION,16,7,Saturday,No,1,1,0.95
BURGLARY,14,17,Sunday,No,0,0,0.0
BATTERY,17,17,Tuesday,Yes,0,1,0.6590119027592362
DECEPTIVE PRACTICE,18,2,Thursday,No,0,0,0.0
MOTOR VEHICLE THEFT,2,15,Sunday,No,1,0,0.030324934294403475
THEFT,8,11,Tuesday,No,0,0,0.38676407727322676
CRIMINAL DAMAGE,12,9,Wednesday,No,0,0,0.008451512615090279
OTHER OFFENSE,19,20,Wednesday,Yes,0,0,0.1
THEFT,1,5,Monday,No,0,0,0.0
CRIMINAL TRESPASS,18,2,Thursday,No,0,0,0.20845151261509026
CRIMINAL TRESPASS,25,14,Friday,No,1,1,0.6196184661892182
ASSAULT,25,21,Monday,No,0,1,0.8012534607280903
CRIMINAL DAMAGE,4,19,Wednesday,Yes,0,0,0.026295694403004378
THEFT,18,10,Wednesday,No,0,0,0.0
NARCOTICS,8,20,Monday,No,1,1,0.99
CRIMINAL DAMAGE,22,19,Sunday,No,0,0,0.0
OTHER OFFENSE,19,0,Tuesday,No,0,0,0.09608462186036361
WEAPONS VIOLATION,2,17,Saturday,No,1,0,0.35
THEFT,10,19,Wednesday,No,0,0,0.0
THEFT,18,20,Wednesday,No,0,1,0.5317562295971122
CRIMINAL TRESPASS,12,14,Saturday,No,0,0,0.04
THEFT,9,6,Monday,No,0,0,0.008911490291670168
BATTERY,9,7,Friday,Yes,0,0,0.29
THEFT,1,18,Tuesday,No,0,0,0.2591383300024631
ASSAULT,12,0,Tuesday,No,0,0,0.09584881466908607
OTHER OFFENSE,1,10,Tuesday,No,0,0,0.02
THEFT,4,12,Sunday,No,0,0,0.0
BATTERY,10,0,Sunday,Yes,0,0,0.03490453918315382
CRIMINAL DAMAGE,22,12,Monday,No,0,0,0.0
NARCOTICS,11,7,Sunday,No,1,1,1.0
THEFT,18,0,Sunday,No,0,0,0.0
MOTOR VEHICLE THEFT,14,18,Monday,No,0,0,0.0
NARCOTICS,16,20,Saturday,No,1,1,0.85
THEFT,8,14,Sunday,No,0,0,0.0
CRIMINAL DAMAGE,7,15,Tuesday,No,0,0,0.02
BURGLARY,6,4,Thursday,No,0,0,0.01
NARCOTICS,5,22,Friday,No,1,1,0.9036760983403782
MOTOR VEHICLE THEFT,9,4,Monday,No,0,0,0.0
THEFT,8,6,Tuesday,No,0,0,0.016092840825826474
OTHER OFFENSE,11,19,Thursday,Yes,0,0,0.0551942168374385
BURGLARY,25,2,Thursday,No,0,0,0.0
CRIMINAL TRESPASS,20,13,Sunday,No,0,1,0.6867651217793522
ASSAULT,16,9,Wednesday,No,1,1,0.5695088437405176
MOTOR VEHICLE THEFT,3,21,Sunday,No,0,0,0.008451512615090279
OTHER OFFENSE,7,23,Sunday,No,0,0,0.02
ASSAULT,15,23,Saturday,No,0,0,0.04
WEAPONS VIOLATION,15,19,Wednesday,No,0,1,0.8545153180928245
THEFT,1,16,Monday,No,0,0,0.48175593808606526
CRIMINAL DAMAGE,2,23,Friday,No,0,0,0.0
BURGLARY,4,16,Tuesday,No,0,0,0.0
MOTOR VEHICLE THEFT,25,7,Friday,No,0,0,0.01
CRIMINAL DAMAGE,19,9,Tuesday,No,0,0,0.0
BATTERY,15,16,Thursday,Yes,1,0,0.078995897652639
ASSAULT,22,17,Sunday,No,0,0,0.17845151261509026
ASSAULT,9,21,Sunday,No,0,0,0.01
THEFT,12,13,Saturday,No,1,0,0.4147444318542675
MOTOR VEHICLE THEFT,22,4,Monday,No,0,0,0.0
BURGLARY,11,12,Friday,No,0,0,0.0
CRIMINAL DAMAGE,5,15,Saturday,Yes,0,0,0.05787593147815086
BATTERY,15,16,Wednesday,No,0,0,0.08313280088113836
PUBLIC INDECENCY,1,12,Monday,No,1,1,0.5774309493424246
ROBBERY,14,22,Saturday,No,0,0,0.02942441886306058
MOTOR VEHICLE THEFT,18,13,Thursday,No,0,0,0.0
THEFT,14,15,Wednesday,No,0,0,0.37707149686931857
WEAPONS VIOLATION,4,20,Sunday,No,1,1,0.72
CRIMINAL DAMAGE,2,23,Friday,No,0,0,0.0
DECEPTIVE PRACTICE,16,18,Monday,No,0,0,0.0
CRIMINAL SEXUAL ASSAULT,24,5,Saturday,No,0,0,0.02
BATTERY,12,12,Tuesday,Yes,0,0,0.02872161895360316
BURGLARY,2,2,Monday,No,0,0,0.01
BATTERY,5,0,Thursday,Yes,0,1,0.7496434983450158
CRIMINAL TRESPASS,18,3,Saturday,No,1,1,0.8018111068469537
THEFT,24,11,Wednesday,No,0,0,0.48820815673475687
CRIMINAL DAMAGE,7,8,Thursday,Yes,0,0,0.01
BURGLARY,18,18,Tuesday,No,0,0,0.015769797974377914
DECEPTIVE PRACTICE,16,0,Tuesday,No,0,0,0.0
BURGLARY,24,8,Monday,No,0,0,0.0
THEFT,20,18,Sunday,No,1,0,0.0
ASSAULT,14,10,Tuesday,No,0,0,0.0576122928626439
CRIMINAL DAMAGE,5,21,Wednesday,No,1,0,0.0
DECEPTIVE PRACTICE,8,8,Wednesday,No,0,1,0.63
WEAPONS VIOLATION,11,0,Thursday,No,0,1,0.86
DECEPTIVE PRACTICE,19,18,Tuesday,No,0,0,0.0
BURGLARY,3,14,Sunday,No,0,0,0.0
THEFT,18,9,Monday,No,0,0,0.017004962035467724
THEFT,3,22,Tuesday,No,0,0,0.0
CRIMINAL DAMAGE,1,13,Thursday,No,0,0,0.16504747178023144
ASSAULT,18,6,Wednesday,No,0,1,0.5030765058482786
BATTERY,5,0,Thursday,No,0,0,0.2621276109554683
THEFT,8,18,Tuesday,No,0,0,0.41710379222940935
CRIMINAL DAMAGE,14,13,Monday,Yes,0,0,0.018911490291670167
OTHER OFFENSE,25,20,Monday,Yes,0,0,0.008911490291670168
THEFT,25,17,Sunday,No,1,0,0.20988201308385293
OTHER OFFENSE,25,9,Sunday,Yes,0,0,0.37212195751992433
BATTERY,3,0,Wednesday,Yes,0,0,0.0
BURGLARY,17,20,Tuesday,No,0,1,0.5384515126150903
BATTERY,4,6,Friday,Yes,0,0,0.1357229105673151
MOTOR VEHICLE THEFT,22,22,Friday,No,0,0,0.0
THEFT,2,8,Tuesday,No,0,0,0.0
THEFT,2,11,Monday,No,0,0,0.015354974261652707
BATTERY,7,23,Tuesday,Yes,0,0,0.0392107690607109
MOTOR VEHICLE THEFT,4,20,Friday,No,0,0,0.0
THEFT,2,12,Sunday,No,0,0,0.4588082617054394
ASSAULT,24,7,Friday,No,0,0,0.06
THEFT,18,18,Tuesday,No,0,0,0.3082088375596768
BATTERY,17,13,Saturday,Yes,0,0,0.0
THEFT,8,7,Tuesday,No,0,0,0.012545867393890018
NARCOTICS,11,15,Thursday,No,1,1,1.0
DECEPTIVE PRACTICE,16,9,Friday,No,0,0,0.0
CRIMINAL DAMAGE,6,5,Saturday,Yes,0,0,0.0
THEFT,5,0,Tuesday,No,0,0,0.0
THEFT,9,18,Monday,No,0,0,0.0
NARCOTICS,15,12,Sunday,No,1,1,0.6807866187244477
DECEPTIVE PRACTICE,4,10,Thursday,No,0,0,0.0
NARCOTICS,22,20,Saturday,No,1,1,0.9695620117022357
BATTERY,8,9,Monday,No,0,0,0.007318285359287638
MOTOR VEHICLE THEFT,16,16,Monday,No,0,0,0.0
ASSAULT,6,16,Thursday,Yes,1,0,0.026903025230180556
OTHER OFFENSE,10,15,Saturday,Yes,0,0,0.02
CRIMINAL DAMAGE,3,0,Monday,No,0,0,0.0
BATTERY,7,6,Saturday,Yes,0,0,0.02942441886306058
BATTERY,15,2,Saturday,Yes,0,1,0.6263004034896327
OTHER OFFENSE,2,4,Tuesday,Yes,0,0,0.07519421683743849
CRIMINAL DAMAGE,12,9,Friday,No,0,0,0.0
THEFT,10,20,Tuesday,No,1,0,0.006453026568063544
MOTOR VEHICLE THEFT,4,20,Sunday,No,0,0,0.0
CRIMINAL TRESPASS,3,7,Tuesday,No,0,1,0.65
OTHER OFFENSE,25,12,Thursday,No,0,0,0.11880479990729331
DECEPTIVE PRACTICE,18,17,Saturday,No,0,0,0.0
WEAPONS VIOLATION,12,23,Friday,No,1,1,0.9164530265680635
THEFT,6,20,Sunday,No,0,0,0.011671958857807323
BATTERY,17,2,Friday,No,0,0,0.05536451685973371
NARCOTICS,7,16,Monday,No,1,1,0.55
CRIMINAL DAMAGE,6,9,Friday,No,0,0,0.0
BATTERY,6,9,Thursday,Yes,0,1,0.5456304957944024
BATTERY,8,23,Friday,Yes,0,1,0.8623977988229625
ASSAULT,6,9,Tuesday,Yes,0,0,0.0
NARCOTICS,8,13,Tuesday,No,1,1,0.9684515126150903
DECEPTIVE PRACTICE,3,6,Wednesday,No,0,0,0.0
NARCOTICS,11,15,Thursday,No,1,1,1.0
CRIMINAL SEXUAL ASSAULT,17,19,Tuesday,Yes,0,0,0.056453026568063544
BATTERY,3,10,Friday,Yes,0,0,0.05900833192502735
DECEPTIVE PRACTICE,4,9,Monday,No,0,0,0.0
BATTERY,6,16,Monday,No,0,0,0.3944790816833726
THEFT,24,18,Sunday,No,0,0,0.0
THEFT,2,11,Tuesday,No,0,0,0.45382578785102884
BATTERY,7,23,Saturday,Yes,0,1,0.7661530274445902
CRIMINAL DAMAGE,6,18,Saturday,No,0,0,0.0
THEFT,2,17,Tuesday,No,0,0,0.47195990629782025
BATTERY,22,6,Friday,Yes,0,0,0.018451512615090277
DECEPTIVE PRACTICE,10,0,Monday,No,0,0,0.0
BATTERY,3,2,Thursday,Yes,0,0,0.058410849428356754
OTHER OFFENSE,5,8,Friday,No,0,0,0.2926849242936553
MOTOR VEHICLE THEFT,2,19,Saturday,No,0,0,0.0
MOTOR VEHICLE THEFT,17,12,Wednesday,No,0,0,0.16075943119581967
BATTERY,5,19,Friday,Yes,0,0,0.019160780247553626
THEFT,24,17,Thursday,No,0,0,0.0
THEFT,18,11,Monday,No,0,0,0.006717779749081232
MOTOR VEHICLE THEFT,24,17,Tuesday,No,0,0,0.0
DECEPTIVE PRACTICE,1,12,Monday,No,0,0,0.0
THEFT,22,16,Thursday,No,0,0,0.0
THEFT,1,19,Wednesday,No,0,0,0.0
ASSAULT,25,23,Friday,No,1,0,0.009562011702235602
THEFT,12,11,Friday,No,0,1,0.7532213202607327
BURGLARY,25,2,Sunday,Yes,0,0,0.07845151261509029
BURGLARY,4,17,Wednesday,No,0,0,0.0
CRIMINAL DAMAGE,2,12,Monday,Yes,0,0,0.03
THEFT,16,7,Wednesday,No,0,0,0.017318285359287637
BURGLARY,17,9,Saturday,No,0,0,0.0378441817879141
ROBBERY,15,2,Friday,No,0,0,0.05
DECEPTIVE PRACTICE,15,9,Monday,No,0,0,0.0
BATTERY,8,0,Wednesday,Yes,0,0,0.38712456553137625
THEFT,19,7,Friday,No,0,0,0.0
BATTERY,20,16,Tuesday,Yes,0,0,0.4902243061821274
THEFT,19,8,Saturday,No,0,0,0.008451512615090279
NARCOTICS,25,11,Friday,No,1,1,0.9995620117022357
MOTOR VEHICLE THEFT,3,20,Friday,No,0,0,0.018019066400357938
THEFT,8,7,Tuesday,No,0,0,0.012545867393890018
THEFT,2,9,Friday,No,0,0,0.0
ROBBERY,11,7,Thursday,No,0,0,0.05
MOTOR VEHICLE THEFT,11,15,Wednesday,No,0,0,0.007318285359287638
BATTERY,11,17,Sunday,Yes,0,1,0.5071949406440562
THEFT,7,8,Monday,No,0,0,0.0
THEFT,11,5,Friday,No,0,0,0.01
BURGLARY,7,9,Saturday,No,1,0,0.01
CRIMINAL DAMAGE,12,16,Thursday,No,0,0,0.0
CRIMINAL DAMAGE,22,13,Saturday,No,0,0,0.0
THEFT,2,20,Sunday,No,0,0,0.35914017402806586
BATTERY,24,20,Saturday,Yes,0,0,0.0
ASSAULT,20,12,Thursday,Yes,0,0,0.06787593147815085
CRIMINAL DAMAGE,24,18,Monday,No,0,0,0.04581407613607616
DECEPTIVE PRACTICE,6,2,Sunday,No,0,0,0.03
THEFT,9,15,Friday,No,0,0,0.31434797585650026
MOTOR VEHICLE THEFT,4,23,Friday,No,0,0,0.0
BATTERY,24,19,Friday,No,0,0,0.04054438503754871
CRIMINAL DAMAGE,2,19,Tuesday,No,0,0,0.0
THEFT,10,22,Tuesday,No,0,0,0.11055375532874599
BATTERY,5,23,Sunday,Yes,0,0,0.48077207798081933
ASSAULT,6,15,Saturday,No,0,0,0.0
BATTERY,25,18,Tuesday,No,0,0,0.0
THEFT,1,14,Friday,No,0,1,0.6007061618435207
BURGLARY,16,23,Wednesday,No,0,1,0.5265073857484484
BATTERY,3,13,Sunday,Yes,1,0,0.00685847363058561
BATTERY,7,2,Saturday,Yes,0,0,0.038966598547559725
ASSAULT,6,23,Tuesday,No,1,0,0.014636570718575275
NARCOTICS,24,20,Thursday,No,1,1,0.8633820908370218
ASSAULT,18,9,Wednesday,No,1,0,0.42942441886306054
THEFT,2,9,Thursday,No,0,0,0.0
OFFENSE INVOLVING CHILDREN,15,19,Monday,Yes,0,0,0.09
BATTERY,25,19,Sunday,No,0,1,0.7768354227051555
THEFT,1,13,Tuesday,No,0,0,0.0
OFFENSE INVOLVING CHILDREN,15,0,Wednesday,Yes,0,1,0.5528315122218274
MOTOR VEHICLE THEFT,11,22,Monday,No,0,0,0.2291267898779306
BATTERY,25,18,Friday,No,0,1,0.6064667504763307
OTHER OFFENSE,11,17,Friday,No,0,1,0.6452166842242179
THEFT,24,20,Wednesday,No,0,1,0.5858699965994358
THEFT,11,14,Saturday,No,0,0,0.0
THEFT,20,7,Tuesday,No,0,0,0.009160780247553625
THEFT,14,15,Monday,No,0,0,0.0
OTHER OFFENSE,18,0,Thursday,Yes,0,0,0.10196938334138289
WEAPONS VIOLATION,9,11,Monday,No,0,1,0.65
BATTERY,15,21,Monday,No,0,0,0.02703671172570448
BURGLARY,6,1,Wednesday,No,0,0,0.0
THEFT,3,0,Sunday,No,0,0,0.0
BATTERY,6,8,Thursday,Yes,0,0,0.0
DECEPTIVE PRACTICE,10,21,Monday,No,0,0,0.007318285359287636
MOTOR VEHICLE THEFT,17,8,Thursday,No,1,0,0.01
THEFT,1,18,Thursday,No,0,0,0.3358845677575841
MOTOR VEHICLE THEFT,5,15,Monday,No,0,0,0.01
OTHER OFFENSE,19,18,Tuesday,Yes,0,0,0.17784418178791409
THEFT,22,13,Wednesday,No,0,0,0.02076224590791387
MOTOR VEHICLE THEFT,3,4,Monday,No,0,0,0.0
BATTERY,9,0,Sunday,Yes,1,1,0.5486478679562394
THEFT,19,9,Tuesday,Yes,0,0,0.03
MOTOR VEHICLE THEFT,16,16,Saturday,No,0,0,0.0
BATTERY,12,10,Monday,No,0,1,0.7696598689542956
STALKING,1,13,Monday,No,0,0,0.08032366233046302
THEFT,9,15,Saturday,No,0,0,0.0
THEFT,24,1,Monday,No,0,0,0.01
MOTOR VEHICLE THEFT,12,23,Thursday,No,0,0,0.0
ASSAULT,15,11,Wednesday,Yes,0,0,0.01
ASSAULT,9,15,Monday,No,0,0,0.01
MOTOR VEHICLE THEFT,8,3,Sunday,No,0,0,0.0
CRIMINAL DAMAGE,12,18,Tuesday,No,0,0,0.0
THEFT,1,14,Friday,No,0,1,0.6007061618435207
BATTERY,3,13,Monday,Yes,0,0,0.006453026568063544
WEAPONS VIOLATION,25,9,Tuesday,No,1,1,0.51
MOTOR VEHICLE THEFT,25,20,Saturday,No,0,0,0.0
CRIMINAL DAMAGE,12,17,Sunday,No,0,0,0.0
BATTERY,9,16,Saturday,Yes,0,1,0.7623757380708931
THEFT,6,12,Thursday,No,0,0,0.32451161169582604
CRIMINAL DAMAGE,5,3,Tuesday,No,0,0,0.0
BATTERY,7,12,Friday,Yes,0,0,0.04143199331034912
ASSAULT,5,14,Sunday,No,1,0,0.11319871963318492
THEFT,16,22,Tuesday,Yes,0,0,0.05688029706152324
MOTOR VEHICLE THEFT,9,9,Wednesday,No,0,0,0.0
BATTERY,1,22,Friday,Yes,1,0,0.04421429936393143
BURGLARY,3,21,Monday,No,0,0,0.01
ASSAULT,6,13,Sunday,No,0,0,0.050533243182627
THEFT,4,4,Friday,No,0,0,0.0
OTHER OFFENSE,2,23,Tuesday,No,0,0,0.01
BATTERY,19,15,Thursday,No,0,0,0.0
THEFT,18,13,Monday,No,0,0,0.41372162656154143
CRIMINAL DAMAGE,14,18,Tuesday,No,0,0,0.0
NARCOTICS,10,7,Monday,No,1,1,0.94
CRIMINAL DAMAGE,25,19,Saturday,Yes,0,0,0.0
ASSAULT,4,16,Monday,No,0,0,0.01
BURGLARY,11,17,Sunday,No,0,0,0.01
THEFT,5,18,Monday,No,1,1,0.6689044790661334
THEFT,6,17,Wednesday,No,0,0,0.0
BATTERY,7,12,Tuesday,Yes,0,0,0.48952125599224844
ROBBERY,25,10,Tuesday,No,1,0,0.016453026568063543
ROBBERY,5,5,Sunday,No,0,0,0.03
CRIMINAL DAMAGE,15,4,Sunday,No,0,0,0.0
BATTERY,5,9,Wednesday,No,1,0,0.037318285359287634
ASSAULT,1,1,Thursday,No,0,0,0.26118659275879086
NARCOTICS,4,20,Thursday,No,1,1,0.6557697979743778
WEAPONS VIOLATION,3,22,Wednesday,No,1,1,0.99
BURGLARY,12,5,Sunday,No,0,0,0.0
CRIMINAL DAMAGE,7,12,Friday,No,0,0,0.01
CRIMINAL DAMAGE,16,20,Sunday,No,0,0,0.0
OTHER OFFENSE,4,0,Monday,No,0,1,0.5351751511400863
BATTERY,5,22,Wednesday,No,0,0,0.08787593147815087
CRIMINAL DAMAGE,19,7,Tuesday,Yes,0,0,0.03
ASSAULT,8,17,Tuesday,No,0,0,0.0
OTHER OFFENSE,10,7,Monday,No,0,0,0.0
BATTERY,1,1,Wednesday,No,0,1,0.5153702653871408
DECEPTIVE PRACTICE,7,6,Saturday,No,0,0,0.0
OTHER OFFENSE,5,12,Wednesday,No,1,1,0.9791269195553922
THEFT,6,7,Friday,No,0,0,0.018451512615090277
CRIMINAL DAMAGE,22,16,Sunday,No,0,0,0.0
ASSAULT,25,23,Saturday,No,0,0,0.09784418178791411
BATTERY,3,15,Wednesday,No,1,0,0.02845151261509028
BATTERY,6,0,Sunday,Yes,0,1,0.5013877901630037
DECEPTIVE PRACTICE,25,14,Thursday,No,0,0,0.0
ASSAULT,24,18,Saturday,No,1,0,0.06
BATTERY,17,20,Thursday,Yes,0,0,0.11519832671442759
MOTOR VEHICLE THEFT,16,9,Saturday,No,0,0,0.09802271591633638
STALKING,2,18,Wednesday,Yes,0,0,0.01629569440300438
ASSAULT,5,14,Friday,Yes,0,0,0.13
DECEPTIVE PRACTICE,8,12,Tuesday,No,0,0,0.0
THEFT,8,2,Thursday,No,0,0,0.0
BATTERY,3,18,Thursday,No,0,1,0.5051818561495777
ASSAULT,4,0,Monday,No,1,0,0.01
BATTERY,18,4,Sunday,No,0,0,0.0
DECEPTIVE PRACTICE,2,12,Saturday,No,0,0,0.0
OTHER OFFENSE,10,10,Thursday,Yes,0,0,0.018451512615090277
CRIMINAL DAMAGE,16,8,Monday,No,0,0,0.0
OTHER OFFENSE,1,10,Monday,Yes,1,0,0.0
CRIMINAL DAMAGE,11,1,Thursday,No,0,0,0.0
BATTERY,24,16,Friday,Yes,1,0,0.08729578875412916
MOTOR VEHICLE THEFT,3,9,Wednesday,No,0,0,0.0
BATTERY,3,16,Saturday,Yes,1,1,0.714832627590137
ROBBERY,16,0,Sunday,No,0,0,0.03
ROBBERY,25,22,Wednesday,No,0,0,0.01
OTHER OFFENSE,22,10,Thursday,No,0,0,0.33898762045626285
OTHER OFFENSE,14,15,Friday,Yes,0,1,0.59
THEFT,7,13,Tuesday,No,0,0,0.0
THEFT,15,6,Tuesday,No,0,0,0.0
THEFT,24,20,Thursday,No,0,0,0.0
THEFT,8,20,Wednesday,No,1,0,0.0
BURGLARY,2,0,Wednesday,No,0,0,0.0
BURGLARY,3,23,Saturday,No,0,0,0.019160780247553626
BATTERY,19,22,Tuesday,Yes,0,1,0.5395972590303503
BATTERY,25,20,Monday,No,0,0,0.035091581234315015
WEAPONS VIOLATION,4,22,Thursday,No,1,1,0.99
BATTERY,19,16,Friday,No,0,1,0.7616282544724103
BATTERY,1,23,Tuesday,No,1,0,0.02832284826378466
THEFT,14,5,Tuesday,No,0,0,0.02222282454244146
OTHER OFFENSE,1,8,Saturday,No,0,0,0.08
CRIMINAL DAMAGE,1,23,Monday,No,0,0,0.0
MOTOR VEHICLE THEFT,12,6,Friday,No,0,0,0.0
THEFT,12,15,Wednesday,No,0,0,0.0
THEFT,4,19,Monday,No,0,0,0.057163478780295644
BATTERY,24,18,Sunday,No,0,0,0.22685860784556433
BATTERY,7,19,Saturday,No,0,0,0.1
MOTOR VEHICLE THEFT,6,16,Friday,No,0,0,0.0
THEFT,16,14,Wednesday,No,0,0,0.038585199110614206
MOTOR VEHICLE THEFT,14,10,Friday,No,0,0,0.06576979797437792
DECEPTIVE PRACTICE,14,11,Sunday,No,0,0,0.0
THEFT,1,3,Saturday,No,0,0,0.014176758989873245
PUBLIC PEACE VIOLATION,25,14,Wednesday,No,1,0,0.34463657071857523
OTHER OFFENSE,25,15,Tuesday,No,0,0,0.018986430565296183
BURGLARY,3,12,Friday,No,0,0,0.0
WEAPONS VIOLATION,12,19,Saturday,No,1,1,0.99
NARCOTICS,11,8,Monday,No,1,1,0.99
BATTERY,25,7,Tuesday,Yes,0,1,0.6957697979743779
CRIMINAL DAMAGE,8,22,Wednesday,No,0,0,0.0
MOTOR VEHICLE THEFT,22,20,Saturday,No,0,0,0.008451512615090279
THEFT,8,14,Saturday,No,0,0,0.2604541202295872
THEFT,2,13,Saturday,No,0,0,0.4063659081412921
BURGLARY,18,18,Saturday,No,0,0,0.0
DECEPTIVE PRACTICE,18,12,Saturday,No,0,0,0.0
OTHER OFFENSE,1,21,Friday,No,0,0,0.1757697979743779
CRIMINAL DAMAGE,3,8,Monday,No,0,0,0.0
CRIMINAL DAMAGE,4,11,Saturday,No,0,0,0.0
NARCOTICS,5,19,Tuesday,No,1,1,0.9962297756509578
ASSAULT,17,12,Tuesday,No,0,0,0.10883856548757982
OTHER OFFENSE,8,10,Monday,No,0,0,0.02
CRIMINAL DAMAGE,4,4,Friday,No,0,0,0.0
THEFT,9,18,Friday,No,0,0,0.0
ASSAULT,8,9,Wednesday,Yes,0,0,0.02845151261509028
THEFT,24,12,Tuesday,No,0,0,0.030674337157531734
MOTOR VEHICLE THEFT,2,0,Monday,No,0,0,0.0
ASSAULT,9,12,Sunday,Yes,0,0,0.03845151261509028
DECEPTIVE PRACTICE,17,21,Thursday,No,0,0,0.017318285359287637
THEFT,1,12,Thursday,No,0,1,0.5126523118358856
DECEPTIVE PRACTICE,22,8,Saturday,No,0,0,0.0
BATTERY,22,22,Monday,Yes,0,0,0.05
MOTOR VEHICLE THEFT,1,17,Sunday,No,0,0,0.0
BATTERY,20,8,Friday,Yes,0,0,0.43611015027205935
THEFT,8,12,Thursday,No,0,0,0.0
CRIMINAL DAMAGE,5,1,Thursday,No,0,0,0.01
CRIMINAL DAMAGE,22,4,Tuesday,No,0,0,0.0
OFFENSE INVOLVING CHILDREN,16,15,Friday,Yes,0,0,0.12093320522688822
THEFT,18,14,Friday,No,0,1,0.6299020950942085
BATTERY,12,23,Tuesday,No,0,0,0.08044173204685036
MOTOR VEHICLE THEFT,25,0,Sunday,No,1,0,0.007318285359287636
BATTERY,5,1,Tuesday,No,1,0,0.47690302523018063
THEFT,20,16,Wednesday,No,0,0,0.052740769640222604
OTHER OFFENSE,16,13,Tuesday,Yes,0,0,0.11429720835597765
THEFT,1,9,Tuesday,No,0,0,0.46680227674955227
CRIMINAL DAMAGE,3,11,Monday,No,0,0,0.0
ASSAULT,18,11,Saturday,No,0,0,0.01
BATTERY,8,13,Saturday,No,0,0,0.0
ASSAULT,25,0,Tuesday,Yes,0,1,0.6782639018515184
CRIMINAL SEXUAL ASSAULT,3,20,Friday,No,0,0,0.01
THEFT,18,15,Tuesday,No,0,0,0.49366405624835397
BATTERY,8,16,Sunday,No,1,0,0.06244260588025548
THEFT,19,15,Saturday,No,1,0,0.0
THEFT,9,6,Wednesday,No,0,0,0.0
DECEPTIVE PRACTICE,6,22,Wednesday,Yes,0,0,0.006453026568063544
THEFT,2,12,Monday,No,0,0,0.0
BATTERY,10,10,Sunday,Yes,0,1,0.5543797125372975
ASSAULT,9,15,Sunday,No,0,0,0.04406098958163586
CRIMINAL DAMAGE,18,1,Monday,No,0,0,0.09047369069080649
OTHER OFFENSE,2,14,Sunday,Yes,0,0,0.03
ASSAULT,24,3,Wednesday,No,1,1,0.52
DECEPTIVE PRACTICE,7,19,Sunday,No,0,0,0.05
THEFT,1,21,Tuesday,No,0,0,0.18716851626900977
BATTERY,18,3,Friday,No,0,0,0.01
CRIMINAL DAMAGE,18,4,Saturday,No,0,0,0.0
THEFT,9,15,Thursday,No,0,1,0.5318295027510224
OTHER OFFENSE,5,23,Sunday,Yes,0,0,0.17629569440300435
BATTERY,2,0,Saturday,No,0,1,0.6785941409149765
BURGLARY,6,9,Wednesday,No,0,0,0.017318285359287637
ARSON,11,21,Sunday,No,0,0,0.07
CRIMINAL DAMAGE,17,19,Saturday,No,0,0,0.0
CRIMINAL DAMAGE,18,17,Saturday,No,0,0,0.0
WEAPONS VIOLATION,1,21,Sunday,No,1,1,1.0
THEFT,1,13,Saturday,No,0,0,0.43119862134461934
CRIMINAL DAMAGE,10,17,Wednesday,No,0,0,0.0
OTHER OFFENSE,16,10,Sunday,Yes,0,0,0.03
THEFT,1,16,Saturday,No,1,1,0.6710049368979621
BATTERY,25,17,Tuesday,Yes,0,0,0.2682812156002944
BATTERY,6,2,Tuesday,Yes,0,0,0.0
THEFT,25,15,Tuesday,No,1,1,0.6362204107037692
BURGLARY,9,19,Sunday,No,0,0,0.0
THEFT,1,16,Wednesday,No,0,0,0.3909359332505378
CRIMINAL TRESPASS,4,9,Tuesday,No,0,0,0.24293209217490477
BATTERY,16,6,Thursday,No,0,0,0.046479065606841265
BATTERY,14,13,Saturday,Yes,0,0,0.16810817570495257
BATTERY,12,20,Wednesday,Yes,0,1,0.5825990960915547
OTHER OFFENSE,8,8,Tuesday,Yes,0,0,0.22
MOTOR VEHICLE THEFT,14,19,Sunday,No,0,0,0.0
CRIMINAL TRESPASS,2,2,Sunday,No,0,0,0.39700496203546776
DECEPTIVE PRACTICE,1,9,Monday,No,0,0,0.006453026568063544
BATTERY,8,4,Thursday,No,0,0,0.01
THEFT,1,13,Friday,No,0,1,0.6354428431554923
THEFT,10,17,Saturday,No,0,0,0.06301578241587166
MOTOR VEHICLE THEFT,22,10,Sunday,No,0,0,0.0
ASSAULT,17,0,Wednesday,No,0,0,0.32589534119713476
THEFT,12,14,Tuesday,No,0,0,0.0
BATTERY,11,2,Sunday,No,0,0,0.09012518684841554
THEFT,17,11,Sunday,No,0,0,0.06020084150045145
BATTERY,5,20,Tuesday,Yes,1,0,0.0
NARCOTICS,10,19,Sunday,No,1,1,0.99
MOTOR VEHICLE THEFT,22,23,Thursday,No,0,0,0.0
BATTERY,9,9,Wednesday,Yes,0,0,0.0
BATTERY,12,16,Tuesday,No,1,1,0.5768955140057828
ROBBERY,24,14,Sunday,No,0,0,0.0
ASSAULT,8,8,Thursday,No,0,0,0.019160780247553626
ASSAULT,16,18,Friday,Yes,0,1,0.7588210352558873
BATTERY,12,4,Saturday,Yes,0,0,0.03
CRIMINAL TRESPASS,1,14,Thursday,No,0,0,0.23892329283374703
CRIMINAL DAMAGE,4,21,Sunday,No,0,0,0.0
ASSAULT,8,9,Sunday,Yes,0,0,0.04845151261509027
BATTERY,12,17,Wednesday,No,0,0,0.15899589765263897
BATTERY,3,23,Monday,Yes,0,0,0.026986269750690548
DECEPTIVE PRACTICE,16,10,Tuesday,No,0,0,0.0
BATTERY,4,8,Wednesday,Yes,0,0,0.03162844418492646
WEAPONS VIOLATION,20,19,Monday,No,0,1,0.74
MOTOR VEHICLE THEFT,11,18,Tuesday,No,0,0,0.0
BATTERY,24,21,Friday,Yes,1,1,0.5607335411521263
BATTERY,22,20,Wednesday,No,0,0,0.1257697979743779
BATTERY,16,8,Friday,No,1,0,0.1761625614983265
NARCOTICS,7,14,Saturday,No,1,1,0.7284515126150903
WEAPONS VIOLATION,9,22,Sunday,Yes,1,1,0.6973182853592877
DECEPTIVE PRACTICE,8,13,Sunday,No,0,0,0.0
CRIMINAL DAMAGE,4,2,Wednesday,No,0,0,0.0
ASSAULT,1,19,Sunday,No,0,0,0.19422225069477675
THEFT,14,0,Sunday,No,0,0,0.0
BATTERY,1,23,Saturday,No,0,1,0.6956806965315157
THEFT,18,7,Wednesday,No,1,1,0.6148904806347254
CRIMINAL DAMAGE,3,4,Wednesday,No,0,0,0.01
BATTERY,19,17,Saturday,No,0,0,0.0
THEFT,18,13,Monday,No,0,0,0.41372162656154143
NARCOTICS,4,13,Thursday,No,0,1,0.9597761026297136
MOTOR VEHICLE THEFT,2,16,Wednesday,No,0,0,0.0
OTHER OFFENSE,3,8,Tuesday,No,0,0,0.11
CRIMINAL DAMAGE,5,11,Saturday,Yes,0,0,0.02787593147815086
ASSAULT,5,16,Saturday,No,0,0,0.04845151261509027
MOTOR VEHICLE THEFT,11,19,Friday,No,0,1,0.5244231907938331
CRIMINAL DAMAGE,2,11,Friday,No,0,0,0.0
OTHER OFFENSE,8,13,Sunday,No,0,0,0.05422131058946819
BATTERY,6,16,Wednesday,No,0,0,0.047318285359287636
OFFENSE INVOLVING CHILDREN,24,0,Monday,Yes,0,0,0.08208748175619779
ASSAULT,7,13,Saturday,Yes,0,0,0.0
CRIMINAL TRESPASS,2,15,Sunday,No,0,0,0.2331497475883755
ASSAULT,25,10,Friday,No,0,0,0.44559664455720244
BATTERY,9,9,Friday,No,0,1,0.5022806714079062
CRIMINAL TRESPASS,19,8,Wednesday,No,0,0,0.4533815836106788
THEFT,9,4,Monday,No,0,0,0.0
ASSAULT,2,9,Sunday,No,0,0,0.03845151261509028
THEFT,25,13,Tuesday,No,0,0,0.40253969438244325
THEFT,20,6,Wednesday,No,0,0,0.48660019575604485
DECEPTIVE PRACTICE,17,0,Sunday,No,0,0,0.0
ASSAULT,8,16,Thursday,No,0,0,0.0
ASSAULT,6,15,Friday,Yes,0,0,0.1305186850886469
NARCOTICS,20,20,Saturday,No,1,1,0.9895620117022357
ASSAULT,19,22,Friday,No,0,0,0.028722791949789227
OTHER OFFENSE,25,13,Saturday,Yes,0,0,0.02
ASSAULT,17,16,Monday,No,0,0,0.029562011702235602
OTHER OFFENSE,24,0,Wednesday,No,0,0,0.06648885267938247
OTHER OFFENSE,24,19,Tuesday,No,1,0,0.15871058964351492
OTHER OFFENSE,20,14,Thursday,No,0,0,0.08497529576940437
MOTOR VEHICLE THEFT,19,21,Wednesday,No,0,0,0.0
THEFT,25,10,Tuesday,No,0,0,0.09730003972955811
BATTERY,4,8,Friday,No,0,0,0.0
MOTOR VEHICLE THEFT,12,23,Friday,No,0,0,0.0
BATTERY,14,5,Tuesday,No,0,0,0.05606380547773418
THEFT,24,16,Saturday,No,0,0,0.4369774975650777
BATTERY,2,15,Wednesday,No,0,0,0.02490453918315382
DECEPTIVE PRACTICE,6,7,Monday,Yes,0,0,0.059160780247553627
THEFT,19,9,Saturday,No,0,0,0.0
THEFT,1,14,Wednesday,No,0,0,0.30009583184515704
OTHER OFFENSE,1,15,Wednesday,No,0,0,0.019160780247553626
NARCOTICS,5,20,Thursday,No,1,1,1.0
THEFT,14,9,Thursday,No,0,1,0.8859151778829848
CRIMINAL TRESPASS,19,17,Wednesday,No,0,0,0.08845151261509027
CRIMINAL TRESPASS,16,0,Monday,No,0,1,0.66
THEFT,1,12,Wednesday,No,0,1,0.5084092026845501
PUBLIC PEACE VIOLATION,15,0,Tuesday,No,0,0,0.13
THEFT,17,14,Monday,No,0,1,0.7262540790274886
CRIMINAL DAMAGE,4,19,Friday,No,1,0,0.0
ASSAULT,6,8,Sunday,No,1,1,0.66
CRIMINAL TRESPASS,1,21,Friday,No,0,0,0.17267376330986703
THEFT,2,17,Friday,No,0,0,0.3208331190248761
BATTERY,20,15,Sunday,No,0,0,0.1260909320948209
CRIMINAL DAMAGE,19,22,Saturday,Yes,0,0,0.017318285359287637
THEFT,2,18,Friday,No,0,0,0.0
THEFT,17,17,Tuesday,No,1,1,0.8108896443638608
NARCOTICS,6,13,Friday,No,1,1,0.99
THEFT,2,19,Thursday,No,0,1,0.540317655380454
NARCOTICS,10,21,Wednesday,No,1,1,0.98
ASSAULT,19,10,Thursday,No,0,0,0.0
MOTOR VEHICLE THEFT,3,20,Monday,No,0,0,0.0
BATTERY,24,8,Thursday,No,1,0,0.14521893228974378
BATTERY,18,3,Sunday,No,0,0,0.018081940440961963
CRIMINAL DAMAGE,12,7,Thursday,No,0,0,0.0
DECEPTIVE PRACTICE,3,5,Tuesday,No,0,0,0.01
ROBBERY,24,13,Saturday,No,1,0,0.03
CRIMINAL TRESPASS,12,3,Monday,No,0,0,0.29
CONCEALED CARRY LICENSE VIOLATION,8,9,Saturday,No,1,1,0.9
BATTERY,4,6,Monday,Yes,0,1,0.5464388811807518
THEFT,12,18,Tuesday,No,1,0,0.0
CRIMINAL DAMAGE,9,4,Thursday,No,0,0,0.007318285359287636
DECEPTIVE PRACTICE,14,12,Friday,No,0,0,0.0
BATTERY,3,8,Thursday,Yes,1,1,0.8839135573828852
BATTERY,1,0,Monday,Yes,1,0,0.12406937846421473
DECEPTIVE PRACTICE,17,9,Monday,No,0,0,0.0
THEFT,18,12,Wednesday,No,1,0,0.0
CRIMINAL DAMAGE,7,12,Friday,No,0,0,0.01
MOTOR VEHICLE THEFT,7,22,Friday,No,0,0,0.0
THEFT,6,7,Sunday,No,0,0,0.035488224340794766
THEFT,19,17,Friday,No,0,0,0.47762511782310874
ROBBERY,1,19,Friday,No,0,0,0.08
NARCOTICS,4,22,Sunday,No,1,1,0.97
THEFT,10,12,Wednesday,No,1,0,0.4837076980087465
THEFT,10,9,Sunday,No,0,0,0.01
ASSAULT,16,12,Sunday,No,0,0,0.04
THEFT,10,19,Tuesday,Yes,0,0,0.03
THEFT,3,21,Friday,No,0,0,0.04101205868780171
BATTERY,12,18,Friday,No,1,0,0.01
INTERFERENCE WITH PUBLIC OFFICER,1,19,Monday,No,1,1,0.9887227919497893
OTHER OFFENSE,25,20,Friday,No,0,1,0.96
ASSAULT,15,18,Sunday,Yes,0,0,0.02206643248269086
INTERFERENCE WITH PUBLIC OFFICER,8,23,Friday,No,1,1,0.9191597610940907
MOTOR VEHICLE THEFT,11,14,Saturday,No,0,0,0.0
BATTERY,16,13,Tuesday,No,0,0,0.025769797974377916
OFFENSE INVOLVING CHILDREN,22,0,Thursday,Yes,0,0,0.0
BATTERY,2,22,Tuesday,Yes,0,0,0.1038014053268682
ASSAULT,1,10,Tuesday,No,0,0,0.1786303729086997
BATTERY,24,13,Monday,No,0,0,0.02645302656806354
CRIMINAL TRESPASS,12,10,Thursday,No,0,0,0.40620836096787877
BATTERY,18,20,Tuesday,No,0,0,0.0
THEFT,11,0,Saturday,No,0,0,0.0
OFFENSE INVOLVING CHILDREN,4,19,Monday,Yes,0,1,0.59
MOTOR VEHICLE THEFT,5,7,Monday,No,0,0,0.0
ASSAULT,15,15,Thursday,No,1,0,0.13813422109112314
THEFT,17,18,Tuesday,No,0,0,0.007318285359287638
WEAPONS VIOLATION,4,19,Thursday,No,1,1,0.9385851991106142
CRIMINAL DAMAGE,8,17,Saturday,No,0,0,0.0
THEFT,22,13,Friday,No,0,0,0.0
BURGLARY,22,3,Tuesday,No,0,0,0.0
CRIMINAL DAMAGE,10,19,Saturday,Yes,0,0,0.05891149029167017
THEFT,16,14,Friday,No,0,0,0.007844181787914099
BATTERY,5,22,Wednesday,Yes,0,0,0.03703671172570448
DECEPTIVE PRACTICE,1,12,Monday,No,0,0,0.0
THEFT,16,13,Tuesday,No,0,0,0.008451512615090279
WEAPONS VIOLATION,12,19,Sunday,No,1,1,0.9664790656068414
THEFT,17,14,Tuesday,No,0,0,0.46972275186724716
LIQUOR LAW VIOLATION,4,9,Thursday,No,1,1,0.75
NARCOTICS,11,18,Saturday,No,1,1,1.0
THEFT,1,8,Monday,No,0,0,0.0
DECEPTIVE PRACTICE,18,23,Sunday,No,0,0,0.18
THEFT,1,18,Thursday,No,0,0,0.3358845677575841
THEFT,4,9,Friday,No,1,0,0.07295332851980588
BATTERY,6,22,Sunday,Yes,0,0,0.0
BATTERY,9,9,Thursday,Yes,0,0,0.04
OTHER OFFENSE,18,18,Tuesday,No,0,0,0.08493057822193155
OTHER OFFENSE,12,15,Wednesday,Yes,0,0,0.46596084057740816
OTHER OFFENSE,24,7,Friday,No,0,0,0.025769797974377916
CRIMINAL TRESPASS,9,1,Tuesday,No,0,0,0.31845151261509025
SEX OFFENSE,4,18,Friday,No,0,0,0.0
CRIMINAL DAMAGE,19,22,Wednesday,Yes,0,0,0.1451545158163564
CRIMINAL DAMAGE,24,0,Friday,No,0,0,0.03845151261509028
ASSAULT,3,21,Saturday,No,0,0,0.02
THEFT,19,15,Sunday,No,0,0,0.0
THEFT,5,17,Wednesday,No,1,0,0.049379606911361236
BATTERY,18,9,Saturday,Yes,0,0,0.08845151261509027
ASSAULT,10,12,Sunday,Yes,0,0,0.07761229286264391
THEFT,18,16,Wednesday,No,0,0,0.0
THEFT,18,1,Saturday,No,0,0,0.0
BATTERY,6,16,Sunday,Yes,1,1,0.5192143832444798
THEFT,2,10,Wednesday,No,0,0,0.0
BURGLARY,2,5,Saturday,No,0,0,0.0
MOTOR VEHICLE THEFT,17,2,Sunday,No,0,0,0.017844181787914103
ASSAULT,1,5,Monday,Yes,0,0,0.2
THEFT,3,6,Thursday,No,0,0,0.0
BURGLARY,6,6,Monday,No,0,0,0.03
BATTERY,8,18,Saturday,No,1,0,0.06647906560684126
MOTOR VEHICLE THEFT,22,5,Friday,No,0,0,0.0
ASSAULT,1,10,Monday,No,0,0,0.01
CRIMINAL DAMAGE,8,19,Saturday,No,0,0,0.01
BATTERY,8,16,Saturday,No,0,0,0.07466335324797188
CRIMINAL DAMAGE,8,5,Tuesday,No,0,0,0.16183277624057066
BATTERY,8,13,Friday,No,0,0,0.037612292862643906
CRIMINAL TRESPASS,7,18,Monday,No,1,0,0.44339890129073367
DECEPTIVE PRACTICE,2,11,Friday,No,0,0,0.0
ROBBERY,6,13,Saturday,No,1,0,0.0078441817879141
BATTERY,5,3,Monday,No,0,0,0.04
BATTERY,10,19,Saturday,No,0,0,0.12204063839475551
THEFT,1,15,Saturday,No,1,0,0.0
BATTERY,22,19,Tuesday,No,0,0,0.01
BATTERY,14,8,Sunday,Yes,0,1,0.53
THEFT,9,0,Tuesday,No,0,1,0.5530528431431648
OTHER OFFENSE,24,15,Tuesday,No,0,0,0.2672819627265152
ROBBERY,6,4,Saturday,No,0,0,0.02
ASSAULT,5,17,Thursday,Yes,0,0,0.16371866119539727
ASSAULT,19,8,Tuesday,No,0,0,0.029160780247553628
THEFT,1,18,Saturday,No,0,0,0.0
THEFT,17,11,Friday,No,0,0,0.44865095342436484
CRIMINAL DAMAGE,3,18,Friday,No,0,0,0.0
BATTERY,20,12,Monday,Yes,1,0,0.035770738079686476
BATTERY,6,13,Tuesday,Yes,1,0,0.0
THEFT,1,7,Sunday,No,0,0,0.0
OTHER OFFENSE,18,4,Friday,No,1,0,0.10942441886306059
THEFT,1,2,Thursday,No,0,0,0.13164599268854013
CRIMINAL TRESPASS,1,16,Tuesday,No,1,1,0.6775583996653234
CRIMINAL DAMAGE,4,6,Wednesday,No,0,0,0.0
CRIMINAL DAMAGE,22,21,Monday,No,0,0,0.0
BATTERY,8,9,Monday,Yes,0,0,0.11844012861103255
THEFT,25,17,Friday,No,0,0,0.007318285359287636
THEFT,12,15,Saturday,No,0,0,0.2345991428590169
OTHER OFFENSE,8,0,Thursday,No,0,0,0.10534564640911695
DECEPTIVE PRACTICE,11,14,Thursday,No,0,0,0.0
THEFT,12,1,Friday,No,0,0,0.0
THEFT,20,12,Thursday,No,0,0,0.0
BATTERY,10,15,Friday,No,0,0,0.07986115644386309
THEFT,1,17,Friday,No,0,0,0.29251791440465663
BURGLARY,8,19,Saturday,No,0,0,0.0
CRIMINAL TRESPASS,1,17,Thursday,No,1,0,0.4855044649528783
BATTERY,7,17,Sunday,No,1,0,0.10180756441333438
BURGLARY,18,13,Saturday,No,0,0,0.0
THEFT,4,5,Saturday,No,0,0,0.0
BATTERY,19,12,Tuesday,No,0,0,0.0
BATTERY,25,19,Friday,Yes,0,1,0.7560745381849155
ASSAULT,5,11,Thursday,No,0,0,0.19864250267362848
CRIMINAL DAMAGE,7,5,Sunday,Yes,0,1,0.6
BURGLARY,19,6,Tuesday,No,0,0,0.0
THEFT,14,23,Thursday,No,1,0,0.017268600650974682
MOTOR VEHICLE THEFT,18,1,Sunday,No,0,0,0.0
WEAPONS VIOLATION,1,22,Friday,No,1,1,1.0
CRIMINAL TRESPASS,12,5,Sunday,No,0,1,0.6484108494283567
ASSAULT,22,20,Tuesday,No,0,1,0.62
OTHER OFFENSE,2,15,Wednesday,No,0,0,0.08556296900622691
MOTOR VEHICLE THEFT,9,19,Monday,No,0,0,0.021540536054064394
ASSAULT,25,0,Monday,No,0,0,0.14
NARCOTICS,8,16,Friday,No,1,1,0.99
OTHER OFFENSE,10,10,Wednesday,No,0,0,0.01
BATTERY,6,5,Sunday,Yes,0,0,0.07338209083702182
ROBBERY,24,22,Monday,No,1,0,0.05
CRIMINAL TRESPASS,8,9,Thursday,No,0,0,0.04
BATTERY,4,3,Tuesday,No,0,0,0.0
CRIMINAL DAMAGE,22,18,Monday,No,1,0,0.0
THEFT,18,18,Monday,No,0,0,0.00851161927205158
WEAPONS VIOLATION,2,15,Friday,No,0,1,0.5157697979743779
BATTERY,9,3,Friday,Yes,1,0,0.3384515126150903
OTHER OFFENSE,15,10,Wednesday,No,0,0,0.019562011702235604
BATTERY,6,11,Tuesday,No,1,0,0.0
DECEPTIVE PRACTICE,1,12,Tuesday,No,0,0,0.0
CRIMINAL DAMAGE,19,4,Saturday,No,0,0,0.0
OTHER OFFENSE,4,0,Saturday,Yes,0,0,0.44718879244840687
BATTERY,22,11,Wednesday,No,0,0,0.06406531943070744
THEFT,22,18,Tuesday,No,0,0,0.0
CRIMINAL DAMAGE,17,9,Sunday,No,0,0,0.02645302656806354
BATTERY,17,17,Thursday,Yes,1,1,0.64
BATTERY,12,15,Thursday,No,0,0,0.01
THEFT,2,16,Wednesday,No,0,0,0.03202776599475712
THEFT,4,19,Monday,No,0,0,0.057163478780295644
DECEPTIVE PRACTICE,12,14,Sunday,No,0,0,0.0
BATTERY,7,20,Monday,No,1,1,0.6
CRIMINAL DAMAGE,19,5,Saturday,No,0,0,0.04
THEFT,19,17,Saturday,No,0,0,0.0
THEFT,12,19,Thursday,No,0,1,0.6043689309544056
ROBBERY,18,6,Saturday,No,1,0,0.14
OFFENSE INVOLVING CHILDREN,15,20,Monday,Yes,0,0,0.12
CRIMINAL DAMAGE,12,19,Wednesday,No,0,0,0.0
CRIMINAL TRESPASS,22,3,Monday,No,0,0,0.49
ASSAULT,2,23,Saturday,Yes,0,0,0.15905776280273562
CRIMINAL DAMAGE,10,21,Saturday,No,0,0,0.0078441817879141
ASSAULT,1,12,Friday,No,0,1,0.5073182853592876
MOTOR VEHICLE THEFT,14,18,Friday,No,0,0,0.0
BATTERY,6,8,Saturday,No,1,0,0.01
ASSAULT,11,4,Friday,No,0,0,0.06422131058946819
BATTERY,19,1,Sunday,Yes,0,1,0.8414110080023524
MOTOR VEHICLE THEFT,22,16,Monday,No,1,0,0.0
BATTERY,15,15,Thursday,No,0,0,0.008451512615090279
BATTERY,18,7,Saturday,No,0,0,0.1986257914873866
MOTOR VEHICLE THEFT,14,4,Wednesday,No,0,0,0.0
ROBBERY,4,2,Saturday,No,0,0,0.02
DECEPTIVE PRACTICE,25,12,Thursday,Yes,0,0,0.01
OTHER OFFENSE,8,15,Tuesday,No,0,1,0.8970103620752735
BURGLARY,1,12,Tuesday,No,0,0,0.0
BATTERY,9,4,Sunday,No,0,0,0.19588152185220628
MOTOR VEHICLE THEFT,4,10,Saturday,No,0,0,0.0
ASSAULT,2,7,Sunday,No,0,0,0.2245002087788685
MOTOR VEHICLE THEFT,3,3,Sunday,No,0,0,0.0
ASSAULT,16,14,Thursday,No,0,0,0.07950231712500383
BATTERY,18,12,Saturday,No,1,0,0.037875931478150854
THEFT,2,8,Saturday,No,0,0,0.11108871621252464
ASSAULT,10,15,Monday,No,0,1,0.8326290527011726
MOTOR VEHICLE THEFT,5,15,Sunday,No,0,0,0.27
BATTERY,6,22,Friday,Yes,0,0,0.01
ASSAULT,2,3,Thursday,No,1,0,0.4669030252301806
THEFT,8,20,Sunday,No,0,0,0.4332124351024605
THEFT,17,13,Monday,No,0,0,0.030560971596632926
OTHER OFFENSE,6,11,Thursday,No,0,0,0.3563968200941979
BATTERY,22,0,Sunday,No,0,0,0.014636570718575272
CRIMINAL DAMAGE,9,0,Sunday,No,0,0,0.0
ASSAULT,11,16,Friday,Yes,0,0,0.0676122928626439
ASSAULT,14,16,Friday,No,1,0,0.09576979797437792
BATTERY,6,13,Friday,Yes,0,0,0.15001499094091136
CRIMINAL DAMAGE,12,2,Saturday,No,0,0,0.009160780247553625
THEFT,17,13,Tuesday,No,0,0,0.0
BATTERY,8,1,Monday,Yes,0,1,0.559926601481998
NARCOTICS,15,23,Friday,No,1,1,1.0
THEFT,9,19,Friday,No,0,0,0.0
BATTERY,12,14,Tuesday,No,0,0,0.03645302656806354
BURGLARY,7,14,Saturday,No,0,0,0.02
BATTERY,6,2,Monday,No,0,0,0.018451512615090277
CRIMINAL SEXUAL ASSAULT,25,6,Tuesday,No,0,0,0.08
CRIMINAL DAMAGE,2,11,Sunday,No,0,0,0.0
CRIMINAL DAMAGE,2,15,Saturday,No,0,0,0.0
BURGLARY,12,4,Saturday,No,0,0,0.0
THEFT,19,7,Sunday,No,0,0,0.00942441886306058
DECEPTIVE PRACTICE,16,9,Monday,No,0,0,0.0
BATTERY,22,4,Saturday,Yes,1,0,0.11730799106040343
BATTERY,2,18,Thursday,Yes,0,1,0.791495280680362
THEFT,8,0,Wednesday,Yes,0,0,0.0
CRIMINAL DAMAGE,6,13,Saturday,Yes,0,0,0.01
THEFT,7,4,Friday,No,0,0,0.0
ASSAULT,14,13,Monday,No,0,0,0.3990946791984289
THEFT,9,13,Sunday,No,0,0,0.01942441886306058
OTHER OFFENSE,8,16,Tuesday,No,1,0,0.24591093324717211
THEFT,1,6,Monday,No,0,0,0.0
MOTOR VEHICLE THEFT,24,17,Monday,No,0,0,0.0
BATTERY,10,13,Saturday,No,0,0,0.4053840213348605
CRIMINAL DAMAGE,10,5,Wednesday,No,0,0,0.02
CRIMINAL DAMAGE,8,0,Wednesday,No,0,0,0.0
CRIMINAL DAMAGE,7,1,Saturday,Yes,1,0,0.0378441817879141
ASSAULT,11,14,Wednesday,No,0,0,0.029562011702235602
BATTERY,15,4,Wednesday,Yes,0,0,0.10379735096612891
NARCOTICS,8,11,Saturday,No,1,1,1.0
OTHER OFFENSE,12,12,Wednesday,No,0,0,0.017612292862643906
ASSAULT,11,1,Sunday,Yes,0,1,0.5145201183520216
ASSAULT,15,17,Tuesday,No,0,0,0.01
ASSAULT,7,18,Monday,No,0,0,0.02677307311019753
BATTERY,5,1,Monday,Yes,1,1,0.5104514252710817
BATTERY,2,3,Tuesday,Yes,0,1,0.5499685398493116
BATTERY,11,23,Monday,No,0,0,0.0276122928626439
THEFT,5,16,Saturday,Yes,0,0,0.09108959728663882
BATTERY,19,20,Tuesday,Yes,1,0,0.11322718725657005
BURGLARY,9,12,Sunday,No,0,0,0.02
ASSAULT,19,14,Thursday,No,0,0,0.0
BURGLARY,19,0,Saturday,No,0,0,0.01
THEFT,18,16,Sunday,No,0,0,0.32167057236305846
BATTERY,19,10,Wednesday,Yes,0,1,0.6030976136139135
BATTERY,6,19,Tuesday,Yes,0,0,0.0
BATTERY,16,0,Saturday,No,1,0,0.017363002906760447
BATTERY,7,20,Tuesday,No,1,1,0.63
THEFT,12,19,Thursday,No,0,1,0.6043689309544056
NARCOTICS,17,22,Wednesday,No,1,1,0.78
CRIMINAL TRESPASS,5,18,Friday,No,1,0,0.17447168812366062
WEAPONS VIOLATION,10,15,Tuesday,No,1,0,0.42
THEFT,11,17,Tuesday,No,0,0,0.13605161405222574
MOTOR VEHICLE THEFT,8,9,Saturday,No,0,0,0.0
BATTERY,3,8,Friday,Yes,1,1,0.75
THEFT,3,21,Friday,No,0,0,0.04101205868780171
BATTERY,14,22,Friday,No,0,1,0.5819029488358093
NARCOTICS,2,11,Friday,No,1,1,0.9891240234044713
THEFT,24,8,Monday,No,1,0,0.06690302523018056
ASSAULT,11,12,Monday,No,0,1,0.6969030252301807
MOTOR VEHICLE THEFT,18,19,Tuesday,No,0,0,0.0
THEFT,7,4,Tuesday,No,0,0,0.0
MOTOR VEHICLE THEFT,1,1,Sunday,No,0,0,0.0
ROBBERY,24,11,Tuesday,Yes,0,0,0.12
DECEPTIVE PRACTICE,8,8,Sunday,No,0,0,0.07535453784527084
BURGLARY,3,10,Wednesday,No,0,0,0.008451512615090279
MOTOR VEHICLE THEFT,5,6,Thursday,No,0,0,0.013214957823339368
BATTERY,3,9,Thursday,Yes,0,1,0.8352189322897438
OTHER OFFENSE,17,11,Wednesday,Yes,0,0,0.016903025230180557
BATTERY,10,18,Monday,Yes,0,0,0.449183378330889
ASSAULT,8,19,Friday,No,0,0,0.0
BATTERY,5,7,Tuesday,No,1,1,0.52
CRIMINAL DAMAGE,5,0,Tuesday,Yes,0,0,0.04845151261509027
BATTERY,1,19,Friday,No,1,0,0.05489608416338179
BATTERY,16,9,Saturday,Yes,0,0,0.1
ASSAULT,15,15,Sunday,No,0,0,0.007318285359287638
BURGLARY,1,5,Thursday,No,0,0,0.02
THEFT,12,19,Sunday,No,0,0,0.0
THEFT,14,17,Saturday,No,0,1,0.5347968506756086
CRIMINAL DAMAGE,11,5,Wednesday,No,0,0,0.0
MOTOR VEHICLE THEFT,4,2,Thursday,No,0,0,0.0
BATTERY,22,11,Thursday,No,0,0,0.0
BATTERY,20,9,Sunday,No,0,0,0.07535453784527084
ROBBERY,3,6,Monday,No,0,0,0.0
BURGLARY,14,9,Tuesday,No,0,0,0.01
MOTOR VEHICLE THEFT,3,10,Thursday,No,0,0,0.0
THEFT,7,0,Wednesday,No,0,0,0.0
BATTERY,11,20,Friday,No,1,0,0.04
BATTERY,8,9,Saturday,Yes,1,0,0.0
BATTERY,10,6,Thursday,Yes,1,0,0.07561380681561718
BATTERY,24,13,Thursday,No,0,0,0.007318285359287636
CRIMINAL DAMAGE,22,20,Saturday,No,0,0,0.0
CRIMINAL TRESPASS,18,8,Thursday,No,0,1,0.99
BURGLARY,9,0,Tuesday,No,0,0,0.3740445734442234
BATTERY,2,3,Sunday,Yes,0,0,0.029160780247553628
OTHER OFFENSE,6,11,Saturday,No,0,1,0.9174909124892859
BURGLARY,11,22,Monday,Yes,0,0,0.12070037619630943
DECEPTIVE PRACTICE,25,12,Friday,No,0,0,0.0
BATTERY,8,22,Sunday,No,0,0,0.10165729846159448
MOTOR VEHICLE THEFT,10,7,Wednesday,No,0,0,0.03
THEFT,25,12,Saturday,No,0,0,0.456910049332896
THEFT,24,20,Friday,No,0,0,0.4760640644774529
BURGLARY,10,5,Thursday,No,0,0,0.03
CRIMINAL DAMAGE,10,21,Friday,Yes,1,0,0.02
BATTERY,9,23,Sunday,Yes,0,1,0.9797239665267656
CRIMINAL DAMAGE,15,11,Tuesday,No,0,0,0.0
BATTERY,2,5,Saturday,Yes,0,0,0.19082380053379489
CRIMINAL DAMAGE,25,0,Wednesday,No,0,0,0.0
THEFT,17,21,Tuesday,No,1,0,0.0
BATTERY,8,8,Saturday,Yes,1,0,0.01
THEFT,7,9,Friday,No,0,0,0.0
BURGLARY,16,16,Tuesday,No,0,0,0.01
CRIMINAL DAMAGE,8,17,Monday,No,0,0,0.01
MOTOR VEHICLE THEFT,1,17,Tuesday,No,0,0,0.0
DECEPTIVE PRACTICE,18,11,Tuesday,No,0,0,0.11909121807969111
OTHER OFFENSE,24,12,Wednesday,No,0,1,0.6673182853592877
BATTERY,4,22,Friday,No,0,0,0.22
MOTOR VEHICLE THEFT,10,20,Wednesday,No,0,0,0.02
ASSAULT,14,23,Wednesday,Yes,1,0,0.2524586313092973
ASSAULT,12,10,Saturday,Yes,0,0,0.02
CRIMINAL DAMAGE,25,5,Monday,No,0,0,0.0
DECEPTIVE PRACTICE,19,14,Friday,No,0,0,0.006453026568063544
BATTERY,4,8,Thursday,Yes,0,0,0.02
ASSAULT,7,15,Saturday,Yes,0,0,0.0
CRIMINAL DAMAGE,17,18,Wednesday,No,0,0,0.0
THEFT,4,8,Tuesday,No,0,0,0.017318285359287637
THEFT,1,12,Thursday,No,0,1,0.5126523118358856
BURGLARY,5,7,Saturday,No,0,0,0.0
BATTERY,11,20,Sunday,No,0,1,0.5181002699735656
BURGLARY,10,12,Tuesday,No,0,0,0.0
THEFT,20,13,Wednesday,No,0,0,0.055919638980274175
MOTOR VEHICLE THEFT,8,23,Thursday,No,0,0,0.32110591858549875
MOTOR VEHICLE THEFT,2,12,Saturday,No,0,0,0.0
THEFT,19,17,Sunday,No,0,0,0.01918186426480059
THEFT,12,18,Friday,No,0,0,0.0
WEAPONS VIOLATION,9,16,Sunday,No,0,1,0.7818336034521122
DECEPTIVE PRACTICE,22,12,Thursday,No,0,0,0.0
THEFT,24,16,Thursday,No,0,0,0.010151820333452053
BATTERY,12,17,Tuesday,No,0,0,0.11702080906401381
BURGLARY,24,9,Wednesday,No,0,0,0.015769797974377914
BATTERY,4,17,Thursday,Yes,0,1,0.5444209423792001
CRIMINAL DAMAGE,18,14,Saturday,No,0,0,0.0
THEFT,2,1,Monday,No,0,0,0.0
THEFT,17,11,Tuesday,No,0,1,0.6320101522491935
ROBBERY,4,4,Wednesday,No,1,0,0.0
DECEPTIVE PRACTICE,8,2,Monday,No,0,0,0.05677307311019753
BATTERY,9,15,Tuesday,No,0,0,0.017318285359287637
CRIMINAL DAMAGE,25,15,Wednesday,No,0,0,0.0
THEFT,10,14,Sunday,Yes,0,1,0.76
ASSAULT,9,13,Thursday,No,0,1,0.8176443000195313
DECEPTIVE PRACTICE,18,7,Tuesday,No,0,0,0.0
DECEPTIVE PRACTICE,1,12,Wednesday,No,0,0,0.0
NARCOTICS,11,17,Sunday,No,1,1,1.0
THEFT,11,18,Wednesday,No,0,0,0.0
NARCOTICS,4,13,Sunday,No,1,1,0.98
BATTERY,24,11,Thursday,No,1,0,0.03
BATTERY,10,13,Thursday,Yes,1,0,0.017318285359287637
DECEPTIVE PRACTICE,11,14,Tuesday,No,0,0,0.0
MOTOR VEHICLE THEFT,2,6,Tuesday,No,0,0,0.0
THEFT,1,19,Tuesday,No,0,0,0.3253536588454301
ASSAULT,1,13,Saturday,No,0,0,0.018911490291670167
THEFT,5,10,Saturday,No,0,0,0.017958563224862063
BATTERY,1,23,Friday,No,0,0,0.13217099336471075
OTHER OFFENSE,14,11,Sunday,No,0,0,0.08731828535928762
OTHER OFFENSE,18,0,Wednesday,No,0,0,0.05159429251069152
OTHER OFFENSE,8,1,Monday,No,0,0,0.02
CRIMINAL DAMAGE,4,19,Sunday,No,0,0,0.0
OTHER OFFENSE,8,12,Monday,Yes,0,0,0.0
THEFT,20,11,Monday,No,0,0,0.44043903785210425
OTHER OFFENSE,15,0,Monday,Yes,0,0,0.24578331942246
ASSAULT,6,9,Thursday,No,0,0,0.0
MOTOR VEHICLE THEFT,4,10,Tuesday,No,0,0,0.0
OTHER OFFENSE,24,21,Tuesday,No,0,0,0.07957584843473904
CRIMINAL DAMAGE,7,3,Friday,No,0,0,0.01
ARSON,8,9,Sunday,No,0,0,0.06493057822193155
OTHER OFFENSE,8,11,Saturday,No,0,0,0.16442816900611515
ASSAULT,14,13,Tuesday,Yes,0,0,0.06535453784527084
THEFT,2,9,Monday,No,0,0,0.0
THEFT,2,6,Wednesday,No,0,0,0.0
BATTERY,5,23,Sunday,Yes,0,0,0.48077207798081933
THEFT,20,20,Sunday,No,0,0,0.01464335115280436
CRIMINAL TRESPASS,19,22,Wednesday,No,0,1,0.6605183459987711
CRIMINAL TRESPASS,17,0,Friday,No,0,0,0.27845151261509027
CRIMINAL DAMAGE,2,15,Monday,No,0,0,0.0
CRIMINAL TRESPASS,8,23,Tuesday,Yes,1,0,0.21845151261509027
THEFT,2,11,Monday,No,0,0,0.015354974261652707
BATTERY,24,21,Thursday,No,0,0,0.18493151832724009
BATTERY,19,2,Sunday,Yes,0,1,0.6063131868603311
CRIMINAL SEXUAL ASSAULT,17,14,Sunday,No,0,0,0.0
OTHER OFFENSE,7,16,Saturday,Yes,0,0,0.08308808333366555
BATTERY,6,19,Tuesday,No,0,0,0.26406531943070743
BATTERY,15,20,Wednesday,Yes,0,0,0.4887324270728422
MOTOR VEHICLE THEFT,24,2,Saturday,No,0,0,0.0
THEFT,18,8,Saturday,No,0,1,0.5424237454702558
ASSAULT,8,8,Thursday,No,0,0,0.019160780247553626
ASSAULT,9,12,Tuesday,No,0,1,0.75460043428982
BATTERY,5,21,Friday,Yes,0,0,0.0078441817879141
THEFT,19,23,Wednesday,No,0,0,0.030406368692953184
BATTERY,10,17,Thursday,Yes,0,0,0.03622977565095781
THEFT,20,8,Friday,No,0,0,0.008451512615090279
THEFT,8,19,Friday,No,1,0,0.0
THEFT,7,6,Wednesday,No,0,0,0.007318285359287638
DECEPTIVE PRACTICE,9,0,Friday,No,0,0,0.0
MOTOR VEHICLE THEFT,22,11,Thursday,No,0,0,0.0
MOTOR VEHICLE THEFT,25,9,Monday,No,0,0,0.03
CRIMINAL DAMAGE,1,2,Thursday,No,1,0,0.2612177428377063
CRIMINAL DAMAGE,22,2,Friday,No,0,0,0.3186108789906078
PUBLIC INDECENCY,14,12,Friday,No,1,0,0.4584515126150903
BATTERY,14,13,Friday,Yes,0,0,0.02
BATTERY,3,14,Tuesday,Yes,0,0,0.47715434286968156
PUBLIC PEACE VIOLATION,22,11,Wednesday,No,1,0,0.28
THEFT,7,21,Friday,No,0,0,0.01
PUBLIC PEACE VIOLATION,2,23,Monday,No,0,1,0.56
THEFT,17,16,Sunday,No,0,0,0.006092840825826474
CRIMINAL DAMAGE,24,18,Sunday,No,0,0,0.0
BATTERY,1,19,Thursday,No,0,1,0.508617883008404
THEFT,25,0,Sunday,No,0,0,0.013089023438974117
THEFT,19,23,Thursday,No,0,0,0.006453026568063544
OTHER OFFENSE,19,14,Thursday,Yes,0,0,0.034636570718575274
THEFT,19,18,Saturday,No,0,0,0.0
THEFT,4,22,Wednesday,No,0,0,0.006453026568063544
OTHER OFFENSE,8,13,Friday,No,0,0,0.49815080717219873
MOTOR VEHICLE THEFT,8,1,Friday,No,0,0,0.004381082253765573
MOTOR VEHICLE THEFT,24,6,Monday,No,0,0,0.0
THEFT,12,1,Sunday,No,0,0,0.0
BATTERY,4,17,Monday,No,0,0,0.02
ASSAULT,6,20,Thursday,No,0,0,0.01
BURGLARY,14,6,Wednesday,No,0,0,0.0
THEFT,22,10,Tuesday,No,0,0,0.065477627548055
BURGLARY,14,19,Friday,No,0,0,0.0
BATTERY,6,14,Tuesday,Yes,0,1,0.5735926804581782
MOTOR VEHICLE THEFT,2,2,Saturday,No,0,0,0.0
OTHER OFFENSE,7,13,Saturday,No,0,0,0.02
CRIMINAL DAMAGE,19,19,Thursday,No,0,0,0.0
THEFT,12,14,Wednesday,No,0,0,0.0
BATTERY,6,17,Thursday,No,0,1,0.8630266031107681
CRIMINAL DAMAGE,8,22,Friday,No,0,0,0.0
OTHER OFFENSE,17,19,Monday,Yes,0,0,0.09
ASSAULT,11,23,Wednesday,No,0,0,0.04812724911765187
THEFT,20,17,Friday,No,0,0,0.16345006319068328
MOTOR VEHICLE THEFT,12,3,Friday,No,0,0,0.0
BATTERY,2,4,Saturday,Yes,0,1,0.5219304793137839
ASSAULT,12,17,Sunday,No,1,1,0.6
ASSAULT,4,11,Friday,No,0,0,0.01329257254543574
BATTERY,11,11,Monday,Yes,0,0,0.008451512615090279
CRIMINAL DAMAGE,2,19,Tuesday,No,0,0,0.0
HOMICIDE,6,15,Friday,Yes,0,0,0.27611219399808823
BATTERY,6,5,Monday,No,0,0,0.02
THEFT,7,8,Wednesday,No,0,0,0.0
THEFT,19,13,Saturday,No,0,0,0.0
DECEPTIVE PRACTICE,8,14,Wednesday,No,0,0,0.0
NARCOTICS,11,18,Friday,No,1,1,1.0
MOTOR VEHICLE THEFT,15,13,Wednesday,Yes,0,0,0.03135756575121736
CRIMINAL DAMAGE,9,7,Monday,No,0,0,0.05787593147815086
NARCOTICS,11,16,Friday,No,1,1,1.0
BATTERY,18,19,Monday,No,0,0,0.0
OTHER OFFENSE,6,18,Wednesday,No,0,0,0.016479065606841262
THEFT,25,18,Monday,No,0,1,0.698913924314938
THEFT,10,19,Monday,No,0,0,0.03
BATTERY,12,5,Monday,No,0,0,0.015769797974377914
BATTERY,5,13,Friday,No,0,0,0.04736300290676045
THEFT,10,13,Thursday,No,0,1,0.5635699847632218
CRIMINAL DAMAGE,3,0,Thursday,Yes,0,0,0.05274872097106791
ARSON,12,1,Sunday,No,0,0,0.1384619568354784
THEFT,12,19,Sunday,No,0,0,0.0
BATTERY,10,7,Wednesday,Yes,1,0,0.09303650203365638
BURGLARY,18,11,Thursday,No,0,0,0.0078441817879141
BATTERY,5,10,Tuesday,Yes,0,0,0.18580348611749867
THEFT,18,16,Sunday,No,0,0,0.32167057236305846
BATTERY,6,10,Saturday,Yes,0,1,0.7031104272980636
BATTERY,18,15,Friday,Yes,0,1,0.6742213105894682
THEFT,17,15,Sunday,No,0,0,0.0
ASSAULT,19,11,Wednesday,No,0,0,0.03
DECEPTIVE PRACTICE,4,14,Wednesday,No,0,0,0.0
MOTOR VEHICLE THEFT,17,18,Monday,No,0,0,0.03
DECEPTIVE PRACTICE,14,0,Wednesday,No,0,0,0.0
MOTOR VEHICLE THEFT,16,9,Thursday,No,0,0,0.08589459303374795
BATTERY,10,23,Thursday,No,0,0,0.028321560495107253
CRIMINAL DAMAGE,19,4,Saturday,No,0,0,0.0
DECEPTIVE PRACTICE,7,21,Friday,No,0,0,0.2210895972866388
BATTERY,5,2,Friday,Yes,0,1,0.6921459911482138
MOTOR VEHICLE THEFT,20,13,Monday,No,0,0,0.017318285359287637
BATTERY,8,7,Tuesday,Yes,0,1,0.5766624884277216
CRIMINAL DAMAGE,5,0,Monday,No,0,0,0.007318285359287638
THEFT,12,10,Sunday,No,0,0,0.01
MOTOR VEHICLE THEFT,8,21,Wednesday,No,0,0,0.0
CRIMINAL TRESPASS,19,19,Wednesday,No,0,0,0.18797330669635573
THEFT,18,11,Sunday,No,0,0,0.0
MOTOR VEHICLE THEFT,22,14,Friday,No,0,0,0.0
BATTERY,7,23,Wednesday,No,0,0,0.060988730264121695
CRIMINAL TRESPASS,11,6,Wednesday,No,0,0,0.12910312160396467
DECEPTIVE PRACTICE,6,13,Friday,No,0,0,0.0
CRIMINAL TRESPASS,24,16,Wednesday,No,0,1,0.6809943836996658
BATTERY,5,2,Friday,Yes,0,1,0.6921459911482138
MOTOR VEHICLE THEFT,11,17,Wednesday,No,0,0,0.0379721438558969
OTHER OFFENSE,11,12,Thursday,No,0,0,0.26
THEFT,25,10,Sunday,No,0,1,0.5138004000052168
BATTERY,6,23,Saturday,Yes,0,0,0.43664762876103475
THEFT,19,16,Monday,No,0,0,0.20797805852689666
CRIMINAL TRESPASS,1,19,Monday,No,1,1,0.6569030252301806
DECEPTIVE PRACTICE,6,15,Thursday,No,0,0,0.0
BATTERY,3,3,Wednesday,Yes,0,0,0.01
THEFT,22,14,Monday,Yes,0,0,0.49
THEFT,6,11,Tuesday,No,0,0,0.078403791753622
THEFT,10,1,Thursday,No,0,0,0.017612292862643906
OTHER OFFENSE,3,0,Wednesday,No,0,0,0.07761229286264391
MOTOR VEHICLE THEFT,11,10,Wednesday,No,0,0,0.39009016027302335
OTHER OFFENSE,3,13,Friday,Yes,0,0,0.04577073807968648
ROBBERY,6,20,Sunday,No,0,0,0.0
MOTOR VEHICLE THEFT,4,14,Tuesday,Yes,0,0,0.0
THEFT,1,8,Thursday,No,0,0,0.3702561850832496
ROBBERY,8,21,Sunday,No,0,0,0.0
ASSAULT,7,7,Saturday,Yes,0,0,0.07
CRIMINAL TRESPASS,12,4,Thursday,Yes,1,0,0.03645302656806354
BATTERY,1,19,Thursday,No,0,1,0.508617883008404
WEAPONS VIOLATION,7,12,Sunday,No,1,1,0.84
THEFT,10,2,Saturday,No,0,0,0.013089023438974117
BATTERY,5,8,Friday,No,0,1,0.63
NARCOTICS,16,19,Friday,No,1,0,0.41
CRIMINAL DAMAGE,12,3,Saturday,No,0,0,0.01169936761305321
BURGLARY,4,20,Friday,No,0,0,0.0
THEFT,1,8,Saturday,No,1,0,0.45881860874748237
OTHER OFFENSE,5,12,Saturday,No,1,1,0.8338479154304753
MOTOR VEHICLE THEFT,12,14,Saturday,No,0,0,0.0076606813829979414
BATTERY,9,22,Friday,No,0,0,0.3589084044055757
THEFT,3,13,Wednesday,Yes,0,0,0.0
ASSAULT,4,7,Saturday,No,0,0,0.018451512615090277
BATTERY,4,17,Saturday,Yes,0,0,0.07247320207663391
THEFT,5,5,Tuesday,No,0,0,0.0
BATTERY,25,8,Saturday,Yes,0,1,0.542789463556774
CRIMINAL DAMAGE,1,10,Thursday,No,0,0,0.06251683204579774
BATTERY,16,13,Friday,No,0,1,0.6536760983403781
THEFT,6,13,Thursday,No,1,0,0.004055542804682121
ASSAULT,2,14,Monday,No,0,0,0.0
NARCOTICS,7,19,Thursday,No,1,1,0.9991607802475536
BATTERY,18,8,Friday,Yes,0,0,0.02
ASSAULT,2,7,Friday,No,0,0,0.04447076649322951
THEFT,25,22,Thursday,No,0,0,0.0
THEFT,12,14,Thursday,No,0,1,0.5599866631550752
OTHER OFFENSE,25,20,Wednesday,No,1,0,0.0748808935136186
CRIMINAL DAMAGE,20,23,Thursday,No,0,0,0.00942441886306058
THEFT,19,11,Friday,No,0,0,0.0
THEFT,11,17,Sunday,No,0,0,0.0033162858349364234
THEFT,14,21,Friday,No,0,0,0.0
BATTERY,19,20,Tuesday,No,0,0,0.008451512615090279
ASSAULT,6,13,Wednesday,Yes,0,0,0.24503714503914686
ASSAULT,11,18,Sunday,Yes,0,0,0.0
MOTOR VEHICLE THEFT,22,5,Saturday,No,0,0,0.0
OTHER OFFENSE,2,4,Wednesday,No,0,0,0.14845151261509026
THEFT,18,14,Tuesday,No,0,0,0.2233074246334474
WEAPONS VIOLATION,3,0,Thursday,No,1,0,0.016742704222348217
ROBBERY,18,16,Tuesday,No,0,0,0.12403409136822834
MOTOR VEHICLE THEFT,19,23,Sunday,No,0,0,0.01
CRIMINAL DAMAGE,24,6,Monday,No,1,0,0.036903025230180554
MOTOR VEHICLE THEFT,22,23,Friday,No,0,0,0.008911490291670168
MOTOR VEHICLE THEFT,1,22,Saturday,No,0,0,0.0
CRIMINAL DAMAGE,25,19,Friday,No,0,0,0.0
THEFT,14,22,Sunday,No,0,0,0.06174555872901548
OTHER OFFENSE,16,19,Sunday,Yes,0,0,0.02
OTHER OFFENSE,5,9,Thursday,No,0,0,0.0
BATTERY,10,12,Tuesday,Yes,0,0,0.0476122928626439
THEFT,8,9,Monday,No,1,0,0.0
THEFT,4,13,Monday,No,0,0,0.0
CRIMINAL DAMAGE,11,23,Monday,No,0,0,0.15540956949247278
OTHER OFFENSE,9,7,Monday,No,0,0,0.01
OTHER OFFENSE,8,9,Wednesday,Yes,0,0,0.02
CRIMINAL DAMAGE,11,17,Wednesday,No,0,1,0.61
CRIMINAL DAMAGE,3,23,Friday,Yes,1,0,0.06
BATTERY,7,19,Sunday,No,0,0,0.06
BATTERY,6,0,Sunday,Yes,0,1,0.5013877901630037
ASSAULT,2,15,Thursday,No,0,0,0.007318285359287638
THEFT,14,0,Wednesday,No,0,0,0.0
BATTERY,12,18,Saturday,No,1,0,0.018451512615090277
OTHER OFFENSE,22,16,Saturday,No,0,0,0.28574297152014777
BURGLARY,2,8,Wednesday,No,0,0,0.018451512615090277
BATTERY,17,10,Monday,No,0,0,0.029160780247553628
BATTERY,5,9,Friday,No,0,1,0.55
BATTERY,10,3,Thursday,Yes,1,0,0.0760641585758088
THEFT,3,17,Tuesday,Yes,0,0,0.0
OTHER OFFENSE,9,15,Sunday,Yes,0,0,0.39
BURGLARY,24,20,Thursday,No,0,0,0.01
NARCOTICS,10,10,Wednesday,No,1,1,0.9978441817879141
CRIMINAL TRESPASS,6,9,Tuesday,Yes,0,0,0.058451512615090274
BATTERY,17,22,Tuesday,Yes,1,0,0.19266743013578203
BATTERY,15,7,Sunday,Yes,0,0,0.036903025230180554
PUBLIC PEACE VIOLATION,18,2,Monday,No,1,0,0.12690302523018054
THEFT,24,6,Saturday,No,0,1,0.7927089183387985
CRIMINAL TRESPASS,14,16,Saturday,No,0,1,0.6194244188630605
BURGLARY,25,17,Friday,No,0,0,0.0
THEFT,18,15,Sunday,No,1,0,0.39229252494784184
BATTERY,7,23,Saturday,Yes,1,1,0.7661530274445902
MOTOR VEHICLE THEFT,2,11,Thursday,No,0,0,0.0
WEAPONS VIOLATION,9,10,Sunday,No,1,1,0.7246097044682562
MOTOR VEHICLE THEFT,15,5,Thursday,No,0,0,0.017612292862643906
BURGLARY,14,20,Wednesday,No,0,0,0.0
CRIMINAL TRESPASS,3,20,Thursday,Yes,1,0,0.11845151261509028
MOTOR VEHICLE THEFT,25,0,Saturday,Yes,0,0,0.23868800760039363
BATTERY,14,3,Monday,Yes,1,1,0.503212677497649
NARCOTICS,16,19,Saturday,No,1,0,0.47
MOTOR VEHICLE THEFT,2,17,Saturday,No,0,0,0.007318285359287638
ASSAULT,18,20,Thursday,No,0,0,0.0
MOTOR VEHICLE THEFT,18,19,Saturday,No,0,0,0.0
THEFT,2,4,Friday,Yes,0,0,0.01
BATTERY,12,5,Tuesday,Yes,0,0,0.02
BATTERY,4,10,Tuesday,Yes,0,1,0.88
BATTERY,9,20,Saturday,Yes,0,0,0.12180534241877669
BATTERY,16,15,Friday,Yes,0,1,0.5893847178419784
BATTERY,11,10,Saturday,Yes,0,0,0.0
THEFT,11,7,Thursday,No,0,0,0.007318285359287636
BATTERY,14,3,Wednesday,Yes,1,0,0.01
OTHER OFFENSE,2,10,Tuesday,No,0,0,0.13254586739389002
BURGLARY,2,12,Friday,No,0,0,0.03490453918315382
THEFT,9,12,Tuesday,No,0,0,0.23097296822921248
BATTERY,12,17,Thursday,No,0,0,0.13763079393598346
MOTOR VEHICLE THEFT,9,5,Sunday,No,0,0,0.01
CRIMINAL DAMAGE,4,12,Wednesday,Yes,0,0,0.01
MOTOR VEHICLE THEFT,3,22,Tuesday,No,1,0,0.0
BATTERY,15,16,Friday,Yes,0,0,0.0
BATTERY,10,18,Wednesday,Yes,1,0,0.3442213105894682
MOTOR VEHICLE THEFT,16,23,Saturday,No,0,0,0.0
BURGLARY,1,17,Saturday,No,0,0,0.0
DECEPTIVE PRACTICE,14,20,Saturday,No,0,0,0.03
BATTERY,9,2,Sunday,Yes,0,1,0.629491224670335
MOTOR VEHICLE THEFT,9,1,Saturday,No,0,0,0.02845151261509028
DECEPTIVE PRACTICE,8,1,Saturday,No,0,0,0.0
MOTOR VEHICLE THEFT,10,19,Thursday,No,0,0,0.025769797974377916
OFFENSE INVOLVING CHILDREN,11,7,Sunday,Yes,0,0,0.07
THEFT,2,15,Sunday,No,1,1,0.8014631972534105
THEFT,18,11,Tuesday,No,0,0,0.26610819901661215
ASSAULT,3,21,Tuesday,No,0,0,0.01
BATTERY,18,12,Sunday,No,0,0,0.01
THEFT,19,9,Wednesday,No,0,0,0.0
CRIMINAL TRESPASS,17,22,Wednesday,No,0,0,0.10645302656806355
BATTERY,1,11,Wednesday,No,0,0,0.04577073807968648
THEFT,14,12,Friday,No,0,0,0.0
CRIMINAL SEXUAL ASSAULT,17,16,Wednesday,No,0,0,0.017318285359287637
BATTERY,12,8,Monday,Yes,0,0,0.4395213612638408
THEFT,17,13,Wednesday,No,0,1,0.6825000740302579
NARCOTICS,15,7,Thursday,No,1,1,0.97
THEFT,3,16,Sunday,No,0,0,0.0
SEX OFFENSE,19,0,Sunday,No,0,0,0.012226548667005035
MOTOR VEHICLE THEFT,18,19,Tuesday,No,0,0,0.0
DECEPTIVE PRACTICE,17,15,Friday,No,0,0,0.0
BURGLARY,4,11,Wednesday,No,0,0,0.0
BATTERY,9,20,Wednesday,No,1,0,0.06
DECEPTIVE PRACTICE,22,11,Monday,No,0,0,0.0
OTHER OFFENSE,6,18,Monday,Yes,0,0,0.0
MOTOR VEHICLE THEFT,1,5,Thursday,No,0,0,0.0
ASSAULT,4,15,Monday,No,1,0,0.0576122928626439
BATTERY,15,19,Saturday,Yes,0,1,0.8031968333502222
MOTOR VEHICLE THEFT,19,18,Monday,No,0,0,0.007318285359287636
DECEPTIVE PRACTICE,6,18,Thursday,No,0,0,0.0
CRIMINAL DAMAGE,14,10,Tuesday,No,0,0,0.0
THEFT,14,21,Thursday,No,0,1,0.5263763315374139
BATTERY,18,16,Wednesday,No,0,0,0.028072270539223797
CRIMINAL DAMAGE,6,8,Tuesday,No,0,0,0.0
BURGLARY,19,20,Thursday,No,0,0,0.01
CRIMINAL TRESPASS,1,17,Tuesday,No,0,1,0.7035634589211597
BATTERY,15,0,Friday,No,0,0,0.0
OTHER OFFENSE,11,11,Tuesday,No,0,0,0.01
THEFT,12,18,Thursday,No,0,0,0.02194637490563196
OTHER OFFENSE,8,17,Sunday,Yes,0,0,0.01
MOTOR VEHICLE THEFT,25,17,Wednesday,No,0,0,0.0
MOTOR VEHICLE THEFT,25,22,Sunday,No,0,0,0.0
BURGLARY,1,5,Friday,No,0,0,0.0
BATTERY,17,13,Wednesday,No,0,0,0.0
ROBBERY,11,14,Thursday,No,0,0,0.01
BATTERY,25,16,Wednesday,Yes,1,0,0.0
CRIMINAL DAMAGE,17,6,Friday,No,0,0,0.0
BATTERY,11,14,Sunday,No,0,0,0.049991108563846115
OTHER OFFENSE,14,21,Wednesday,Yes,0,0,0.0542213105894682
OTHER OFFENSE,5,12,Sunday,No,1,1,0.7286077641406188
OTHER OFFENSE,10,8,Wednesday,Yes,0,0,0.0
MOTOR VEHICLE THEFT,17,20,Sunday,No,0,0,0.023089023438974118
THEFT,3,0,Sunday,No,0,0,0.0
THEFT,18,9,Saturday,No,0,1,0.7596438950368436
BATTERY,14,1,Sunday,No,0,1,0.6283123847921368
CRIMINAL DAMAGE,1,19,Sunday,Yes,0,0,0.10632744409324114
CRIMINAL DAMAGE,12,17,Thursday,No,0,0,0.0
CRIMINAL DAMAGE,18,8,Monday,No,0,0,0.0
OTHER OFFENSE,24,13,Thursday,No,1,0,0.007318285359287636
MOTOR VEHICLE THEFT,19,20,Thursday,No,1,0,0.0
THEFT,25,4,Sunday,No,0,0,0.005770738079686481
MOTOR VEHICLE THEFT,4,20,Friday,No,0,0,0.0
BATTERY,2,3,Saturday,Yes,1,0,0.0
BATTERY,4,14,Sunday,Yes,0,0,0.0
BATTERY,9,5,Saturday,Yes,0,1,0.77
BATTERY,2,11,Monday,Yes,0,0,0.14
MOTOR VEHICLE THEFT,14,2,Saturday,No,0,0,0.0
THEFT,16,7,Saturday,No,0,0,0.08731828535928762
BATTERY,8,16,Thursday,No,0,1,0.7395896609787767
CRIMINAL DAMAGE,2,2,Wednesday,No,0,0,0.0
BATTERY,5,16,Tuesday,Yes,0,1,0.7018050435266452
ASSAULT,18,21,Wednesday,No,0,0,0.06942441886306058
OTHER OFFENSE,7,15,Saturday,Yes,0,0,0.034636570718575274
THEFT,2,15,Wednesday,No,0,0,0.0
BURGLARY,24,4,Monday,No,0,0,0.01
OTHER OFFENSE,3,11,Wednesday,No,1,0,0.1194155274269067
BATTERY,3,20,Sunday,Yes,0,1,0.5785489732982255
BATTERY,12,21,Sunday,No,0,0,0.054222250694776764
ASSAULT,7,0,Monday,No,0,0,0.3521603076897918
DECEPTIVE PRACTICE,5,11,Monday,No,0,0,0.0
ASSAULT,24,13,Monday,No,1,0,0.058451512615090274
ASSAULT,1,11,Thursday,No,0,0,0.0078441817879141
DECEPTIVE PRACTICE,12,13,Sunday,No,0,0,0.0
MOTOR VEHICLE THEFT,25,21,Sunday,No,0,0,0.2893250610579807
OTHER OFFENSE,10,22,Wednesday,No,1,0,0.185957808155724
OTHER OFFENSE,10,18,Saturday,Yes,0,0,0.23174701199294934
NARCOTICS,25,18,Thursday,No,1,1,0.9584515126150903
THEFT,12,21,Friday,No,0,0,0.0
CRIMINAL DAMAGE,2,6,Tuesday,No,0,0,0.0
BATTERY,17,23,Monday,No,0,0,0.07916078024755363
BATTERY,11,0,Tuesday,Yes,0,0,0.051283478106668196
BATTERY,4,21,Friday,Yes,0,1,0.6600661826439547
CRIMINAL DAMAGE,6,22,Thursday,No,0,0,0.0
THEFT,14,14,Saturday,No,0,1,0.7478635960400202
CRIMINAL DAMAGE,11,19,Saturday,No,0,0,0.01
BATTERY,19,18,Tuesday,No,0,0,0.0
BATTERY,1,20,Thursday,No,0,0,0.0
BATTERY,11,15,Saturday,Yes,0,1,0.6784515126150903
CRIMINAL DAMAGE,8,2,Friday,No,0,0,0.0
OTHER OFFENSE,5,21,Wednesday,No,1,1,0.5851700197883732
BATTERY,16,18,Friday,No,0,0,0.23191072409921185
OTHER OFFENSE,3,22,Saturday,Yes,0,0,0.18915205475927757
THEFT,22,0,Friday,No,0,0,0.0
MOTOR VEHICLE THEFT,6,23,Sunday,No,0,0,0.0
BATTERY,15,3,Saturday,Yes,1,0,0.07125802231517268
DECEPTIVE PRACTICE,6,9,Thursday,No,0,0,0.0
NARCOTICS,5,22,Friday,No,1,1,0.9036760983403782
THEFT,18,0,Sunday,No,0,0,0.0
THEFT,5,19,Monday,No,1,1,0.7269203068686675
THEFT,1,12,Saturday,No,0,1,0.5662412842379944
STALKING,14,1,Sunday,Yes,0,0,0.15
ASSAULT,4,15,Friday,No,0,0,0.021768407243716818
BURGLARY,4,17,Thursday,No,0,0,0.0
DECEPTIVE PRACTICE,18,0,Tuesday,No,0,0,0.0
ASSAULT,11,9,Wednesday,No,0,1,0.6013738281639697
BATTERY,3,21,Monday,Yes,0,1,0.5463221257519406
DECEPTIVE PRACTICE,25,18,Sunday,No,0,0,0.0
CRIMINAL DAMAGE,10,1,Sunday,No,0,0,0.03
BATTERY,6,11,Friday,Yes,0,1,0.9289114902916702
ROBBERY,18,6,Sunday,No,0,0,0.03916078024755363
THEFT,11,10,Tuesday,No,0,0,0.0
WEAPONS VIOLATION,5,6,Tuesday,No,1,1,0.89
BURGLARY,2,1,Sunday,No,0,0,0.01
THEFT,7,22,Thursday,No,0,0,0.009160780247553625
ASSAULT,24,16,Friday,No,0,0,0.04377131192735118
THEFT,2,10,Sunday,No,0,0,0.006453026568063544
THEFT,8,14,Sunday,No,0,0,0.0
CONCEALED CARRY LICENSE VIOLATION,19,14,Friday,No,1,1,0.5971812727489892
OTHER OFFENSE,4,2,Saturday,No,1,0,0.09598432340320763
THEFT,1,14,Sunday,No,0,0,0.0
THEFT,2,10,Monday,No,0,0,0.0
BURGLARY,3,2,Monday,No,0,0,0.06
DECEPTIVE PRACTICE,2,8,Saturday,No,0,0,0.0
NARCOTICS,12,11,Friday,No,1,1,0.9795620117022357
THEFT,24,16,Thursday,No,0,0,0.010151820333452053
BATTERY,11,10,Thursday,Yes,0,0,0.17249234608163863
ROBBERY,10,3,Sunday,No,0,0,0.0
NARCOTICS,9,12,Monday,No,1,1,0.9962201884255406
CRIMINAL DAMAGE,12,20,Wednesday,No,0,0,0.0
BATTERY,2,0,Friday,Yes,1,0,0.01
THEFT,1,11,Friday,Yes,0,0,0.023216219036435292
DECEPTIVE PRACTICE,19,16,Saturday,No,0,0,0.0
ASSAULT,9,15,Tuesday,No,0,0,0.04574785082516345
CRIMINAL DAMAGE,4,3,Thursday,No,0,0,0.0
THEFT,19,12,Thursday,No,0,0,0.0
OTHER OFFENSE,6,23,Thursday,Yes,0,0,0.059160780247553627
BATTERY,24,20,Friday,Yes,1,1,0.6183987465508232
BATTERY,11,12,Tuesday,Yes,1,0,0.07099438369966574
WEAPONS VIOLATION,11,16,Sunday,No,1,1,0.9591605883056321
THEFT,10,13,Monday,No,0,0,0.17417300143349818
BURGLARY,16,17,Monday,No,0,0,0.0
ROBBERY,10,4,Tuesday,No,0,0,0.0
CRIMINAL DAMAGE,4,4,Friday,No,0,0,0.0
THEFT,3,18,Sunday,No,0,0,0.007005186824804256
OTHER OFFENSE,19,21,Sunday,Yes,0,0,0.03
THEFT,12,9,Friday,No,0,0,0.0
THEFT,1,20,Monday,No,0,0,0.0
MOTOR VEHICLE THEFT,11,18,Sunday,No,0,0,0.0
MOTOR VEHICLE THEFT,25,12,Sunday,No,0,0,0.0
CRIMINAL DAMAGE,3,15,Sunday,No,0,0,0.0
ROBBERY,3,11,Saturday,No,0,0,0.03
THEFT,22,17,Thursday,No,0,0,0.017318285359287637
DECEPTIVE PRACTICE,9,16,Tuesday,No,0,0,0.0
THEFT,25,15,Saturday,No,0,0,0.011251719817501997
BATTERY,20,20,Wednesday,Yes,0,1,0.67
BATTERY,24,9,Tuesday,No,0,0,0.0
BURGLARY,5,2,Friday,No,0,0,0.0
CRIMINAL DAMAGE,9,2,Thursday,No,0,1,0.5545736645109264
CRIMINAL TRESPASS,1,0,Friday,No,1,0,0.1695620117022356
OTHER OFFENSE,20,9,Sunday,Yes,0,0,0.08521893228974378
ROBBERY,19,1,Saturday,No,0,0,0.0
THEFT,25,13,Tuesday,No,0,0,0.40253969438244325
BATTERY,3,4,Saturday,Yes,0,1,0.7122228245424416
STALKING,6,0,Friday,Yes,0,0,0.22753248913279747
DECEPTIVE PRACTICE,1,9,Tuesday,No,0,0,0.01306311407765788
DECEPTIVE PRACTICE,24,0,Friday,No,0,0,0.006453026568063544
MOTOR VEHICLE THEFT,8,13,Sunday,No,0,0,0.0
THEFT,1,23,Thursday,No,0,0,0.0
BATTERY,4,14,Sunday,No,0,0,0.02
MOTOR VEHICLE THEFT,6,17,Friday,No,0,0,0.0
ASSAULT,16,19,Friday,Yes,0,1,0.860369522640797
DECEPTIVE PRACTICE,25,11,Saturday,No,0,0,0.0
BATTERY,9,3,Sunday,No,0,1,0.5557613689603985
BATTERY,1,9,Wednesday,No,0,0,0.02
THEFT,10,16,Monday,No,0,1,0.5150076893457396
BATTERY,12,16,Monday,No,0,1,0.8317604715293332
THEFT,12,16,Saturday,No,0,1,0.5124016867126834
CRIMINAL DAMAGE,17,5,Friday,No,0,0,0.0
THEFT,18,6,Tuesday,No,0,0,0.4471601775673395
OTHER OFFENSE,10,15,Monday,Yes,0,0,0.04916078024755363
ASSAULT,8,19,Tuesday,No,0,0,0.02476344520824909
WEAPONS VIOLATION,2,15,Tuesday,No,1,1,0.86
ASSAULT,8,14,Wednesday,No,1,0,0.4857264347429752
BATTERY,3,13,Sunday,Yes,0,0,0.00685847363058561
OTHER OFFENSE,6,7,Tuesday,No,0,0,0.0
OFFENSE INVOLVING CHILDREN,8,13,Saturday,Yes,0,0,0.11
CRIMINAL DAMAGE,24,6,Tuesday,No,0,0,0.0
THEFT,3,13,Thursday,No,0,0,0.008451512615090279
THEFT,12,22,Sunday,No,0,0,0.0
THEFT,18,11,Monday,No,0,0,0.006717779749081232
ASSAULT,25,19,Saturday,No,0,0,0.10577073807968648
BATTERY,2,17,Tuesday,Yes,0,1,0.6373182853592876
NARCOTICS,15,19,Wednesday,No,1,1,1.0
DECEPTIVE PRACTICE,4,11,Monday,No,0,0,0.0
MOTOR VEHICLE THEFT,25,0,Saturday,No,0,1,0.6159954896037626
ASSAULT,2,2,Tuesday,Yes,0,0,0.08845151261509027
ASSAULT,2,22,Friday,Yes,0,0,0.018451512615090277
THEFT,12,9,Monday,No,0,0,0.0
BATTERY,3,1,Saturday,Yes,0,0,0.006453026568063544
MOTOR VEHICLE THEFT,4,21,Monday,No,0,0,0.0
THEFT,3,18,Tuesday,No,0,0,0.0
BATTERY,15,1,Thursday,Yes,0,1,0.67
MOTOR VEHICLE THEFT,9,13,Sunday,No,0,0,0.0
NARCOTICS,3,19,Sunday,No,1,1,0.97
BATTERY,15,8,Monday,Yes,1,0,0.0206752772628403
THEFT,12,13,Tuesday,No,0,0,0.0
CRIMINAL DAMAGE,16,13,Wednesday,No,0,0,0.0
CRIMINAL TRESPASS,15,14,Wednesday,No,0,0,0.10451575450920635
BATTERY,10,11,Sunday,Yes,0,0,0.05
ROBBERY,6,16,Saturday,No,0,1,0.5470856090817585
THEFT,5,3,Tuesday,No,0,0,0.01
ROBBERY,4,9,Friday,No,0,0,0.0
CRIMINAL DAMAGE,12,15,Friday,No,0,0,0.0
CRIMINAL DAMAGE,11,3,Wednesday,No,0,0,0.0
THEFT,18,8,Wednesday,No,0,1,0.6790130124670987
BATTERY,1,8,Friday,No,0,1,0.7739450740176502
OTHER OFFENSE,10,11,Friday,No,0,0,0.099339920458977
BATTERY,4,2,Sunday,Yes,1,1,0.6003392623461464
CRIMINAL DAMAGE,14,2,Friday,No,0,0,0.0
OTHER OFFENSE,15,20,Monday,No,0,0,0.20799262251681935
THEFT,12,14,Wednesday,No,0,0,0.0
ASSAULT,15,2,Monday,Yes,0,1,0.6349045391831539
THEFT,19,12,Friday,No,0,0,0.0
ASSAULT,14,17,Saturday,No,0,0,0.03164175754337953
ASSAULT,7,21,Tuesday,No,0,0,0.07
BATTERY,4,0,Friday,Yes,0,1,0.5330481750800312
BATTERY,3,15,Thursday,Yes,0,0,0.017318285359287637
BATTERY,8,18,Thursday,Yes,0,0,0.02
BATTERY,24,6,Monday,Yes,0,0,0.09645302656806354
ASSAULT,12,13,Saturday,Yes,0,0,0.11
OTHER OFFENSE,9,8,Monday,No,0,0,0.018451512615090277
BATTERY,1,7,Sunday,No,0,1,0.5570629481805431
BATTERY,11,2,Sunday,Yes,0,0,0.4993721486924499
MOTOR VEHICLE THEFT,22,6,Wednesday,No,0,0,0.0
CRIMINAL DAMAGE,4,2,Monday,No,0,0,0.0
DECEPTIVE PRACTICE,18,5,Monday,No,0,0,0.00942441886306058
BATTERY,7,2,Friday,Yes,1,1,0.8974379431803865
WEAPONS VIOLATION,10,20,Saturday,No,1,1,1.0
BATTERY,18,19,Friday,No,0,0,0.0
THEFT,22,13,Saturday,Yes,0,0,0.02
BURGLARY,18,4,Saturday,No,0,0,0.0
OTHER OFFENSE,9,16,Monday,No,0,0,0.1178441817879141
OFFENSE INVOLVING CHILDREN,9,0,Thursday,Yes,0,0,0.06845151261509028
BATTERY,14,17,Friday,Yes,1,0,0.01
BATTERY,4,12,Sunday,Yes,1,0,0.0
MOTOR VEHICLE THEFT,19,22,Friday,No,0,0,0.0
CRIMINAL DAMAGE,19,16,Thursday,No,0,0,0.0
THEFT,16,14,Saturday,No,0,0,0.0
MOTOR VEHICLE THEFT,8,0,Tuesday,No,0,0,0.0
DECEPTIVE PRACTICE,1,18,Tuesday,No,0,0,0.0
CRIMINAL DAMAGE,9,2,Thursday,Yes,0,0,0.14688029706152322
DECEPTIVE PRACTICE,8,0,Wednesday,No,0,0,0.0
OTHER OFFENSE,3,18,Thursday,No,0,0,0.07878297347661783
CRIMINAL DAMAGE,12,4,Tuesday,No,0,0,0.0
BURGLARY,5,19,Monday,No,0,0,0.02
BATTERY,4,0,Sunday,Yes,1,1,0.8280358145323211
CRIMINAL DAMAGE,10,7,Wednesday,No,0,0,0.02206643248269086
THEFT,18,21,Friday,No,0,0,0.42944731731038516
BATTERY,7,16,Thursday,No,0,0,0.0
THEFT,20,12,Wednesday,No,0,0,0.2246125167906521
THEFT,18,20,Tuesday,No,0,0,0.0
BATTERY,2,20,Tuesday,No,1,0,0.01832156049510725
ASSAULT,4,20,Wednesday,No,0,0,0.01
BURGLARY,1,18,Tuesday,No,0,0,0.008451512615090279
NARCOTICS,11,16,Thursday,No,1,1,1.0
MOTOR VEHICLE THEFT,12,0,Tuesday,No,0,0,0.0
ASSAULT,2,4,Wednesday,Yes,0,0,0.11606380547773419
CRIMINAL TRESPASS,14,1,Friday,No,1,0,0.25
BATTERY,16,23,Sunday,No,0,0,0.0278441817879141
THEFT,18,17,Wednesday,No,0,1,0.5138047078250247
MOTOR VEHICLE THEFT,4,13,Tuesday,No,0,0,0.0
CRIMINAL DAMAGE,19,13,Tuesday,No,0,0,0.01
THEFT,14,1,Tuesday,No,0,1,0.6087536376462763
MOTOR VEHICLE THEFT,19,20,Sunday,No,0,0,0.0
CRIMINAL DAMAGE,7,12,Sunday,No,0,0,0.01
BATTERY,17,21,Monday,Yes,0,0,0.06506426471745547
ASSAULT,22,8,Wednesday,No,0,0,0.01
OTHER OFFENSE,24,13,Friday,No,0,0,0.037318285359287634
BATTERY,18,9,Sunday,Yes,0,0,0.16645302656806354
CRIMINAL TRESPASS,9,18,Saturday,No,0,1,0.5887703934516646
MOTOR VEHICLE THEFT,24,3,Sunday,No,0,0,0.0
THEFT,11,19,Saturday,No,0,0,0.0
BATTERY,12,15,Thursday,No,0,0,0.01
ROBBERY,3,12,Friday,No,0,0,0.0078441817879141
CRIMINAL DAMAGE,3,23,Sunday,No,0,0,0.00685847363058561
CRIMINAL DAMAGE,5,14,Saturday,Yes,0,0,0.0528065097000824
THEFT,17,13,Monday,No,0,0,0.030560971596632926
BATTERY,17,19,Friday,Yes,0,0,0.09
MOTOR VEHICLE THEFT,8,22,Friday,No,1,0,0.0
OTHER OFFENSE,8,16,Monday,Yes,1,0,0.07183454355742067
THEFT,6,0,Sunday,No,0,0,0.006858473630585608
BATTERY,25,0,Friday,Yes,1,1,0.7474309101033333
THEFT,11,17,Wednesday,No,0,0,0.0
ASSAULT,1,20,Tuesday,No,0,0,0.07576979797437793
BATTERY,18,21,Saturday,No,0,1,0.6025362908361496
ASSAULT,5,11,Sunday,Yes,0,0,0.10832156049510726
MOTOR VEHICLE THEFT,6,14,Tuesday,Yes,0,0,0.17845151261509026
THEFT,22,21,Tuesday,No,0,0,0.02
BURGLARY,17,21,Friday,No,0,0,0.0
CRIMINAL DAMAGE,2,3,Tuesday,No,0,0,0.0
THEFT,12,15,Monday,No,0,0,0.004055542804682121
CRIMINAL TRESPASS,4,21,Sunday,No,0,0,0.23576979797437791
THEFT,15,10,Saturday,No,0,0,0.05530300490172853
ASSAULT,22,18,Wednesday,No,0,0,0.3728741380461299
ASSAULT,25,22,Monday,Yes,0,0,0.30913502549127836
KIDNAPPING,12,18,Tuesday,Yes,0,0,0.02
BURGLARY,14,20,Saturday,No,0,0,0.0
ASSAULT,16,16,Friday,No,0,1,0.6190742075708229
BATTERY,16,20,Saturday,Yes,0,0,0.0
BATTERY,3,13,Thursday,No,0,0,0.0
CRIMINAL TRESPASS,6,16,Saturday,No,0,0,0.09
BATTERY,5,19,Wednesday,Yes,0,0,0.0
THEFT,6,11,Wednesday,No,0,0,0.0
NARCOTICS,7,21,Tuesday,No,1,1,0.99
BATTERY,17,17,Friday,No,1,0,0.03
THEFT,12,10,Monday,No,0,0,0.0
CRIMINAL DAMAGE,7,4,Wednesday,No,0,0,0.04
NARCOTICS,11,11,Monday,No,1,1,1.0
BATTERY,6,16,Thursday,No,1,0,0.4811473483431454
CRIMINAL DAMAGE,12,19,Saturday,No,0,0,0.02731828535928764
MOTOR VEHICLE THEFT,25,7,Monday,No,0,0,0.0
MOTOR VEHICLE THEFT,3,10,Friday,No,0,0,0.01
THEFT,12,13,Sunday,No,0,0,0.374010766547928
THEFT,10,21,Tuesday,No,0,1,0.5499296736195824
BATTERY,24,16,Sunday,No,0,1,0.5757942951233597
MOTOR VEHICLE THEFT,2,0,Wednesday,No,0,0,0.0
CRIMINAL DAMAGE,8,9,Monday,No,0,0,0.0
MOTOR VEHICLE THEFT,5,19,Tuesday,No,0,0,0.0
NARCOTICS,5,12,Friday,No,1,1,0.9994244188630605
THEFT,1,23,Friday,No,0,0,0.44881952384330814
ASSAULT,8,18,Monday,No,0,0,0.0
CRIMINAL DAMAGE,18,4,Saturday,No,0,0,0.0
CRIMINAL DAMAGE,4,3,Sunday,No,0,0,0.0
THEFT,9,18,Sunday,No,0,0,0.0
CRIMINAL DAMAGE,11,11,Wednesday,No,0,0,0.05407681359778725
BATTERY,7,14,Wednesday,No,0,0,0.0
CRIMINAL DAMAGE,7,18,Thursday,Yes,0,0,0.037318285359287634
THEFT,1,18,Monday,No,0,1,0.6037273738652827
BURGLARY,16,23,Friday,No,0,0,0.01
CRIMINAL DAMAGE,11,11,Sunday,No,0,1,0.5623228892560451
THEFT,8,9,Wednesday,No,0,0,0.05352041660871139
DECEPTIVE PRACTICE,12,10,Wednesday,No,0,0,0.0
BATTERY,3,10,Friday,No,0,0,0.0
THEFT,18,15,Wednesday,No,1,0,0.31078957206969965
CRIMINAL DAMAGE,19,14,Sunday,No,0,0,0.019160780247553626
THEFT,7,5,Thursday,No,0,0,0.0
THEFT,9,22,Friday,No,0,0,0.0
DECEPTIVE PRACTICE,19,0,Friday,No,0,0,0.006453026568063544
ROBBERY,15,18,Saturday,No,0,0,0.0
CRIMINAL DAMAGE,3,16,Tuesday,No,0,0,0.00577073807968648
THEFT,11,10,Tuesday,No,0,0,0.0
BATTERY,12,16,Friday,No,0,0,0.169344665191815
THEFT,19,9,Wednesday,No,0,0,0.0
THEFT,19,8,Sunday,No,0,0,0.017268600650974682
WEAPONS VIOLATION,4,17,Monday,No,1,1,0.98
BURGLARY,8,12,Friday,No,0,0,0.0
THEFT,19,11,Wednesday,No,0,0,0.0
BATTERY,8,12,Saturday,Yes,0,0,0.0
THEFT,10,15,Monday,No,0,1,0.5580582387056553
BATTERY,16,0,Sunday,Yes,0,0,0.32441397827924734
THEFT,25,10,Thursday,No,0,1,0.6903661693221192
THEFT,19,14,Wednesday,No,0,0,0.4610422509309795
DECEPTIVE PRACTICE,9,12,Wednesday,No,0,0,0.0
THEFT,5,10,Friday,No,0,1,0.5564684573140619
BATTERY,10,8,Monday,No,0,0,0.0
ASSAULT,5,18,Wednesday,Yes,0,0,0.13731828535928764
BURGLARY,10,22,Monday,No,0,0,0.11597178281510882
MOTOR VEHICLE THEFT,16,16,Monday,No,1,0,0.0
OTHER OFFENSE,3,7,Wednesday,Yes,0,0,0.05
BATTERY,22,16,Sunday,Yes,0,0,0.01
THEFT,6,9,Tuesday,Yes,0,0,0.0
ASSAULT,5,11,Tuesday,No,0,0,0.08422131058946819
ASSAULT,15,18,Sunday,Yes,0,0,0.02206643248269086
DECEPTIVE PRACTICE,19,17,Sunday,No,0,0,0.0
CRIMINAL DAMAGE,15,21,Wednesday,No,0,0,0.03
BATTERY,3,17,Sunday,Yes,0,1,0.5771281584292922
ASSAULT,2,9,Sunday,No,0,0,0.03845151261509028
BATTERY,22,2,Sunday,Yes,1,1,0.541157953369851
THEFT,10,13,Monday,No,0,0,0.17417300143349818
THEFT,5,13,Tuesday,No,0,1,0.8449142743611533
BATTERY,15,23,Sunday,Yes,0,1,0.6599917488296358
THEFT,10,10,Thursday,No,0,0,0.007005186824804256
BATTERY,3,12,Monday,Yes,1,0,0.0
THEFT,1,18,Friday,No,1,1,0.5471928318835083
ASSAULT,3,12,Saturday,No,0,0,0.0
THEFT,14,12,Monday,No,0,0,0.017004962035467724
BATTERY,3,18,Sunday,Yes,0,1,0.8922622491016401
BURGLARY,19,22,Tuesday,No,0,0,0.0
CRIMINAL TRESPASS,12,16,Wednesday,No,0,1,0.6133163330109129
DECEPTIVE PRACTICE,15,10,Monday,No,0,0,0.0
ASSAULT,6,2,Wednesday,No,0,0,0.05
OTHER OFFENSE,25,18,Sunday,No,0,0,0.15872792918806042
THEFT,2,19,Thursday,No,0,1,0.540317655380454
DECEPTIVE PRACTICE,2,20,Monday,No,0,0,0.0
HOMICIDE,15,11,Saturday,No,0,0,0.21787593147815087
THEFT,5,12,Monday,No,0,0,0.0
BATTERY,11,5,Thursday,Yes,1,1,0.6533407732196526
THEFT,18,8,Thursday,No,0,1,0.8091610838047261
BATTERY,12,23,Tuesday,Yes,0,1,0.7178759314781509
MOTOR VEHICLE THEFT,15,3,Monday,No,0,0,0.0
MOTOR VEHICLE THEFT,8,12,Monday,No,0,0,0.07451531809282447
NARCOTICS,3,21,Wednesday,No,1,1,1.0
WEAPONS VIOLATION,4,0,Friday,No,1,1,0.8249305782219315
MOTOR VEHICLE THEFT,9,12,Sunday,No,0,0,0.009562011702235602
THEFT,20,13,Tuesday,No,0,0,0.0
THEFT,25,11,Tuesday,No,0,1,0.5099039748742956
THEFT,7,15,Monday,No,0,0,0.016903025230180557
THEFT,25,2,Saturday,Yes,0,0,0.02
CRIMINAL TRESPASS,8,12,Tuesday,No,0,1,0.5305160987327767
BATTERY,4,9,Sunday,Yes,0,0,0.08986115644386308
CRIMINAL DAMAGE,12,3,Tuesday,Yes,0,0,0.12
BATTERY,18,3,Friday,No,0,0,0.01
STALKING,24,14,Saturday,No,0,0,0.0
OTHER OFFENSE,12,0,Friday,Yes,0,0,0.05
NARCOTICS,11,7,Thursday,No,1,1,1.0
CRIMINAL DAMAGE,4,22,Wednesday,No,0,0,0.0
WEAPONS VIOLATION,7,20,Tuesday,No,1,1,0.9853545378452709
BURGLARY,24,12,Tuesday,No,0,0,0.05353847378482807
CRIMINAL TRESPASS,3,11,Monday,No,0,1,0.5825226221297686
ROBBERY,3,17,Thursday,No,0,0,0.006092840825826474
BATTERY,16,9,Sunday,No,0,0,0.07198163860725953
THEFT,1,12,Tuesday,No,0,1,0.5613414859556278
BATTERY,9,5,Monday,Yes,0,1,0.7784963018350795
CRIMINAL DAMAGE,19,18,Friday,No,0,0,0.13737128932287204
BATTERY,12,23,Tuesday,No,0,0,0.08044173204685036
CRIMINAL DAMAGE,4,2,Sunday,Yes,1,0,0.047318285359287636
CRIMINAL DAMAGE,4,15,Wednesday,Yes,1,0,0.02
ASSAULT,6,19,Tuesday,No,0,0,0.4478025836806642
THEFT,14,1,Friday,No,0,0,0.0
CRIMINAL DAMAGE,24,21,Wednesday,Yes,0,0,0.11
THEFT,3,14,Saturday,No,0,0,0.008451512615090279
MOTOR VEHICLE THEFT,8,23,Saturday,No,0,0,0.0
OTHER OFFENSE,3,23,Monday,No,0,0,0.23
MOTOR VEHICLE THEFT,25,0,Monday,No,0,0,0.0
BURGLARY,20,18,Sunday,No,0,0,0.11
THEFT,19,17,Wednesday,No,1,0,0.3905943874761009
BATTERY,10,10,Saturday,No,0,1,0.7019960084803085
CRIMINAL DAMAGE,19,4,Saturday,No,0,0,0.0
BATTERY,7,8,Thursday,Yes,0,0,0.03648424758718434
ASSAULT,4,13,Thursday,Yes,0,0,0.02
THEFT,20,17,Saturday,No,0,0,0.43540541014990114
THEFT,18,9,Saturday,No,0,1,0.7596438950368436
ASSAULT,15,22,Thursday,No,1,0,0.04
BATTERY,7,9,Saturday,No,0,0,0.0714187797393869
PUBLIC INDECENCY,12,10,Friday,No,1,0,0.2821219575199243
THEFT,4,17,Wednesday,No,0,0,0.0
MOTOR VEHICLE THEFT,10,3,Sunday,No,0,0,0.0
BATTERY,24,13,Saturday,Yes,0,0,0.02
THEFT,12,13,Saturday,No,0,0,0.4147444318542675
BATTERY,6,6,Monday,Yes,0,1,0.8425168320457977
NARCOTICS,11,14,Thursday,No,1,1,1.0
ASSAULT,9,15,Thursday,No,0,0,0.02931716319535987
OTHER OFFENSE,5,22,Monday,No,1,0,0.21891693730143966
MOTOR VEHICLE THEFT,7,0,Thursday,Yes,0,0,0.10760581221555848
BURGLARY,1,6,Tuesday,No,0,1,0.66
THEFT,11,8,Friday,No,0,0,0.0
BURGLARY,2,17,Friday,No,0,0,0.0
BURGLARY,9,13,Sunday,No,0,0,0.044904539183153826
THEFT,2,13,Saturday,No,0,0,0.4063659081412921
OTHER OFFENSE,19,19,Wednesday,No,1,1,0.88
CRIMINAL DAMAGE,25,13,Monday,No,0,1,0.54
BATTERY,15,13,Wednesday,Yes,0,0,0.05338209083702182
THEFT,14,7,Saturday,No,0,1,0.5666892229764691
MOTOR VEHICLE THEFT,3,23,Saturday,No,0,0,0.007318285359287636
ROBBERY,18,4,Sunday,No,0,0,0.0
OTHER OFFENSE,5,11,Friday,Yes,0,1,0.628875593064797
THEFT,5,17,Tuesday,No,0,1,0.6190436680285671
BATTERY,5,13,Wednesday,No,1,0,0.4586522683311258
ROBBERY,17,14,Wednesday,No,0,0,0.04
WEAPONS VIOLATION,6,19,Monday,No,1,1,0.94
BATTERY,9,9,Tuesday,Yes,0,0,0.0
CRIMINAL DAMAGE,15,3,Friday,Yes,0,0,0.03
DECEPTIVE PRACTICE,16,12,Monday,No,0,0,0.0
CRIMINAL DAMAGE,20,0,Wednesday,No,0,1,0.5681464980022323
BATTERY,20,15,Sunday,Yes,1,1,0.564878277931316
BATTERY,3,19,Monday,Yes,0,0,0.35342572496107943
ASSAULT,19,0,Thursday,No,0,0,0.05576979797437791
BATTERY,22,6,Friday,Yes,0,0,0.018451512615090277
ASSAULT,17,8,Thursday,No,0,0,0.029160780247553628
CRIMINAL DAMAGE,2,7,Saturday,No,0,0,0.0
OFFENSE INVOLVING CHILDREN,16,7,Tuesday,Yes,0,0,0.15
ASSAULT,8,20,Sunday,No,0,0,0.0
THEFT,8,15,Friday,No,0,0,0.26238864256670746
CRIMINAL TRESPASS,3,8,Wednesday,No,1,0,0.15731828535928763
BATTERY,7,17,Monday,No,0,0,0.03
CRIMINAL TRESPASS,6,11,Sunday,No,1,0,0.12942441886306055
BATTERY,15,10,Saturday,Yes,0,0,0.04576979797437792
CRIMINAL DAMAGE,5,10,Sunday,Yes,0,0,0.059197546464181114
DECEPTIVE PRACTICE,19,0,Saturday,No,0,0,0.01
MOTOR VEHICLE THEFT,2,17,Sunday,No,0,0,0.0078441817879141
BURGLARY,8,15,Friday,No,0,0,0.01
BATTERY,1,1,Thursday,No,0,0,0.029160780247553628
MOTOR VEHICLE THEFT,10,5,Monday,No,0,0,0.16
ASSAULT,17,13,Friday,No,0,0,0.017318285359287637
CRIMINAL TRESPASS,22,15,Wednesday,No,0,0,0.230125882637679
THEFT,2,21,Thursday,Yes,0,0,0.060968344660888005
BATTERY,7,11,Monday,No,0,0,0.0
BATTERY,8,15,Tuesday,Yes,0,0,0.03601503827029914
BURGLARY,14,4,Tuesday,No,0,0,0.0
INTERFERENCE WITH PUBLIC OFFICER,4,1,Thursday,No,1,1,0.71
BATTERY,4,1,Sunday,Yes,0,0,0.45443639140287506
NARCOTICS,11,9,Thursday,No,1,1,1.0
BURGLARY,3,9,Sunday,No,0,0,0.06
NARCOTICS,10,17,Wednesday,No,1,1,1.0
BATTERY,9,18,Saturday,No,1,0,0.06874660769675554
THEFT,17,14,Wednesday,No,1,0,0.4337170468173813
BATTERY,5,10,Thursday,Yes,0,0,0.03
CRIMINAL DAMAGE,2,5,Thursday,No,0,0,0.0
MOTOR VEHICLE THEFT,4,17,Monday,No,0,0,0.0
BURGLARY,3,15,Monday,No,0,0,0.0
THEFT,18,23,Friday,No,0,0,0.0
MOTOR VEHICLE THEFT,2,0,Wednesday,No,0,0,0.0
THEFT,1,11,Thursday,No,0,0,0.451285789176079
THEFT,16,3,Wednesday,No,0,0,0.15
MOTOR VEHICLE THEFT,12,20,Thursday,No,0,0,0.0
ASSAULT,9,14,Friday,No,0,0,0.07628295574353014
BURGLARY,7,8,Saturday,No,0,0,0.04
BURGLARY,12,19,Friday,No,0,0,0.0
THEFT,12,13,Wednesday,No,0,0,0.0
NARCOTICS,11,8,Tuesday,No,1,1,0.9973182853592877
SEX OFFENSE,12,20,Friday,No,0,0,0.03
THEFT,1,13,Sunday,No,1,0,0.4695213403459279
OTHER OFFENSE,11,21,Tuesday,No,0,0,0.06
MOTOR VEHICLE THEFT,8,5,Monday,No,0,0,0.0
BATTERY,19,22,Friday,No,0,0,0.13050512471354547
CRIMINAL DAMAGE,3,20,Sunday,No,0,0,0.0
BATTERY,14,2,Sunday,Yes,0,1,0.995912620380516
ASSAULT,5,15,Monday,No,1,0,0.018451512615090277
CRIMINAL DAMAGE,9,11,Wednesday,No,0,0,0.0
BATTERY,25,0,Saturday,No,1,0,0.04654953812768294
CRIMINAL TRESPASS,1,21,Tuesday,No,1,0,0.17845151261509026
BATTERY,2,20,Thursday,Yes,0,0,0.08356915648396822
BATTERY,8,18,Monday,No,0,1,0.5677893428433989
THEFT,3,2,Sunday,No,0,0,0.0
ASSAULT,7,13,Saturday,No,0,0,0.05297680972237762
CRIMINAL DAMAGE,6,2,Tuesday,No,0,0,0.0
BATTERY,5,1,Friday,No,0,0,0.16731828535928764
ASSAULT,9,18,Friday,Yes,0,0,0.03
BURGLARY,3,20,Monday,No,0,0,0.01
ASSAULT,12,14,Monday,No,0,0,0.05944589631475601
NARCOTICS,3,17,Monday,No,1,1,0.5191607802475536
CRIMINAL TRESPASS,1,21,Tuesday,No,1,0,0.17845151261509026
MOTOR VEHICLE THEFT,17,3,Sunday,No,0,0,0.0
BATTERY,24,4,Saturday,No,0,0,0.1
MOTOR VEHICLE THEFT,4,20,Tuesday,No,0,0,0.0
THEFT,25,7,Sunday,No,0,0,0.018451512615090277
THEFT,6,16,Sunday,No,0,1,0.58
ASSAULT,6,12,Monday,Yes,0,1,0.6358698977882059
THEFT,2,21,Thursday,No,0,0,0.009160780247553625
ASSAULT,7,20,Tuesday,Yes,0,1,0.62
OTHER OFFENSE,11,22,Sunday,Yes,0,0,0.12611219399808823
ASSAULT,4,22,Monday,No,0,1,0.9
BATTERY,11,5,Monday,Yes,0,1,0.69
BURGLARY,8,3,Saturday,No,0,0,0.0
THEFT,12,10,Thursday,No,0,0,0.0
BATTERY,20,13,Monday,Yes,1,0,0.11078198461427796
LIQUOR LAW VIOLATION,1,14,Saturday,No,1,1,0.7923772463521647
ARSON,9,20,Saturday,No,0,0,0.10226754208991426
THEFT,10,7,Thursday,No,0,0,0.0
CRIMINAL DAMAGE,22,11,Sunday,No,0,0,0.04
ASSAULT,4,0,Saturday,Yes,0,0,0.11967389075907361
HOMICIDE,12,13,Tuesday,No,0,0,0.01
ASSAULT,15,15,Friday,No,0,0,0.0
DECEPTIVE PRACTICE,12,11,Friday,No,0,0,0.005218932289743779
CRIMINAL DAMAGE,3,6,Thursday,No,0,0,0.0
BURGLARY,1,10,Sunday,No,0,0,0.008451512615090279
BURGLARY,19,12,Saturday,No,0,0,0.0
THEFT,9,15,Sunday,No,0,0,0.0
MOTOR VEHICLE THEFT,16,3,Saturday,No,0,0,0.01
DECEPTIVE PRACTICE,25,16,Tuesday,No,0,0,0.0
BATTERY,3,16,Friday,No,0,0,0.0
OTHER OFFENSE,5,19,Thursday,Yes,0,1,0.5622656183584241
BATTERY,10,1,Monday,Yes,0,1,0.6552686333640737
THEFT,19,18,Friday,No,0,0,0.05150185563149652
THEFT,14,15,Monday,No,0,0,0.0
THEFT,22,0,Wednesday,No,0,0,0.02
THEFT,5,0,Tuesday,Yes,0,0,0.01
CRIMINAL DAMAGE,22,17,Sunday,No,0,0,0.0
CRIMINAL DAMAGE,2,4,Monday,No,0,0,0.0
CRIMINAL DAMAGE,22,17,Saturday,No,0,0,0.0
ASSAULT,25,9,Sunday,Yes,0,1,0.76
BATTERY,3,8,Wednesday,Yes,0,1,0.529081002898513
BATTERY,7,10,Saturday,Yes,0,0,0.01
ROBBERY,11,19,Friday,No,0,0,0.01
ASSAULT,5,15,Tuesday,Yes,0,0,0.04
MOTOR VEHICLE THEFT,1,1,Monday,No,0,0,0.034636570718575274
THEFT,25,19,Friday,No,1,0,0.03
THEFT,10,23,Thursday,No,0,0,0.0
OTHER OFFENSE,11,18,Tuesday,Yes,0,0,0.05577073807968648
CRIMINAL TRESPASS,25,0,Thursday,No,0,1,0.54
CRIMINAL TRESPASS,25,0,Sunday,Yes,0,0,0.2361974919732581
DECEPTIVE PRACTICE,22,10,Friday,No,0,0,0.0
NARCOTICS,5,12,Sunday,No,1,1,1.0
ASSAULT,1,7,Tuesday,Yes,0,0,0.01
CRIMINAL DAMAGE,10,17,Sunday,No,0,0,0.01803668890236507
OBSCENITY,8,16,Friday,No,0,0,0.44153959594875586
THEFT,18,19,Friday,No,0,0,0.0
THEFT,9,8,Saturday,No,0,0,0.0
ASSAULT,6,9,Sunday,No,0,0,0.44535453784527085
THEFT,1,13,Monday,No,1,0,0.3683731852258805
OTHER OFFENSE,12,17,Friday,Yes,0,0,0.02845151261509028
DECEPTIVE PRACTICE,18,17,Saturday,No,0,0,0.0
THEFT,12,20,Saturday,No,0,0,0.4311856689639304
CRIMINAL DAMAGE,3,17,Monday,No,0,0,0.0
THEFT,2,10,Tuesday,No,0,0,0.0
DECEPTIVE PRACTICE,14,8,Wednesday,No,0,0,0.0
THEFT,19,18,Saturday,No,1,0,0.0
THEFT,19,7,Friday,No,0,0,0.0
MOTOR VEHICLE THEFT,6,16,Friday,No,0,0,0.0
THEFT,2,23,Friday,No,0,0,0.019160780247553626
BATTERY,3,4,Sunday,No,0,0,0.0
DECEPTIVE PRACTICE,3,12,Tuesday,No,0,0,0.14801389628402958
THEFT,6,18,Monday,No,0,0,0.0
DECEPTIVE PRACTICE,6,18,Wednesday,No,0,0,0.01
CRIMINAL DAMAGE,11,8,Wednesday,No,0,0,0.0
THEFT,9,11,Friday,No,0,0,0.4043726283123564
BATTERY,25,21,Wednesday,Yes,0,1,0.5437869855972263
BATTERY,17,23,Tuesday,No,0,0,0.2864580257068794
ASSAULT,9,22,Tuesday,Yes,0,0,0.04916078024755363
THEFT,12,1,Saturday,No,0,0,0.0
BATTERY,11,20,Monday,Yes,0,0,0.01
BATTERY,6,0,Friday,Yes,1,0,0.4341750873374103
CRIMINAL DAMAGE,10,22,Saturday,No,1,0,0.0
BATTERY,12,21,Monday,No,0,0,0.25999204866915465
THEFT,8,20,Sunday,Yes,0,0,0.0
WEAPONS VIOLATION,10,20,Monday,No,1,1,0.99
MOTOR VEHICLE THEFT,8,20,Thursday,No,0,0,0.01
NARCOTICS,11,16,Sunday,No,1,1,1.0
BURGLARY,14,12,Monday,No,0,0,0.019160780247553626
THEFT,12,5,Friday,No,0,0,0.0
DECEPTIVE PRACTICE,14,22,Monday,No,0,0,0.1
MOTOR VEHICLE THEFT,7,21,Saturday,No,0,0,0.0989536262826627
CRIMINAL DAMAGE,24,16,Friday,No,0,0,0.1776423924421497
WEAPONS VIOLATION,11,4,Saturday,No,0,1,0.8883215604951072
BATTERY,25,21,Sunday,Yes,0,1,0.8356076142626402
THEFT,19,16,Saturday,No,0,0,0.3908220309582145
THEFT,11,7,Wednesday,No,0,0,0.0
ASSAULT,9,1,Thursday,Yes,0,1,0.86
BATTERY,10,11,Wednesday,No,0,1,0.5720211775115036
WEAPONS VIOLATION,4,6,Tuesday,No,1,1,0.87
OTHER OFFENSE,5,10,Monday,Yes,0,1,0.583323075854898
MOTOR VEHICLE THEFT,12,23,Saturday,No,0,0,0.0
NARCOTICS,15,7,Thursday,No,1,1,0.97
MOTOR VEHICLE THEFT,22,22,Friday,No,0,0,0.0
DECEPTIVE PRACTICE,14,11,Friday,No,0,0,0.0
DECEPTIVE PRACTICE,18,13,Wednesday,No,0,0,0.0
BURGLARY,17,19,Monday,No,0,0,0.09757736238771228
BURGLARY,7,13,Wednesday,No,0,0,0.01
CRIMINAL DAMAGE,3,9,Thursday,No,0,0,0.0
BATTERY,5,8,Sunday,No,0,0,0.03
THEFT,18,17,Wednesday,No,0,1,0.5138047078250247
NARCOTICS,8,6,Tuesday,No,1,1,0.94
OFFENSE INVOLVING CHILDREN,15,12,Sunday,Yes,0,0,0.02731828535928764
OFFENSE INVOLVING CHILDREN,4,22,Thursday,Yes,0,0,0.05
OFFENSE INVOLVING CHILDREN,2,11,Sunday,Yes,0,0,0.08
ROBBERY,4,5,Thursday,No,0,0,0.01
THEFT,8,10,Friday,Yes,0,0,0.04
THEFT,19,15,Monday,No,0,0,0.2790583365290475
BATTERY,5,20,Wednesday,No,0,0,0.0
OTHER OFFENSE,25,2,Wednesday,No,0,0,0.3363221960815908
MOTOR VEHICLE THEFT,2,20,Wednesday,No,0,1,0.58
BATTERY,10,7,Sunday,No,0,0,0.02
INTERFERENCE WITH PUBLIC OFFICER,4,12,Monday,No,0,1,0.9389114902916701
BATTERY,9,6,Wednesday,Yes,1,1,0.84
ASSAULT,6,21,Sunday,No,0,0,0.029160780247553628
INTIMIDATION,1,7,Monday,No,0,0,0.05
THEFT,12,7,Tuesday,No,0,0,0.0
THEFT,12,0,Thursday,No,0,0,0.0
THEFT,5,20,Wednesday,No,0,0,0.014130422581413948
DECEPTIVE PRACTICE,18,12,Sunday,No,1,0,0.44483052613800855
OTHER OFFENSE,1,16,Thursday,Yes,0,0,0.03
BATTERY,12,22,Tuesday,No,0,0,0.0
CRIMINAL SEXUAL ASSAULT,20,0,Saturday,Yes,0,0,0.13
THEFT,6,10,Thursday,No,0,0,0.0
CRIMINAL SEXUAL ASSAULT,12,18,Saturday,Yes,0,0,0.05
MOTOR VEHICLE THEFT,19,15,Sunday,No,0,0,0.006453026568063544
BURGLARY,14,16,Thursday,No,0,0,0.0
CRIMINAL TRESPASS,9,11,Wednesday,No,0,1,0.6119105887969306
CRIMINAL DAMAGE,18,3,Sunday,No,0,0,0.1
WEAPONS VIOLATION,7,16,Saturday,No,1,1,0.75
OTHER OFFENSE,2,21,Monday,Yes,0,0,0.08845151261509027
SEX OFFENSE,7,9,Thursday,No,0,0,0.02645302656806354
THEFT,1,17,Saturday,No,0,0,0.4537153434281491
BATTERY,5,22,Friday,No,0,0,0.0851942168374385
THEFT,3,1,Friday,No,0,0,0.0
CRIMINAL DAMAGE,16,6,Wednesday,No,0,0,0.01
BATTERY,22,15,Monday,No,0,0,0.0576122928626439
OTHER OFFENSE,4,15,Wednesday,No,0,0,0.06576979797437792
CRIMINAL DAMAGE,2,6,Thursday,No,0,0,0.0
THEFT,18,13,Thursday,No,0,1,0.5545707570065289
MOTOR VEHICLE THEFT,19,19,Friday,No,0,0,0.0
ROBBERY,25,18,Saturday,No,0,0,0.02
BATTERY,22,16,Thursday,Yes,0,0,0.39647906560684126
OTHER OFFENSE,25,14,Friday,Yes,0,0,0.05
ASSAULT,9,16,Friday,Yes,1,0,0.1047634452082491
MOTOR VEHICLE THEFT,8,23,Thursday,No,0,0,0.32110591858549875
INTERFERENCE WITH PUBLIC OFFICER,7,4,Wednesday,No,1,1,0.88
THEFT,24,17,Sunday,No,0,0,0.01
THEFT,18,16,Monday,No,0,0,0.0
THEFT,4,0,Tuesday,No,0,0,0.05767929919299946
NARCOTICS,18,23,Monday,No,0,1,0.7292855753069237
CRIMINAL DAMAGE,2,2,Wednesday,No,0,0,0.0
MOTOR VEHICLE THEFT,25,18,Monday,No,0,0,0.01
DECEPTIVE PRACTICE,9,17,Monday,No,0,0,0.0
ASSAULT,16,20,Sunday,No,0,0,0.1076122928626439
CRIMINAL DAMAGE,9,20,Saturday,No,0,0,0.02
THEFT,2,13,Friday,No,0,0,0.0
DECEPTIVE PRACTICE,3,0,Friday,No,0,0,0.0
THEFT,1,11,Wednesday,No,0,0,0.0
BATTERY,25,16,Saturday,No,0,0,0.09330065643847212
BATTERY,12,16,Friday,Yes,0,0,0.07
BATTERY,12,17,Monday,No,0,0,0.08907201933887193
CRIMINAL DAMAGE,2,17,Sunday,No,0,0,0.0
WEAPONS VIOLATION,7,19,Monday,No,1,0,0.4533131556794067
THEFT,9,18,Thursday,No,0,0,0.0
ASSAULT,5,16,Thursday,No,0,0,0.0512002335861582
MOTOR VEHICLE THEFT,4,19,Friday,No,0,0,0.0
THEFT,1,12,Friday,No,0,0,0.26633711461988396
THEFT,18,18,Friday,No,0,0,0.4183067646787289
DECEPTIVE PRACTICE,12,15,Thursday,No,0,0,0.018911490291670167
BATTERY,9,23,Wednesday,No,0,0,0.01
CRIMINAL DAMAGE,25,23,Tuesday,No,1,0,0.017994502727436502
BATTERY,4,2,Sunday,Yes,1,1,0.6003392623461464
BATTERY,14,22,Wednesday,No,0,0,0.076718301286112
CRIMINAL DAMAGE,18,2,Sunday,No,0,1,0.63
THEFT,4,8,Friday,No,0,0,0.01
MOTOR VEHICLE THEFT,8,23,Thursday,No,0,0,0.32110591858549875
DECEPTIVE PRACTICE,22,17,Friday,No,0,0,0.01942441886306058
THEFT,18,6,Thursday,No,1,1,0.5366227759194129
BURGLARY,10,18,Monday,Yes,0,0,0.4596777852400262
WEAPONS VIOLATION,11,14,Friday,No,1,1,0.71
DECEPTIVE PRACTICE,8,12,Wednesday,No,0,0,0.0
WEAPONS VIOLATION,4,17,Saturday,No,1,1,0.9991607802475536
NARCOTICS,8,16,Saturday,No,1,1,0.99
OTHER OFFENSE,12,20,Thursday,Yes,0,0,0.034904539183153824
CRIMINAL DAMAGE,6,8,Friday,No,0,0,0.016903025230180557
BATTERY,1,5,Saturday,Yes,0,1,0.6405846329155193
WEAPONS VIOLATION,3,15,Tuesday,No,1,1,0.90656727390056
CRIMINAL DAMAGE,19,14,Thursday,No,0,0,0.01
ROBBERY,18,4,Saturday,No,0,0,0.01
THEFT,8,20,Monday,No,0,1,0.5989443663386589
WEAPONS VIOLATION,3,17,Wednesday,No,1,1,0.98
ASSAULT,3,18,Thursday,No,0,0,0.0
DECEPTIVE PRACTICE,18,11,Friday,No,0,0,0.0
ASSAULT,6,22,Monday,Yes,0,0,0.17378782221820646
THEFT,18,20,Friday,No,0,0,0.2715479801528335
BATTERY,12,2,Sunday,No,0,1,0.7652079300007337
ASSAULT,10,12,Wednesday,No,0,1,0.7956919060094475
WEAPONS VIOLATION,7,19,Friday,No,1,1,1.0
BURGLARY,25,17,Sunday,No,0,0,0.0
CRIMINAL TRESPASS,4,15,Tuesday,Yes,0,0,0.09
DECEPTIVE PRACTICE,8,11,Wednesday,No,0,0,0.0
ASSAULT,10,7,Thursday,No,0,0,0.15845151261509027
CRIMINAL DAMAGE,10,3,Thursday,No,0,0,0.005218932289743779
CRIMINAL DAMAGE,22,11,Wednesday,No,0,0,0.0
THEFT,11,17,Wednesday,No,0,0,0.0
MOTOR VEHICLE THEFT,17,10,Sunday,No,0,0,0.0
BURGLARY,4,3,Tuesday,No,0,0,0.0
BATTERY,10,9,Friday,No,0,0,0.0
DECEPTIVE PRACTICE,3,9,Monday,Yes,0,0,0.0
CRIMINAL DAMAGE,2,21,Sunday,No,0,0,0.0
ASSAULT,4,23,Tuesday,Yes,1,1,0.5673710419390149
THEFT,4,11,Monday,No,0,0,0.015309986245675889
THEFT,19,22,Monday,No,0,0,0.01
CRIMINAL DAMAGE,22,15,Saturday,No,0,0,0.0
CRIMINAL SEXUAL ASSAULT,18,23,Thursday,No,0,0,0.0
THEFT,1,18,Friday,No,0,1,0.5471928318835083
CRIMINAL TRESPASS,1,11,Thursday,No,0,1,0.5871565970288555
THEFT,6,14,Friday,No,0,0,0.037318285359287634
THEFT,5,9,Wednesday,No,0,0,0.1558981815973629
THEFT,6,0,Thursday,No,0,0,0.45613859675602547
ASSAULT,12,10,Monday,Yes,0,0,0.07645302656806355
BATTERY,12,14,Monday,Yes,0,0,0.00942441886306058
DECEPTIVE PRACTICE,8,12,Wednesday,No,0,0,0.0
OTHER OFFENSE,5,20,Sunday,Yes,0,0,0.04576979797437792
CRIMINAL TRESPASS,6,6,Friday,No,1,0,0.16112571234133916
HOMICIDE,7,22,Sunday,No,0,0,0.04
MOTOR VEHICLE THEFT,4,3,Saturday,No,0,0,0.01832156049510725
CRIMINAL DAMAGE,22,16,Monday,No,0,0,0.01
THEFT,10,14,Thursday,No,0,0,0.06209724206761906
OTHER OFFENSE,5,17,Thursday,Yes,1,0,0.12873662868229263
OTHER OFFENSE,25,23,Tuesday,No,0,0,0.019160780247553626
ASSAULT,19,15,Thursday,No,0,0,0.0
THEFT,12,1,Wednesday,No,0,0,0.0
THEFT,8,22,Thursday,No,0,0,0.0
ASSAULT,8,7,Saturday,No,0,0,0.12787593147815088
BATTERY,8,15,Friday,No,0,0,0.0
BATTERY,25,21,Tuesday,No,0,0,0.25891149029167015
BATTERY,8,23,Thursday,Yes,0,1,0.6383343807534062
DECEPTIVE PRACTICE,2,23,Saturday,No,0,0,0.09845151261509028
BATTERY,12,8,Wednesday,No,0,0,0.0
DECEPTIVE PRACTICE,18,20,Wednesday,No,0,0,0.0
THEFT,11,11,Saturday,No,0,0,0.006092840825826474
DECEPTIVE PRACTICE,2,0,Wednesday,No,0,0,0.0
CRIMINAL DAMAGE,2,4,Saturday,No,0,0,0.0
DECEPTIVE PRACTICE,19,12,Thursday,No,0,0,0.0
WEAPONS VIOLATION,11,10,Tuesday,No,1,1,0.8494244188630605
INTERFERENCE WITH PUBLIC OFFICER,1,21,Tuesday,No,1,1,0.94
MOTOR VEHICLE THEFT,1,19,Friday,No,0,0,0.0
OTHER OFFENSE,10,12,Monday,Yes,0,0,0.0
THEFT,5,6,Friday,No,0,0,0.0
MOTOR VEHICLE THEFT,10,10,Wednesday,No,0,0,0.01
CRIMINAL DAMAGE,10,4,Saturday,Yes,0,0,0.0
THEFT,9,18,Wednesday,No,1,0,0.3563274807474997
THEFT,19,14,Wednesday,No,0,0,0.4610422509309795
BATTERY,12,19,Thursday,No,0,0,0.06158431349622865
ASSAULT,4,12,Wednesday,No,0,0,0.09606113225378232
ASSAULT,11,17,Wednesday,No,0,0,0.023088083333665552
CRIMINAL DAMAGE,25,5,Monday,No,0,0,0.0
THEFT,12,23,Wednesday,No,0,0,0.0
THEFT,3,6,Friday,No,0,0,0.007318285359287636
OFFENSE INVOLVING CHILDREN,4,19,Saturday,No,0,0,0.04
THEFT,22,11,Wednesday,No,0,0,0.18798530266275912
BATTERY,7,21,Wednesday,No,0,0,0.05
ASSAULT,7,21,Thursday,No,0,0,0.08
THEFT,6,12,Sunday,No,0,0,0.0
MOTOR VEHICLE THEFT,19,23,Saturday,No,0,0,0.0
OTHER OFFENSE,24,14,Saturday,No,0,0,0.0
BATTERY,2,23,Friday,Yes,0,0,0.1339593205366299
THEFT,25,10,Thursday,No,0,1,0.6903661693221192
OTHER OFFENSE,2,0,Thursday,Yes,1,1,0.5683171755538061
THEFT,11,5,Tuesday,No,0,0,0.4
CRIMINAL DAMAGE,3,13,Wednesday,No,0,0,0.0
THEFT,8,19,Monday,Yes,0,0,0.02
THEFT,19,20,Monday,No,0,0,0.004212031822651292
THEFT,22,11,Saturday,No,0,0,0.3450886573520021
THEFT,9,5,Thursday,No,0,0,0.00577073807968648
BURGLARY,17,11,Friday,No,0,0,0.01
OTHER OFFENSE,6,22,Tuesday,Yes,0,0,0.18380605046036108
THEFT,5,0,Saturday,No,0,0,0.0
ROBBERY,9,13,Thursday,No,0,0,0.10439971463246493
BATTERY,8,9,Friday,Yes,1,0,0.1146019323177196
OTHER OFFENSE,17,7,Saturday,Yes,1,0,0.24629569440300436
CRIMINAL DAMAGE,16,19,Thursday,No,0,0,0.04
BURGLARY,25,0,Saturday,No,0,0,0.0
PUBLIC PEACE VIOLATION,18,17,Wednesday,No,0,0,0.4249807970120855
CRIMINAL DAMAGE,6,6,Friday,No,0,0,0.0
CRIMINAL SEXUAL ASSAULT,2,1,Sunday,No,0,0,0.01
MOTOR VEHICLE THEFT,4,22,Monday,No,0,0,0.01
NARCOTICS,1,16,Friday,No,1,1,0.97
CRIMINAL SEXUAL ASSAULT,2,14,Monday,No,0,0,0.04
MOTOR VEHICLE THEFT,14,22,Thursday,No,0,0,0.0
OFFENSE INVOLVING CHILDREN,5,17,Monday,No,0,0,0.025331809676613515
THEFT,6,14,Wednesday,No,0,0,0.472124860592032
BATTERY,2,21,Saturday,Yes,1,0,0.049991108563846115
ASSAULT,6,4,Saturday,No,0,0,0.1357697979743779
BATTERY,11,7,Tuesday,No,0,0,0.016903025230180557
THEFT,12,17,Wednesday,No,0,0,0.0
MOTOR VEHICLE THEFT,11,2,Tuesday,No,0,0,0.38377262428663445
ROBBERY,15,3,Wednesday,No,1,0,0.005218932289743779
THEFT,24,5,Friday,No,0,0,0.1978098049038285
THEFT,1,12,Tuesday,No,0,1,0.5613414859556278
THEFT,6,2,Thursday,No,0,0,0.08525036471893693
MOTOR VEHICLE THEFT,2,9,Wednesday,No,0,0,0.008451512615090279
ASSAULT,4,1,Friday,No,0,0,0.2502690223478947
BATTERY,25,8,Friday,Yes,0,0,0.3707496181292346
MOTOR VEHICLE THEFT,25,6,Monday,No,0,0,0.0
THEFT,19,19,Saturday,No,0,0,0.0
BATTERY,11,15,Saturday,Yes,0,1,0.6784515126150903
OTHER OFFENSE,25,15,Wednesday,No,0,0,0.009562011702235602
THEFT,10,20,Sunday,No,0,0,0.017161344983273975
THEFT,6,19,Thursday,No,0,0,0.0
MOTOR VEHICLE THEFT,1,15,Wednesday,No,0,0,0.04677307311019753
BATTERY,11,8,Wednesday,Yes,0,0,0.009160780247553625
THEFT,6,17,Thursday,Yes,0,0,0.0
THEFT,22,12,Tuesday,No,0,0,0.0
ASSAULT,3,10,Thursday,No,0,0,0.030964954917124973
BURGLARY,24,13,Friday,No,0,0,0.01
OTHER OFFENSE,8,9,Monday,No,0,0,0.02
CRIMINAL DAMAGE,14,19,Sunday,Yes,0,0,0.05690302523018056
ASSAULT,15,11,Wednesday,Yes,0,0,0.01
THEFT,24,20,Tuesday,No,0,0,0.008451512615090279
DECEPTIVE PRACTICE,8,10,Wednesday,No,0,0,0.0
BURGLARY,12,2,Thursday,No,0,0,0.0
BATTERY,5,18,Tuesday,Yes,1,1,0.6424562640552303
ROBBERY,10,3,Tuesday,No,0,0,0.0
OTHER OFFENSE,7,11,Monday,No,0,0,0.04338209083702182
BATTERY,4,15,Monday,No,0,0,0.0
THEFT,9,8,Tuesday,No,0,0,0.2497548694268141
CRIMINAL DAMAGE,5,15,Monday,Yes,1,0,0.048585199110614215
NARCOTICS,11,6,Monday,No,1,1,1.0
THEFT,15,8,Saturday,No,0,0,0.03852494406901526
BATTERY,17,1,Friday,Yes,0,0,0.02645302656806354
BATTERY,16,23,Tuesday,Yes,0,1,0.8581168475524745
THEFT,24,17,Saturday,No,0,0,0.052163699054439655
BURGLARY,6,9,Monday,No,0,0,0.01
THEFT,19,20,Saturday,No,0,0,0.0
THEFT,14,12,Thursday,No,1,0,0.4924867607213244
BATTERY,10,10,Wednesday,No,0,0,0.44619523393531757
THEFT,1,20,Monday,No,0,0,0.0
CRIMINAL DAMAGE,12,13,Wednesday,No,0,0,0.009160780247553625
CRIMINAL DAMAGE,4,20,Sunday,No,0,0,0.0
OTHER OFFENSE,22,11,Saturday,Yes,0,0,0.01
CRIMINAL DAMAGE,3,15,Friday,No,0,0,0.0
CRIMINAL TRESPASS,3,23,Thursday,No,0,1,0.73
SEX OFFENSE,9,10,Monday,Yes,0,0,0.03113431483411163
ASSAULT,4,10,Thursday,No,0,0,0.0
THEFT,10,9,Saturday,No,0,0,0.0
DECEPTIVE PRACTICE,1,0,Wednesday,No,0,0,0.012832594868855853
DECEPTIVE PRACTICE,18,17,Sunday,No,0,0,0.0
OTHER OFFENSE,6,4,Wednesday,No,0,0,0.03
ASSAULT,18,11,Friday,No,0,0,0.3545013202253645
THEFT,19,18,Tuesday,No,0,0,0.0
OFFENSE INVOLVING CHILDREN,6,0,Thursday,Yes,0,0,0.03226754208991427
ASSAULT,15,17,Tuesday,No,1,0,0.01
BURGLARY,16,4,Monday,No,0,0,0.0
WEAPONS VIOLATION,12,23,Monday,No,1,1,0.91
MOTOR VEHICLE THEFT,12,0,Monday,No,0,0,0.0
BURGLARY,17,12,Wednesday,No,0,0,0.0
MOTOR VEHICLE THEFT,5,3,Friday,No,0,0,0.00577073807968648
ASSAULT,4,11,Monday,No,0,0,0.24656258222805205
DECEPTIVE PRACTICE,19,20,Monday,No,0,0,0.0
THEFT,7,17,Wednesday,No,0,0,0.03927992187137964
THEFT,20,12,Monday,No,0,0,0.0
THEFT,8,17,Tuesday,No,0,0,0.10931343596117431
ASSAULT,7,15,Monday,No,0,0,0.0
INTIMIDATION,25,20,Tuesday,No,0,0,0.09
WEAPONS VIOLATION,11,21,Saturday,No,1,1,0.7891607802475537
THEFT,18,17,Saturday,No,0,0,0.2566432529789973
MOTOR VEHICLE THEFT,3,13,Sunday,No,0,0,0.0
ASSAULT,7,16,Tuesday,No,0,0,0.31
ASSAULT,9,13,Sunday,No,0,0,0.0
THEFT,25,19,Friday,No,1,0,0.03
DECEPTIVE PRACTICE,9,10,Tuesday,No,0,0,0.0
THEFT,18,18,Sunday,No,0,0,0.0
OTHER OFFENSE,6,13,Saturday,No,1,1,0.9381366472488653
THEFT,2,21,Wednesday,No,0,0,0.0
THEFT,16,11,Friday,No,0,0,0.0414096438287728
DECEPTIVE PRACTICE,1,14,Monday,No,0,1,0.5299039767179736
THEFT,18,5,Wednesday,No,0,1,0.5611869222397641
HUMAN TRAFFICKING,4,18,Thursday,No,0,0,0.06
ASSAULT,7,11,Monday,Yes,0,0,0.06
THEFT,25,15,Friday,No,0,1,0.86848454687399
BATTERY,6,19,Monday,No,0,0,0.2646490045883484
ASSAULT,4,20,Monday,Yes,1,0,0.28767929919299945
DECEPTIVE PRACTICE,9,15,Wednesday,No,0,0,0.029160780247553628
THEFT,12,2,Thursday,No,1,0,0.423906773158481
OTHER OFFENSE,3,20,Tuesday,Yes,0,1,0.7706294902834228
ASSAULT,7,23,Sunday,Yes,0,0,0.05
WEAPONS VIOLATION,10,16,Saturday,No,0,1,0.92
SEX OFFENSE,2,19,Wednesday,No,0,0,0.045218932289743774
ASSAULT,11,17,Wednesday,Yes,0,0,0.0
THEFT,2,15,Tuesday,No,0,1,0.6028215682220055
CRIMINAL DAMAGE,12,19,Wednesday,No,0,0,0.0
BURGLARY,17,3,Sunday,No,0,0,0.0
MOTOR VEHICLE THEFT,19,15,Friday,No,0,0,0.0
NARCOTICS,16,19,Friday,No,0,0,0.41
DECEPTIVE PRACTICE,10,11,Wednesday,No,0,0,0.0
CRIMINAL DAMAGE,1,13,Wednesday,No,0,0,0.01577073807968648
OTHER OFFENSE,9,10,Saturday,No,0,0,0.09140964382877279
THEFT,6,2,Friday,No,0,0,0.003126326963906582
BATTERY,3,8,Wednesday,No,0,0,0.061677612293351364
THEFT,18,14,Thursday,No,0,0,0.0
MOTOR VEHICLE THEFT,12,12,Tuesday,No,0,0,0.008451512615090279
ASSAULT,15,15,Wednesday,No,0,0,0.0
ASSAULT,2,10,Wednesday,No,0,0,0.01
BATTERY,7,10,Thursday,No,0,1,0.5311062770523897
OTHER OFFENSE,8,13,Sunday,Yes,0,1,0.57
BURGLARY,6,0,Saturday,No,0,0,0.0
BATTERY,18,6,Sunday,Yes,0,0,0.07268280221902135
ASSAULT,4,14,Saturday,No,0,0,0.016903025230180557
THEFT,18,15,Thursday,No,0,0,0.3328980177550433
THEFT,24,15,Thursday,No,0,0,0.3572495463028458
CRIMINAL DAMAGE,2,3,Wednesday,No,0,0,0.0
THEFT,12,15,Wednesday,No,0,0,0.0
DECEPTIVE PRACTICE,9,13,Friday,No,0,0,0.0
BATTERY,7,7,Wednesday,Yes,1,0,0.01
THEFT,1,19,Saturday,No,0,0,0.40795765662124966
MOTOR VEHICLE THEFT,11,19,Monday,No,0,1,0.6673616544560953
OTHER OFFENSE,4,3,Friday,No,0,0,0.10318308394557929
BATTERY,12,14,Saturday,Yes,0,0,0.008911490291670168
ASSAULT,9,4,Sunday,Yes,0,1,0.71
THEFT,3,22,Friday,Yes,0,0,0.0600130979426616
CRIMINAL SEXUAL ASSAULT,15,4,Sunday,No,0,0,0.01
ROBBERY,4,15,Thursday,No,0,0,0.02
CRIMINAL DAMAGE,16,8,Wednesday,No,0,0,0.0
MOTOR VEHICLE THEFT,12,0,Sunday,No,0,0,0.0
CRIMINAL DAMAGE,11,7,Saturday,Yes,0,0,0.0
THEFT,8,11,Wednesday,Yes,0,0,0.0
WEAPONS VIOLATION,16,10,Wednesday,No,1,1,0.62
THEFT,15,20,Saturday,No,0,0,0.0
THEFT,19,20,Saturday,No,0,0,0.0
CRIMINAL DAMAGE,9,1,Friday,No,0,0,0.01
MOTOR VEHICLE THEFT,1,18,Monday,No,1,1,0.5161051699302306
BATTERY,4,16,Monday,No,0,0,0.05606380547773418
CRIMINAL SEXUAL ASSAULT,7,22,Monday,No,0,0,0.018451512615090277
MOTOR VEHICLE THEFT,17,22,Friday,No,0,0,0.013670444904834059
ASSAULT,17,9,Thursday,No,0,0,0.04067433715753174
WEAPONS VIOLATION,24,4,Wednesday,No,1,0,0.37731828535928763
THEFT,19,23,Sunday,No,0,1,0.6020952872040957
PUBLIC PEACE VIOLATION,18,12,Thursday,No,0,1,0.56
PUBLIC PEACE VIOLATION,5,13,Thursday,No,1,0,0.42942441886306054
ASSAULT,24,16,Thursday,Yes,1,1,0.6562956944030044
BATTERY,11,19,Thursday,Yes,0,1,0.5011491107511944
ASSAULT,9,14,Tuesday,No,1,0,0.016903025230180557
THEFT,25,18,Sunday,No,0,0,0.024221310589468192
BATTERY,8,15,Thursday,No,0,0,0.30878293529882145
ASSAULT,19,20,Saturday,No,0,0,0.02632744409324114
BURGLARY,6,21,Wednesday,No,0,0,0.0
BURGLARY,12,19,Tuesday,No,0,0,0.01
THEFT,22,20,Thursday,No,0,0,0.03
THEFT,9,22,Thursday,No,0,0,0.0
ROBBERY,5,10,Wednesday,No,0,0,0.05091125807767376
MOTOR VEHICLE THEFT,4,10,Wednesday,No,0,0,0.0
THEFT,2,10,Tuesday,No,0,0,0.0
ASSAULT,11,13,Tuesday,No,0,0,0.06581451552185072
BATTERY,8,15,Friday,No,0,0,0.0
BATTERY,24,13,Sunday,Yes,0,1,0.6276772141155061
MOTOR VEHICLE THEFT,15,5,Monday,No,0,0,0.0
ROBBERY,4,19,Wednesday,No,0,0,0.0
MOTOR VEHICLE THEFT,5,22,Wednesday,No,0,0,0.0
BATTERY,12,1,Thursday,No,1,0,0.0
CRIMINAL TRESPASS,5,19,Friday,Yes,0,0,0.06
THEFT,19,8,Thursday,No,0,0,0.0
BURGLARY,3,13,Monday,No,0,0,0.0
BATTERY,7,21,Friday,Yes,1,0,0.3966600794373642
THEFT,5,20,Friday,No,0,1,0.963806050460361
BATTERY,2,11,Monday,No,1,0,0.0
THEFT,2,17,Thursday,No,0,0,0.0
BATTERY,1,17,Thursday,No,0,1,0.7665325935391306
CRIMINAL DAMAGE,17,4,Friday,No,0,0,0.0
THEFT,19,12,Wednesday,No,0,0,0.49650505638466746
THEFT,6,20,Friday,No,0,0,0.0
CRIMINAL DAMAGE,15,13,Tuesday,Yes,0,0,0.01
CRIMINAL TRESPASS,6,18,Monday,No,1,0,0.31845151261509025
BATTERY,25,17,Wednesday,No,0,0,0.02891149029167017
DECEPTIVE PRACTICE,8,0,Monday,No,0,0,0.0
CRIMINAL TRESPASS,3,12,Friday,No,0,1,0.5138302475685009
DECEPTIVE PRACTICE,9,0,Monday,No,0,0,0.0
BATTERY,19,17,Monday,No,0,0,0.0
THEFT,6,0,Sunday,No,0,0,0.006858473630585608
THEFT,2,12,Tuesday,No,0,0,0.36453576745608685
DECEPTIVE PRACTICE,22,13,Sunday,No,0,0,0.0
OTHER OFFENSE,25,1,Tuesday,No,1,0,0.07714263839821171
THEFT,19,15,Friday,No,0,1,0.5894389193553231
BATTERY,6,11,Sunday,Yes,0,1,0.6568559849458735
ASSAULT,11,4,Sunday,No,0,0,0.05070037619630946
DECEPTIVE PRACTICE,19,17,Wednesday,No,0,0,0.0
OTHER OFFENSE,2,7,Thursday,Yes,0,0,0.3035194719119333
OTHER OFFENSE,5,0,Sunday,No,0,0,0.15167195885780732
ROBBERY,22,21,Friday,No,0,0,0.02
OTHER OFFENSE,8,10,Wednesday,No,1,0,0.03779167885747382
ASSAULT,8,10,Wednesday,No,0,0,0.019160780247553626
THEFT,1,13,Monday,No,1,0,0.3683731852258805
BATTERY,7,16,Wednesday,No,0,0,0.01
MOTOR VEHICLE THEFT,11,7,Friday,No,0,0,0.0
DECEPTIVE PRACTICE,16,13,Tuesday,No,0,1,0.5209825470117013
BATTERY,20,2,Wednesday,Yes,0,0,0.1612580223151727
BATTERY,20,19,Tuesday,Yes,1,0,0.10201200749510886
THEFT,18,21,Monday,No,0,0,0.14392596801303434
ROBBERY,4,13,Sunday,No,0,0,0.0
DECEPTIVE PRACTICE,14,13,Saturday,No,0,0,0.0
ROBBERY,18,4,Saturday,No,0,0,0.01
CRIMINAL DAMAGE,18,12,Friday,No,0,0,0.02
BURGLARY,9,4,Tuesday,No,0,0,0.0
ASSAULT,18,15,Thursday,No,0,0,0.22141107479721764
MOTOR VEHICLE THEFT,24,19,Tuesday,No,0,0,0.0
THEFT,19,17,Sunday,No,1,0,0.01918186426480059
THEFT,19,15,Thursday,No,0,0,0.0
OTHER OFFENSE,18,19,Sunday,No,0,0,0.06845151261509028
MOTOR VEHICLE THEFT,1,0,Saturday,No,0,0,0.015195156942747059
BATTERY,25,8,Tuesday,No,0,0,0.4746046145621849
THEFT,24,0,Saturday,No,0,0,0.03413479467484346
BATTERY,14,2,Thursday,Yes,1,0,0.08295813121368253
THEFT,18,16,Saturday,No,0,0,0.0
NARCOTICS,11,22,Saturday,No,1,1,0.96
CRIMINAL DAMAGE,4,16,Saturday,No,0,0,0.0
THEFT,22,3,Monday,No,0,0,0.0
OTHER OFFENSE,7,18,Monday,Yes,0,0,0.4873182853592876
DECEPTIVE PRACTICE,2,15,Monday,No,0,0,0.008451512615090279
BATTERY,4,23,Thursday,Yes,0,0,0.30584518676026357
THEFT,17,9,Wednesday,No,0,0,0.44266988569968213
BURGLARY,10,0,Thursday,No,0,0,0.0
THEFT,4,15,Friday,No,0,0,0.41777347418840877
ASSAULT,1,15,Wednesday,No,0,1,0.6529522551624631
OTHER OFFENSE,10,17,Monday,No,1,1,0.9638060504603613
OTHER OFFENSE,24,16,Wednesday,Yes,0,1,0.6491607802475536
ASSAULT,22,15,Saturday,No,0,0,0.02645302656806354
OTHER OFFENSE,3,18,Wednesday,No,0,1,0.6063427384205529
OTHER OFFENSE,4,22,Monday,Yes,0,1,0.8545791436384853
CRIMINAL DAMAGE,18,19,Saturday,No,0,0,0.0
BURGLARY,17,16,Thursday,No,0,0,0.0
DECEPTIVE PRACTICE,14,0,Tuesday,No,0,0,0.0
OFFENSE INVOLVING CHILDREN,7,19,Wednesday,Yes,0,0,0.04
NARCOTICS,7,13,Monday,No,1,1,0.86
THEFT,10,9,Friday,No,0,0,0.0
MOTOR VEHICLE THEFT,5,21,Friday,Yes,0,0,0.03845151261509028
MOTOR VEHICLE THEFT,20,17,Wednesday,No,0,0,0.057442696937493806
OTHER OFFENSE,24,18,Saturday,Yes,0,0,0.20845151261509026
CRIMINAL DAMAGE,16,14,Sunday,No,0,0,0.0
ASSAULT,19,21,Tuesday,No,0,0,0.45874180817666016
INTERFERENCE WITH PUBLIC OFFICER,10,16,Thursday,No,1,1,0.82
DECEPTIVE PRACTICE,7,10,Friday,No,0,0,0.0
THEFT,19,0,Thursday,No,0,0,0.4809663273355219
MOTOR VEHICLE THEFT,7,19,Wednesday,No,0,0,0.0
DECEPTIVE PRACTICE,16,12,Monday,No,0,0,0.0
NARCOTICS,7,9,Saturday,No,1,1,0.790865931483771
ASSAULT,8,23,Saturday,No,0,0,0.2091607802475536
CRIMINAL DAMAGE,12,0,Thursday,No,0,0,0.021540536054064394
BATTERY,1,1,Thursday,Yes,0,1,0.5415520298185289
CRIMINAL DAMAGE,6,21,Monday,No,0,0,0.0
THEFT,9,8,Thursday,Yes,0,0,0.02
CRIMINAL DAMAGE,7,11,Wednesday,No,0,0,0.008451512615090279
CRIMINAL DAMAGE,11,6,Monday,No,0,0,0.0
CRIMINAL DAMAGE,3,8,Wednesday,No,0,0,0.017318285359287637
DECEPTIVE PRACTICE,18,12,Friday,No,0,1,0.539155189876696
MOTOR VEHICLE THEFT,5,8,Thursday,No,0,0,0.15618494448206563
HOMICIDE,4,4,Thursday,No,0,0,0.21
ASSAULT,22,21,Tuesday,Yes,0,0,0.18422131058946817
DECEPTIVE PRACTICE,2,16,Sunday,No,0,0,0.0
OTHER OFFENSE,17,13,Wednesday,No,0,0,0.11435499708499214
THEFT,2,8,Tuesday,No,0,0,0.0
ASSAULT,3,22,Tuesday,No,1,0,0.02787593147815086
THEFT,12,15,Tuesday,No,0,0,0.28764529560728613
BATTERY,19,10,Wednesday,Yes,0,1,0.6030976136139135
THEFT,2,22,Wednesday,Yes,0,1,0.6153657849106601
BATTERY,4,22,Sunday,No,0,0,0.01
ASSAULT,2,22,Wednesday,No,0,0,0.22156681489453434
ROBBERY,4,17,Saturday,No,0,0,0.08
BATTERY,16,17,Thursday,Yes,0,0,0.015244891480835259
CRIMINAL DAMAGE,3,7,Tuesday,No,0,0,0.025769797974377916
BATTERY,19,14,Saturday,No,0,0,0.47988312287775964
THEFT,19,16,Tuesday,No,0,0,0.429375228019026
BURGLARY,19,12,Sunday,No,1,0,0.0
DECEPTIVE PRACTICE,18,19,Sunday,No,0,1,0.69
THEFT,4,6,Friday,No,0,0,0.0
THEFT,14,17,Monday,No,0,0,0.4654529108995756
THEFT,4,12,Saturday,No,0,0,0.0
THEFT,1,12,Thursday,No,0,1,0.5126523118358856
BURGLARY,16,7,Thursday,No,0,0,0.0
THEFT,24,8,Monday,No,1,0,0.06690302523018056
THEFT,18,14,Saturday,No,0,1,0.5144898563762573
THEFT,1,15,Friday,No,1,0,0.31737940443105994
THEFT,14,12,Friday,No,0,0,0.0
CRIMINAL DAMAGE,3,13,Monday,No,0,0,0.0
CRIMINAL DAMAGE,4,9,Sunday,No,0,0,0.008451512615090279
DECEPTIVE PRACTICE,9,11,Sunday,No,0,0,0.0
BATTERY,3,8,Wednesday,Yes,0,1,0.529081002898513
CRIMINAL DAMAGE,17,20,Tuesday,No,0,1,0.6011999867265189
BATTERY,19,16,Sunday,No,0,0,0.02845151261509028
BATTERY,9,2,Monday,Yes,1,1,0.9656166779355552
CRIMINAL DAMAGE,4,2,Thursday,No,0,0,0.0
THEFT,1,12,Sunday,No,0,1,0.6072764324797939
THEFT,1,21,Friday,No,0,0,0.0
DECEPTIVE PRACTICE,4,14,Wednesday,No,0,0,0.0
BATTERY,4,1,Wednesday,Yes,0,0,0.047021517791879915
ASSAULT,8,18,Sunday,No,0,0,0.0
CRIMINAL DAMAGE,24,22,Monday,No,0,0,0.007318285359287638
CRIMINAL DAMAGE,5,17,Wednesday,No,0,0,0.07
THEFT,5,16,Thursday,No,0,0,0.4013394109949813
BURGLARY,1,20,Monday,No,0,0,0.02
OTHER OFFENSE,6,11,Thursday,No,0,0,0.3563968200941979
BATTERY,2,7,Sunday,Yes,0,1,0.7225605865798913
THEFT,19,15,Monday,No,0,0,0.2790583365290475
CRIMINAL TRESPASS,4,21,Monday,No,0,1,0.6594244188630606
ASSAULT,5,9,Friday,Yes,0,1,0.65
CRIMINAL DAMAGE,17,15,Sunday,No,0,0,0.02
DECEPTIVE PRACTICE,8,12,Monday,No,0,0,0.0
BATTERY,18,7,Saturday,No,1,0,0.1986257914873866
OTHER OFFENSE,6,10,Friday,Yes,0,0,0.029160780247553628
CRIMINAL DAMAGE,6,0,Saturday,No,0,1,0.517451595582454
OTHER OFFENSE,4,17,Saturday,No,0,0,0.49004344496602054
BATTERY,18,18,Tuesday,No,1,0,0.17054073254190288
BATTERY,2,20,Sunday,Yes,0,1,0.5677455446500641
THEFT,2,9,Saturday,No,0,0,0.4693180578578266
ASSAULT,10,9,Friday,No,0,0,0.0
THEFT,25,2,Wednesday,No,0,0,0.016903025230180557
WEAPONS VIOLATION,8,18,Friday,No,1,1,0.6391532497732516
MOTOR VEHICLE THEFT,1,6,Tuesday,No,0,0,0.0
ASSAULT,10,16,Monday,No,0,0,0.4640564279945536
THEFT,10,9,Friday,No,0,0,0.0
CRIMINAL DAMAGE,1,15,Thursday,No,0,0,0.0
ASSAULT,10,0,Saturday,No,0,1,0.6084515126150903
BATTERY,2,23,Friday,Yes,0,0,0.1339593205366299
CRIMINAL DAMAGE,3,2,Thursday,No,0,0,0.0
MOTOR VEHICLE THEFT,17,22,Thursday,No,0,0,0.0
OTHER OFFENSE,17,21,Wednesday,No,0,1,0.6573182853592877
THEFT,12,12,Thursday,No,0,0,0.47232257136447936
THEFT,6,0,Thursday,No,0,0,0.45613859675602547
BATTERY,4,1,Friday,Yes,1,1,0.5904722854407045
CRIMINAL DAMAGE,3,20,Friday,No,0,0,0.007318285359287638
CRIMINAL DAMAGE,22,11,Saturday,No,0,0,0.0
BATTERY,3,7,Thursday,No,0,0,0.0
DECEPTIVE PRACTICE,4,18,Sunday,No,0,0,0.0
BATTERY,7,18,Saturday,Yes,0,0,0.0
MOTOR VEHICLE THEFT,22,23,Sunday,No,0,0,0.0
ASSAULT,19,17,Saturday,No,0,0,0.0
THEFT,5,6,Sunday,No,0,0,0.008451512615090279
BATTERY,18,14,Saturday,Yes,0,0,0.04845151261509027
OTHER OFFENSE,18,13,Thursday,Yes,0,0,0.05
OFFENSE INVOLVING CHILDREN,4,0,Sunday,Yes,0,0,0.2457697979743779
BURGLARY,8,12,Friday,Yes,0,0,0.27645302656806353
CRIMINAL SEXUAL ASSAULT,14,1,Monday,Yes,0,0,0.09
ROBBERY,18,2,Sunday,No,0,0,0.0
CRIMINAL TRESPASS,25,0,Saturday,No,0,1,0.711231983276395
BATTERY,4,16,Tuesday,Yes,0,0,0.0620851079849896
CRIMINAL DAMAGE,16,12,Friday,No,0,0,0.0
BATTERY,8,6,Sunday,Yes,1,0,0.06866789977965967
BATTERY,15,12,Saturday,Yes,0,0,0.0
CRIMINAL DAMAGE,16,18,Thursday,Yes,0,0,0.12
THEFT,25,13,Monday,No,0,1,0.5811994731173116
CRIMINAL TRESPASS,12,8,Sunday,No,0,1,0.5894244188630605
THEFT,1,23,Monday,No,0,0,0.01
THEFT,17,10,Friday,No,0,1,0.5410490384042217
BATTERY,22,1,Friday,Yes,0,0,0.10020655562310693
BATTERY,15,2,Saturday,Yes,1,1,0.6263004034896327
THEFT,22,11,Tuesday,No,1,0,0.04872677425219989
CRIMINAL DAMAGE,4,1,Monday,No,0,0,0.0
BATTERY,22,19,Tuesday,No,0,0,0.01
THEFT,19,10,Saturday,No,0,0,0.0
CRIMINAL DAMAGE,4,4,Wednesday,No,0,0,0.0
THEFT,3,11,Saturday,No,1,0,0.0
CRIMINAL TRESPASS,1,17,Tuesday,No,1,1,0.7035634589211597
THEFT,3,11,Wednesday,No,0,0,0.37276450506405423
THEFT,1,15,Sunday,No,0,0,0.0
ASSAULT,12,18,Tuesday,No,0,1,0.8891607802475536
ASSAULT,9,10,Friday,No,0,1,0.637612292862644
ASSAULT,7,17,Wednesday,Yes,0,0,0.006453026568063544
BATTERY,19,2,Saturday,No,0,0,0.022939085442938132
THEFT,19,16,Saturday,No,0,0,0.3908220309582145
NARCOTICS,8,16,Saturday,No,1,1,0.99
BATTERY,4,12,Friday,Yes,0,0,0.007318285359287636
THEFT,17,14,Monday,No,0,1,0.7262540790274886
WEAPONS VIOLATION,7,1,Saturday,No,1,0,0.4669153313523466
BATTERY,6,1,Tuesday,Yes,0,0,0.024904539183153825
BATTERY,16,23,Tuesday,Yes,0,1,0.8581168475524745
OTHER OFFENSE,6,0,Thursday,Yes,0,0,0.02
BATTERY,2,21,Friday,No,0,0,0.02
MOTOR VEHICLE THEFT,11,15,Wednesday,No,0,0,0.007318285359287638
ASSAULT,7,0,Tuesday,Yes,0,1,0.5517094454509528
BATTERY,22,14,Sunday,Yes,0,0,0.01
BATTERY,18,1,Wednesday,Yes,1,0,0.22378861328444802
OTHER OFFENSE,7,8,Thursday,No,0,0,0.02731828535928764
BATTERY,2,20,Monday,No,0,0,0.04629569440300438
ASSAULT,5,19,Tuesday,Yes,0,0,0.0581472108128498
BATTERY,5,10,Monday,No,1,0,0.01
BATTERY,25,22,Saturday,No,1,1,0.6478272735966951
MOTOR VEHICLE THEFT,8,0,Wednesday,No,0,0,0.009009560229445506
THEFT,6,0,Saturday,No,0,0,0.0
THEFT,1,20,Wednesday,No,0,0,0.0
ASSAULT,2,19,Wednesday,No,0,0,0.06438089711706617
BATTERY,4,17,Thursday,Yes,1,1,0.5444209423792001
CRIMINAL TRESPASS,6,4,Friday,No,0,0,0.08577073807968649
BURGLARY,10,5,Thursday,No,0,0,0.03
BATTERY,1,8,Tuesday,No,0,0,0.39653730318633806
OTHER OFFENSE,1,22,Monday,No,1,0,0.4591342188328592
BATTERY,5,4,Saturday,Yes,0,0,0.1076122928626439
BATTERY,10,13,Sunday,Yes,0,0,0.042628271604963526
THEFT,14,14,Thursday,No,0,1,0.7417927549368233
BATTERY,3,17,Sunday,Yes,0,1,0.5771281584292922
MOTOR VEHICLE THEFT,10,15,Friday,No,0,0,0.008451512615090279
ASSAULT,12,11,Friday,No,0,0,0.0
ROBBERY,6,22,Wednesday,No,0,0,0.02
THEFT,2,13,Wednesday,No,1,0,0.0190345095469677
OTHER OFFENSE,4,16,Monday,No,1,1,0.6360638054777342
MOTOR VEHICLE THEFT,12,16,Wednesday,No,0,0,0.0
BATTERY,2,9,Sunday,Yes,1,0,0.08958158371635933
CRIMINAL DAMAGE,7,0,Wednesday,No,0,0,0.0
BATTERY,15,19,Sunday,Yes,0,0,0.04597290575902496
THEFT,9,9,Monday,No,1,0,0.0
BATTERY,22,21,Saturday,Yes,0,0,0.056063805477734194
ASSAULT,17,2,Sunday,No,0,1,0.6873182853592877
OTHER OFFENSE,22,9,Monday,No,0,0,0.029992048669154673
SEX OFFENSE,19,6,Sunday,No,0,0,0.04
CRIMINAL DAMAGE,3,11,Wednesday,No,0,0,0.0
BATTERY,3,16,Sunday,No,0,0,0.4081756612445123
CRIMINAL DAMAGE,19,0,Thursday,No,0,0,0.008911490291670168
CRIMINAL DAMAGE,17,10,Saturday,No,0,0,0.45
BATTERY,15,15,Thursday,Yes,0,0,0.01
CRIMINAL TRESPASS,3,18,Thursday,No,1,0,0.12581451552185072
THEFT,1,4,Sunday,No,0,0,0.0
CRIMINAL DAMAGE,18,11,Sunday,No,0,0,0.0
CRIMINAL DAMAGE,25,17,Friday,No,0,0,0.0
DECEPTIVE PRACTICE,14,14,Thursday,No,0,0,0.0
THEFT,12,22,Saturday,No,0,0,0.0
BATTERY,25,7,Friday,Yes,0,1,0.7662197547620972
CRIMINAL DAMAGE,11,9,Thursday,No,0,0,0.0
THEFT,9,8,Monday,No,0,0,0.0
BATTERY,12,11,Tuesday,No,0,0,0.009769312402999967
THEFT,18,10,Sunday,No,0,0,0.0
ROBBERY,6,13,Saturday,No,0,0,0.0078441817879141
THEFT,3,5,Saturday,No,0,0,0.0
THEFT,9,18,Wednesday,No,0,0,0.3563274807474997
DECEPTIVE PRACTICE,22,20,Friday,No,0,1,0.51
THEFT,4,3,Saturday,No,0,0,0.0
WEAPONS VIOLATION,11,20,Monday,No,1,0,0.2776122928626439
THEFT,17,12,Thursday,No,0,0,0.0
NARCOTICS,7,18,Friday,No,1,1,0.9343314417047935
BURGLARY,8,18,Friday,No,0,0,0.05
NARCOTICS,4,14,Monday,No,1,1,0.9657697979743779
CRIMINAL DAMAGE,2,17,Wednesday,Yes,0,0,0.22
CRIMINAL DAMAGE,3,17,Wednesday,Yes,0,0,0.03
BURGLARY,19,10,Wednesday,No,1,1,0.5585433235081504
MOTOR VEHICLE THEFT,2,4,Thursday,No,0,0,0.050932265121579647
ASSAULT,3,23,Tuesday,Yes,0,0,0.41386800532215845
THEFT,20,12,Friday,No,0,0,0.0
BATTERY,5,1,Wednesday,Yes,0,0,0.007318285359287636
THEFT,12,16,Wednesday,No,0,1,0.5177083420356936
CRIMINAL DAMAGE,17,6,Monday,No,0,0,0.0
WEAPONS VIOLATION,4,15,Wednesday,No,1,1,0.97
THEFT,8,18,Wednesday,No,0,0,0.0
OTHER OFFENSE,3,9,Tuesday,Yes,0,0,0.02
THEFT,2,14,Friday,No,0,1,0.5297768073556326
BATTERY,10,0,Saturday,Yes,1,0,0.090533243182627
NARCOTICS,11,19,Saturday,No,1,1,0.99
ASSAULT,4,7,Wednesday,No,0,0,0.10557595700471203
MOTOR VEHICLE THEFT,19,21,Friday,No,0,0,0.0
OTHER OFFENSE,22,0,Sunday,Yes,0,0,0.10845151261509027
NARCOTICS,15,14,Thursday,No,1,1,0.9978759314781509
ROBBERY,15,18,Saturday,No,0,0,0.0
THEFT,18,17,Monday,No,0,0,0.4383296875612952
BATTERY,24,19,Monday,No,0,0,0.02645302656806354
THEFT,16,21,Saturday,No,0,0,0.04199200539994131
THEFT,17,0,Monday,No,0,0,0.047006936612555075
DECEPTIVE PRACTICE,2,17,Thursday,No,0,0,0.0
BATTERY,6,10,Sunday,Yes,0,1,0.5684240548594208
MOTOR VEHICLE THEFT,1,6,Saturday,No,0,0,0.0
THEFT,19,9,Saturday,No,0,0,0.0
MOTOR VEHICLE THEFT,11,1,Monday,Yes,0,0,0.2947083964013492
SEX OFFENSE,18,14,Wednesday,No,0,0,0.06
ASSAULT,24,10,Sunday,No,0,0,0.0
CRIMINAL SEXUAL ASSAULT,5,2,Monday,No,0,0,0.0
THEFT,18,13,Sunday,No,0,0,0.22447444206966677
STALKING,3,10,Sunday,Yes,0,0,0.08
OTHER OFFENSE,24,9,Saturday,No,0,0,0.02222282454244146
THEFT,1,17,Tuesday,No,0,0,0.29566475321175867
BATTERY,3,23,Thursday,No,0,0,0.0
THEFT,17,23,Friday,No,0,0,0.0
OTHER OFFENSE,10,2,Sunday,Yes,0,0,0.21901813150591465
THEFT,5,8,Monday,No,0,0,0.0
MOTOR VEHICLE THEFT,8,16,Tuesday,No,0,0,0.0
DECEPTIVE PRACTICE,14,17,Saturday,No,0,0,0.03845151261509028
THEFT,11,12,Saturday,No,0,0,0.0
THEFT,9,12,Wednesday,No,0,0,0.018911490291670167
THEFT,9,20,Tuesday,No,0,1,0.5457431939966657
THEFT,20,17,Thursday,No,0,0,0.44645090902350687
DECEPTIVE PRACTICE,15,0,Monday,No,0,0,0.016453026568063543
ASSAULT,11,18,Tuesday,Yes,0,0,0.0
ASSAULT,11,8,Saturday,Yes,1,0,0.1957697979743779
OTHER OFFENSE,5,17,Friday,Yes,0,0,0.0
DECEPTIVE PRACTICE,8,9,Monday,No,0,0,0.0
ROBBERY,9,21,Friday,No,0,0,0.10431435595860147
OTHER OFFENSE,6,10,Thursday,No,0,0,0.18542660787502452
BATTERY,10,13,Monday,Yes,0,0,0.019160780247553626
MOTOR VEHICLE THEFT,10,20,Saturday,No,0,0,0.02
ASSAULT,25,12,Monday,No,1,1,0.5473182853592876
ASSAULT,25,3,Sunday,No,0,0,0.11181068334153309
THEFT,14,15,Tuesday,No,0,0,0.0
ROBBERY,1,16,Wednesday,No,0,0,0.1949315183272401
CRIMINAL DAMAGE,3,4,Tuesday,No,0,0,0.13261482247366124
ASSAULT,14,17,Tuesday,No,1,0,0.13690302523018055
THEFT,18,20,Saturday,No,0,1,0.5902490387502329
ASSAULT,1,20,Tuesday,No,0,0,0.07576979797437793
DECEPTIVE PRACTICE,16,15,Saturday,No,0,0,0.11241640143966247
THEFT,17,16,Tuesday,No,1,1,0.6873460615884396
THEFT,6,9,Thursday,No,0,0,0.0
OTHER OFFENSE,1,21,Sunday,No,1,0,0.2407011243596963
MOTOR VEHICLE THEFT,3,5,Saturday,No,0,0,0.0
BATTERY,25,1,Saturday,Yes,1,1,0.7308402199530815
THEFT,19,15,Monday,No,1,0,0.2790583365290475
OTHER OFFENSE,3,15,Sunday,Yes,0,0,0.07493057822193155
BATTERY,7,16,Tuesday,Yes,1,0,0.0
OTHER OFFENSE,7,10,Sunday,No,0,0,0.02
CRIMINAL TRESPASS,20,22,Saturday,No,0,1,0.5214696300538294
WEAPONS VIOLATION,5,1,Thursday,No,1,0,0.45
CRIMINAL DAMAGE,6,0,Monday,No,0,0,0.0
CRIMINAL DAMAGE,18,19,Tuesday,No,0,0,0.0
ASSAULT,25,17,Tuesday,Yes,0,0,0.047318285359287636
CRIMINAL DAMAGE,25,0,Friday,No,0,0,0.0
BATTERY,4,8,Tuesday,Yes,0,1,0.6288193203214721
THEFT,10,15,Thursday,No,0,1,0.5494942486364292
BURGLARY,6,19,Monday,No,0,0,0.0
BATTERY,8,23,Saturday,Yes,0,0,0.19545314552436896
THEFT,8,11,Thursday,No,0,0,0.0
NARCOTICS,11,20,Tuesday,No,1,1,0.6918258651785765
ASSAULT,1,0,Saturday,No,0,0,0.48420785633400604
BURGLARY,19,22,Thursday,No,0,0,0.008451512615090279
NARCOTICS,11,0,Wednesday,No,1,1,1.0
ASSAULT,4,19,Saturday,No,1,0,0.03212195751992433
CRIMINAL DAMAGE,17,13,Wednesday,No,0,0,0.00577073807968648
THEFT,19,10,Friday,No,0,0,0.3403773173217654
THEFT,14,14,Saturday,No,0,1,0.7478635960400202
THEFT,25,22,Sunday,No,0,1,0.8130491018513074
BATTERY,15,22,Thursday,Yes,0,0,0.0494155274269067
BURGLARY,14,21,Sunday,No,0,0,0.0
NARCOTICS,10,20,Wednesday,No,1,1,0.9791607802475536
OTHER OFFENSE,9,12,Friday,No,0,1,0.5570970051465014
CRIMINAL DAMAGE,14,6,Wednesday,No,0,0,0.0
ASSAULT,6,16,Saturday,Yes,0,0,0.14147381401449813
THEFT,2,11,Thursday,No,0,0,0.0
CRIMINAL DAMAGE,24,17,Tuesday,No,0,0,0.07889640034659004
BATTERY,19,8,Friday,No,0,0,0.03354806101024544
CRIMINAL TRESPASS,25,2,Wednesday,No,1,1,0.6494244188630606
DECEPTIVE PRACTICE,14,14,Friday,No,0,0,0.0
BATTERY,19,17,Thursday,No,0,0,0.47492261395919433
BATTERY,12,22,Friday,Yes,0,0,0.0811826426557721
DECEPTIVE PRACTICE,2,12,Friday,No,0,0,0.0
OTHER OFFENSE,22,15,Saturday,Yes,0,0,0.0
BATTERY,1,14,Saturday,Yes,0,0,0.17761229286264388
BATTERY,25,19,Tuesday,Yes,1,0,0.2147034442240584
ASSAULT,9,18,Monday,No,0,0,0.0
BATTERY,24,11,Wednesday,No,0,0,0.016453026568063543
THEFT,10,7,Friday,No,0,0,0.0
BATTERY,19,16,Friday,No,0,1,0.7616282544724103
THEFT,18,14,Wednesday,No,0,0,0.0
BURGLARY,25,0,Wednesday,No,0,0,0.01
MOTOR VEHICLE THEFT,4,7,Tuesday,No,1,0,0.006453026568063545
ASSAULT,12,18,Wednesday,No,1,0,0.009160780247553625
MOTOR VEHICLE THEFT,20,5,Saturday,No,0,0,0.0
CRIMINAL DAMAGE,24,5,Friday,No,0,0,0.01
MOTOR VEHICLE THEFT,24,17,Sunday,No,0,0,0.0
THEFT,3,12,Wednesday,No,0,0,0.008451512615090279
BATTERY,25,20,Sunday,Yes,1,0,0.06279629467745608
THEFT,20,3,Saturday,No,1,0,0.0
MOTOR VEHICLE THEFT,6,1,Monday,No,0,0,0.0
THEFT,1,16,Sunday,No,0,1,0.6238914377570993
BURGLARY,1,22,Wednesday,No,0,0,0.0
BURGLARY,7,0,Friday,No,0,0,0.0
DECEPTIVE PRACTICE,5,14,Wednesday,No,0,0,0.0
ASSAULT,1,16,Monday,No,0,0,0.01
CRIMINAL DAMAGE,4,8,Monday,Yes,0,0,0.40916078024755365
BURGLARY,20,2,Monday,No,0,0,0.2664530265680635
NARCOTICS,15,16,Wednesday,No,1,1,1.0
MOTOR VEHICLE THEFT,12,20,Monday,No,0,0,0.0
ASSAULT,8,13,Friday,No,0,1,0.848431592217782
OTHER OFFENSE,19,8,Wednesday,No,0,0,0.02
CRIMINAL DAMAGE,24,16,Sunday,No,0,0,0.045664560360433766
DECEPTIVE PRACTICE,6,14,Friday,No,0,0,0.0
CRIMINAL TRESPASS,1,10,Tuesday,No,0,0,0.0878441817879141
WEAPONS VIOLATION,7,7,Wednesday,No,1,0,0.3
BATTERY,8,20,Tuesday,Yes,1,0,0.019160780247553626
THEFT,1,22,Thursday,No,0,0,0.0
BURGLARY,18,2,Thursday,No,0,0,0.005218932289743779
CRIMINAL DAMAGE,9,13,Friday,No,1,0,0.0
BATTERY,8,23,Monday,Yes,1,0,0.1887574060745718
OTHER OFFENSE,2,13,Thursday,No,0,0,0.20377131192735118
CRIMINAL DAMAGE,2,1,Wednesday,No,0,0,0.0
MOTOR VEHICLE THEFT,6,20,Wednesday,No,0,0,0.0
PUBLIC PEACE VIOLATION,7,4,Wednesday,No,0,1,0.6391607802475536
CRIMINAL DAMAGE,6,14,Monday,Yes,0,0,0.03
BURGLARY,12,17,Saturday,No,0,0,0.0
THEFT,6,19,Thursday,No,0,0,0.0
CRIMINAL DAMAGE,9,23,Tuesday,No,0,0,0.0
BATTERY,8,0,Monday,No,0,0,0.01
MOTOR VEHICLE THEFT,18,6,Tuesday,No,0,0,0.0
BATTERY,19,22,Wednesday,No,0,0,0.16713854250773744
DECEPTIVE PRACTICE,17,12,Wednesday,No,0,0,0.0
DECEPTIVE PRACTICE,16,14,Saturday,No,0,0,0.10829660903463852
THEFT,12,17,Monday,No,1,0,0.4276907653107964
THEFT,22,16,Friday,No,0,0,0.0
ASSAULT,25,18,Thursday,Yes,0,0,0.18601036244198532
BATTERY,17,0,Sunday,Yes,0,1,0.6171311029393177
CRIMINAL TRESPASS,3,12,Tuesday,No,0,1,0.7
THEFT,3,12,Thursday,No,0,0,0.4516539474763677
THEFT,18,18,Wednesday,No,0,0,0.2676066356359979
CRIMINAL DAMAGE,22,23,Sunday,No,0,0,0.01685847363058561
BATTERY,1,1,Thursday,No,0,0,0.029160780247553628
BATTERY,24,19,Saturday,Yes,1,0,0.17727118659820626
CRIMINAL DAMAGE,4,13,Saturday,No,0,0,0.0
OTHER OFFENSE,25,17,Saturday,No,1,0,0.1902243384954147
BURGLARY,6,14,Monday,No,0,0,0.0
SEX OFFENSE,16,5,Monday,No,0,0,0.26
CRIMINAL TRESPASS,22,5,Saturday,No,1,0,0.24
CRIMINAL DAMAGE,24,18,Monday,No,0,0,0.04581407613607616
BATTERY,14,21,Friday,Yes,0,0,0.05642315979253009
THEFT,16,4,Monday,No,0,0,0.05
ASSAULT,3,3,Wednesday,Yes,1,0,0.13
MOTOR VEHICLE THEFT,6,23,Friday,No,0,0,0.008451512615090279
THEFT,1,12,Wednesday,No,1,1,0.5084092026845501
ROBBERY,22,0,Friday,No,0,0,0.03
CRIMINAL DAMAGE,7,8,Tuesday,No,0,0,0.0
WEAPONS VIOLATION,2,9,Sunday,No,1,1,0.7784515126150903
ROBBERY,25,21,Saturday,No,0,0,0.14
CRIMINAL DAMAGE,17,10,Tuesday,No,0,0,0.0
DECEPTIVE PRACTICE,9,1,Sunday,No,0,0,0.05
BURGLARY,14,16,Monday,No,0,0,0.0
OFFENSE INVOLVING CHILDREN,18,16,Wednesday,Yes,0,0,0.1
BATTERY,18,17,Friday,Yes,0,0,0.19323473768642552
THEFT,3,19,Wednesday,No,1,0,0.011372307049414703
DECEPTIVE PRACTICE,10,20,Wednesday,No,0,0,0.0
CRIMINAL DAMAGE,1,17,Monday,No,0,0,0.0
ASSAULT,12,6,Friday,No,0,0,0.4263626457269638
BATTERY,8,2,Sunday,Yes,1,0,0.03912678987793058
OTHER OFFENSE,18,18,Friday,Yes,0,0,0.026903025230180556
BATTERY,15,18,Friday,Yes,0,1,0.8129120558871893
THEFT,14,2,Sunday,No,0,1,0.5774241918667243
BATTERY,14,11,Monday,No,0,0,0.3237842623970124
ASSAULT,12,19,Sunday,No,0,0,0.03
BATTERY,10,20,Sunday,No,1,0,0.05731828535928764
THEFT,16,12,Wednesday,No,0,0,0.0
THEFT,4,4,Friday,No,0,0,0.0
CRIMINAL TRESPASS,16,19,Monday,No,0,1,0.5303791363450155
THEFT,25,13,Sunday,No,0,1,0.53975106826397
BATTERY,25,6,Saturday,Yes,0,0,0.39408045138250913
BATTERY,4,9,Sunday,Yes,1,0,0.08986115644386308
ASSAULT,6,11,Wednesday,No,0,0,0.024930578221931537
THEFT,18,12,Wednesday,No,1,0,0.0
BATTERY,15,18,Sunday,No,0,0,0.018451512615090277
MOTOR VEHICLE THEFT,6,6,Sunday,No,0,0,0.0
CRIMINAL DAMAGE,2,2,Sunday,No,0,0,0.0
ASSAULT,3,9,Thursday,Yes,0,0,0.08845151261509027
STALKING,4,16,Friday,Yes,0,0,0.0078441817879141
ROBBERY,16,18,Saturday,No,1,0,0.05422131058946819
ASSAULT,9,8,Thursday,Yes,1,1,0.6845073667619792
THEFT,16,4,Wednesday,No,0,1,0.65
ASSAULT,4,23,Sunday,Yes,0,0,0.159260606050916
MOTOR VEHICLE THEFT,19,4,Monday,No,0,1,0.5284515126150903
BURGLARY,25,8,Friday,No,0,0,0.017844181787914103
CRIMINAL DAMAGE,12,9,Sunday,No,1,0,0.01
THEFT,18,8,Thursday,No,0,1,0.8091610838047261
THEFT,2,12,Friday,No,1,0,0.0
THEFT,12,23,Monday,No,1,0,0.0
BATTERY,18,13,Saturday,No,0,0,0.01
BATTERY,25,6,Tuesday,Yes,0,0,0.05
THEFT,9,20,Thursday,No,0,0,0.049409092909816994
CRIMINAL TRESPASS,6,19,Monday,No,0,1,0.66
THEFT,18,16,Thursday,No,0,0,0.4386417295820531
THEFT,11,1,Wednesday,No,0,0,0.056165742283021354
BURGLARY,12,14,Saturday,No,0,0,0.0
THEFT,17,18,Wednesday,No,0,0,0.004055542804682121
THEFT,7,9,Friday,No,0,0,0.0
BATTERY,20,18,Sunday,Yes,1,1,0.6089379369372565
OTHER OFFENSE,25,11,Tuesday,No,0,0,0.03490453918315382
BATTERY,4,5,Monday,No,0,0,0.02
BATTERY,22,20,Tuesday,Yes,1,0,0.13035212239755795
CRIMINAL DAMAGE,15,19,Sunday,No,0,0,0.0
OTHER OFFENSE,9,0,Thursday,No,0,0,0.0
CRIMINAL DAMAGE,14,19,Wednesday,No,0,0,0.03
CRIMINAL DAMAGE,4,14,Wednesday,No,0,0,0.0
OTHER OFFENSE,7,17,Tuesday,No,0,1,0.6930878882037435
ASSAULT,4,8,Sunday,No,0,0,0.12845151261509027
BATTERY,4,14,Friday,Yes,0,0,0.0
BATTERY,10,22,Tuesday,Yes,0,0,0.009160780247553625
MOTOR VEHICLE THEFT,14,0,Saturday,No,0,0,0.06287445613574653
BATTERY,4,4,Saturday,Yes,0,1,0.8833820908370218
ASSAULT,24,1,Sunday,Yes,0,0,0.11294292954307135
THEFT,3,23,Saturday,No,0,0,0.0
BURGLARY,15,21,Friday,No,0,0,0.0
ASSAULT,9,10,Sunday,No,0,0,0.0
ASSAULT,25,10,Tuesday,Yes,0,0,0.27
BATTERY,25,19,Wednesday,Yes,0,1,0.5089159740464377
ASSAULT,19,14,Friday,No,0,0,0.007318285359287636
ASSAULT,3,7,Wednesday,No,0,0,0.13784219472436857
DECEPTIVE PRACTICE,18,18,Wednesday,No,0,0,0.0
BATTERY,3,17,Wednesday,Yes,0,0,0.07502933424252387
THEFT,7,0,Monday,Yes,0,0,0.01
BATTERY,10,11,Monday,Yes,1,0,0.008451512615090279
CRIMINAL TRESPASS,14,17,Friday,No,1,0,0.22
THEFT,12,8,Wednesday,No,0,0,0.0
BATTERY,12,18,Wednesday,No,0,1,0.5986081551227248
THEFT,1,22,Tuesday,No,0,0,0.0
MOTOR VEHICLE THEFT,9,21,Saturday,No,0,0,0.0
ASSAULT,4,15,Sunday,Yes,0,1,0.6603468240243305
BATTERY,11,0,Wednesday,No,0,0,0.1974145074764152
THEFT,20,15,Monday,No,0,0,0.0
CRIMINAL TRESPASS,19,12,Tuesday,No,0,0,0.0
THEFT,9,11,Wednesday,No,0,0,0.0
BATTERY,6,16,Friday,No,1,0,0.42966542595467194
ASSAULT,15,9,Thursday,Yes,0,0,0.02
THEFT,2,19,Tuesday,No,0,0,0.4075871573255595
BATTERY,8,19,Thursday,Yes,0,0,0.01
THEFT,19,7,Saturday,No,0,0,0.0
THEFT,8,16,Thursday,Yes,0,0,0.32
CRIMINAL DAMAGE,4,1,Tuesday,No,0,0,0.0
DECEPTIVE PRACTICE,12,19,Monday,No,0,0,0.02
ASSAULT,4,9,Tuesday,No,0,1,0.8315395959487559
THEFT,11,18,Friday,Yes,0,0,0.018911490291670167
ASSAULT,16,17,Tuesday,No,0,1,0.5885037275423377
MOTOR VEHICLE THEFT,4,17,Sunday,No,0,0,0.0
BATTERY,7,19,Thursday,Yes,0,0,0.49443348673930243
THEFT,12,11,Tuesday,No,0,0,0.32358802002107917
CRIMINAL DAMAGE,24,11,Saturday,No,0,0,0.0
DECEPTIVE PRACTICE,9,22,Friday,No,0,0,0.35479283834155134
CRIMINAL TRESPASS,12,18,Tuesday,No,0,0,0.26
THEFT,24,5,Wednesday,No,0,0,0.0
NARCOTICS,11,17,Wednesday,No,0,1,1.0
ASSAULT,7,2,Monday,No,0,0,0.42225906371038424
BATTERY,19,22,Thursday,No,1,0,0.006453026568063544
THEFT,14,9,Monday,No,0,0,0.0278441817879141
CRIMINAL DAMAGE,24,19,Wednesday,No,0,0,0.0
CRIMINAL TRESPASS,8,14,Monday,No,0,0,0.058451512615090274
BATTERY,19,5,Tuesday,No,0,0,0.07
THEFT,1,18,Wednesday,No,0,0,0.0
THEFT,12,5,Saturday,No,0,0,0.0
CONCEALED CARRY LICENSE VIOLATION,1,20,Wednesday,No,1,1,0.8564790656068414
ASSAULT,6,12,Tuesday,No,0,0,0.02
CRIMINAL DAMAGE,22,18,Sunday,No,0,0,0.0
THEFT,7,0,Saturday,No,0,0,0.0
OTHER OFFENSE,15,16,Wednesday,No,0,0,0.054904539183153814
BATTERY,8,19,Saturday,Yes,0,1,0.5117798383937473
BATTERY,3,10,Thursday,Yes,1,0,0.16
DECEPTIVE PRACTICE,18,16,Saturday,No,0,0,0.025769797974377916
ROBBERY,25,2,Monday,No,0,0,0.0
ASSAULT,24,16,Wednesday,No,0,0,0.12463657071857526
CRIMINAL DAMAGE,17,18,Wednesday,No,0,0,0.0
THEFT,11,3,Saturday,No,0,0,0.02645302656806354
DECEPTIVE PRACTICE,8,17,Wednesday,No,0,0,0.0
OTHER OFFENSE,16,8,Wednesday,No,0,0,0.029160780247553628
MOTOR VEHICLE THEFT,22,0,Friday,No,0,0,0.005770738079686481
THEFT,17,8,Wednesday,No,0,0,0.13159149784079507
BATTERY,24,9,Saturday,Yes,0,1,0.84
THEFT,2,16,Friday,No,0,0,0.0
BATTERY,8,10,Saturday,Yes,0,0,0.0
BATTERY,9,2,Monday,Yes,0,1,0.9656166779355552
BATTERY,12,16,Thursday,Yes,0,0,0.07
CRIMINAL DAMAGE,19,22,Saturday,No,0,0,0.0
THEFT,22,16,Monday,No,0,0,0.01
NARCOTICS,10,21,Tuesday,No,1,1,0.9996465128975024
ASSAULT,6,2,Friday,Yes,0,0,0.037318285359287634
CRIMINAL TRESPASS,14,22,Friday,No,0,0,0.09
THEFT,15,17,Wednesday,No,0,0,0.005218932289743779
BATTERY,18,2,Thursday,No,0,0,0.04636883156690981
THEFT,14,12,Wednesday,No,1,0,0.0
CRIMINAL DAMAGE,10,7,Saturday,Yes,0,0,0.01
DECEPTIVE PRACTICE,5,14,Saturday,No,0,0,0.008911490291670168
DECEPTIVE PRACTICE,18,12,Wednesday,No,1,1,0.6446240141917088
BURGLARY,25,0,Thursday,No,0,0,0.0
THEFT,18,15,Tuesday,No,0,0,0.49366405624835397
THEFT,19,19,Saturday,No,0,0,0.0
OTHER OFFENSE,15,13,Tuesday,Yes,0,0,0.03
MOTOR VEHICLE THEFT,7,13,Sunday,No,0,0,0.4057283457338936
ASSAULT,5,15,Sunday,Yes,0,0,0.08576979797437792
CRIMINAL DAMAGE,6,4,Monday,No,0,0,0.0
THEFT,1,0,Friday,No,0,0,0.0078441817879141
ASSAULT,6,10,Sunday,No,0,0,0.03
THEFT,20,13,Tuesday,No,0,0,0.0
ASSAULT,10,10,Sunday,Yes,0,0,0.06
BATTERY,9,22,Wednesday,No,0,0,0.0
CRIMINAL DAMAGE,19,19,Thursday,No,0,0,0.0
MOTOR VEHICLE THEFT,2,23,Thursday,No,0,0,0.4497526244114475
DECEPTIVE PRACTICE,8,17,Sunday,Yes,0,0,0.0
MOTOR VEHICLE THEFT,10,16,Wednesday,Yes,0,0,0.06521893228974378
MOTOR VEHICLE THEFT,24,23,Sunday,No,0,0,0.0
MOTOR VEHICLE THEFT,22,12,Thursday,No,0,0,0.031641532754043
INTIMIDATION,10,10,Friday,Yes,0,0,0.0695620117022356
MOTOR VEHICLE THEFT,18,22,Monday,No,0,0,0.006453026568063544
WEAPONS VIOLATION,8,12,Monday,No,1,1,0.93
OTHER OFFENSE,3,12,Tuesday,Yes,0,0,0.006453026568063544
CRIMINAL DAMAGE,6,4,Tuesday,No,0,0,0.0
OTHER OFFENSE,1,16,Wednesday,Yes,0,0,0.0595620117022356
THEFT,20,12,Friday,No,0,0,0.0
NARCOTICS,17,21,Monday,No,1,1,1.0
CRIMINAL DAMAGE,19,16,Thursday,No,0,0,0.0
MOTOR VEHICLE THEFT,1,8,Monday,No,0,0,0.0
HOMICIDE,3,2,Tuesday,No,0,0,0.21
ASSAULT,7,10,Thursday,No,0,0,0.0
BATTERY,10,19,Friday,Yes,0,1,0.6760388157438133
THEFT,22,12,Thursday,No,0,0,0.009160780247553625
MOTOR VEHICLE THEFT,3,0,Thursday,No,0,0,0.0
OTHER OFFENSE,15,14,Monday,Yes,0,0,0.02
NARCOTICS,22,23,Friday,No,1,1,0.8915395959487559
ASSAULT,2,11,Tuesday,Yes,0,0,0.025688363575828203
BATTERY,14,20,Wednesday,No,1,0,0.01
THEFT,5,19,Monday,No,0,1,0.7269203068686675
CRIMINAL TRESPASS,7,6,Friday,No,0,0,0.43747972910234606
BATTERY,9,12,Thursday,Yes,1,0,0.01
THEFT,1,19,Friday,No,1,0,0.007080922683898114
THEFT,6,19,Monday,No,0,0,0.0
DECEPTIVE PRACTICE,18,11,Thursday,No,0,0,0.0
THEFT,6,17,Tuesday,Yes,0,0,0.0
THEFT,3,21,Wednesday,No,0,0,0.00803668890236507
LIQUOR LAW VIOLATION,10,10,Friday,No,1,1,0.92
OTHER OFFENSE,22,10,Wednesday,No,1,0,0.3851039594275808
ASSAULT,9,13,Monday,No,0,0,0.015877445431124123
DECEPTIVE PRACTICE,17,9,Thursday,No,0,0,0.0
BATTERY,19,22,Sunday,No,0,0,0.0
CRIMINAL DAMAGE,15,6,Thursday,No,0,0,0.0
CRIMINAL DAMAGE,25,0,Monday,No,0,0,0.0
BATTERY,11,17,Tuesday,No,0,0,0.4208791045162165
MOTOR VEHICLE THEFT,4,8,Sunday,No,0,0,0.0
THEFT,3,16,Saturday,No,0,0,0.33645510439678267
THEFT,19,9,Saturday,No,0,0,0.0
BATTERY,11,19,Thursday,No,0,0,0.1068544281001766
THEFT,2,15,Tuesday,No,0,1,0.6028215682220055
DECEPTIVE PRACTICE,8,9,Saturday,No,0,0,0.03475685910630014
THEFT,18,10,Saturday,No,0,1,0.8804104605952416
NARCOTICS,8,14,Sunday,No,0,1,1.0
THEFT,7,9,Saturday,No,0,0,0.005218932289743779
NARCOTICS,4,16,Wednesday,No,1,1,1.0
THEFT,22,22,Saturday,No,0,0,0.04576979797437791
BATTERY,10,6,Sunday,No,0,0,0.01
BATTERY,19,16,Friday,No,0,1,0.7616282544724103
BATTERY,8,11,Tuesday,No,0,0,0.027128303830903845
OTHER OFFENSE,20,0,Friday,No,0,0,0.0830152192282688
STALKING,1,2,Wednesday,No,0,0,0.04845151261509027
THEFT,2,9,Monday,Yes,0,0,0.027612292862643904
CRIMINAL DAMAGE,6,14,Saturday,No,0,0,0.005218932289743779
OTHER OFFENSE,24,11,Monday,No,1,0,0.32690399156180905
THEFT,10,18,Thursday,No,0,0,0.02986415275317765
ASSAULT,8,10,Tuesday,No,0,0,0.029160780247553628
BATTERY,24,15,Sunday,Yes,0,0,0.33487820950646996
ASSAULT,9,10,Monday,No,0,0,0.0
THEFT,8,20,Thursday,No,0,0,0.03134100625645482
ASSAULT,4,15,Wednesday,No,0,0,0.0
BATTERY,18,20,Thursday,Yes,0,0,0.4441063651431524
ARSON,6,2,Sunday,Yes,0,0,0.1746036501317223
THEFT,19,16,Tuesday,Yes,0,0,0.07464923237283473
THEFT,2,22,Saturday,No,0,0,0.014904539183153822
CRIMINAL DAMAGE,5,15,Monday,Yes,0,0,0.048585199110614215
CRIMINAL DAMAGE,25,5,Sunday,No,0,0,0.0
DECEPTIVE PRACTICE,9,14,Friday,No,0,0,0.0
CRIMINAL TRESPASS,16,22,Sunday,No,1,0,0.2500008797560332
THEFT,14,20,Friday,No,0,0,0.009160780247553625
THEFT,2,12,Monday,No,0,0,0.0
NARCOTICS,11,7,Saturday,No,1,1,1.0
BATTERY,3,3,Monday,Yes,1,0,0.190601549365756
OTHER OFFENSE,12,10,Tuesday,No,0,0,0.018721618953603157
OTHER OFFENSE,11,8,Monday,No,0,0,0.01
DECEPTIVE PRACTICE,1,15,Thursday,No,0,0,0.0
BATTERY,22,18,Thursday,No,0,1,0.51
BATTERY,15,16,Sunday,No,0,1,0.5664530265680636
THEFT,4,16,Friday,No,0,0,0.006453026568063544
THEFT,24,16,Monday,No,0,0,0.3838308551193295
OTHER OFFENSE,5,17,Thursday,Yes,0,0,0.12873662868229263
THEFT,19,14,Friday,No,0,1,0.5568253218116056
MOTOR VEHICLE THEFT,1,15,Sunday,No,0,0,0.0
MOTOR VEHICLE THEFT,1,18,Sunday,No,0,0,0.00942441886306058
DECEPTIVE PRACTICE,20,0,Wednesday,No,0,0,0.4463199643828076
BATTERY,15,23,Friday,No,0,0,0.14
HOMICIDE,5,6,Monday,No,0,0,0.1394244188630606
CRIMINAL TRESPASS,8,15,Sunday,No,0,1,0.6069424007138972
THEFT,4,11,Monday,No,0,0,0.015309986245675889
THEFT,1,0,Monday,Yes,0,0,0.0
CRIMINAL DAMAGE,2,5,Thursday,No,0,0,0.0
THEFT,19,8,Saturday,No,0,0,0.008451512615090279
ASSAULT,3,16,Monday,No,0,0,0.06845151261509028
BATTERY,12,10,Sunday,Yes,0,0,0.15731828535928763
ASSAULT,15,15,Friday,No,0,0,0.0
OTHER OFFENSE,4,10,Tuesday,No,0,0,0.03845151261509028
MOTOR VEHICLE THEFT,2,21,Monday,No,0,0,0.0
THEFT,9,20,Saturday,No,0,0,0.03744175683218524
BATTERY,6,15,Monday,Yes,0,0,0.0
BATTERY,8,17,Monday,Yes,0,0,0.008451512615090279
OTHER OFFENSE,25,9,Wednesday,Yes,0,0,0.0
BATTERY,19,22,Wednesday,No,0,0,0.16713854250773744
CRIMINAL DAMAGE,2,20,Tuesday,No,0,0,0.0
PUBLIC PEACE VIOLATION,7,17,Thursday,No,1,1,0.74
CRIMINAL DAMAGE,3,15,Thursday,Yes,0,0,0.02
THEFT,9,18,Tuesday,No,0,1,0.6260279613242998
THEFT,14,18,Monday,No,0,0,0.21980745070381041
BURGLARY,20,15,Saturday,No,0,0,0.0
OTHER OFFENSE,2,15,Tuesday,Yes,1,0,0.01
OTHER OFFENSE,20,0,Friday,Yes,1,0,0.25
THEFT,24,7,Sunday,Yes,0,0,0.01
CRIMINAL TRESPASS,9,0,Monday,No,1,1,0.6196777852400264
CRIMINAL DAMAGE,10,1,Monday,No,0,0,0.0
DECEPTIVE PRACTICE,2,10,Wednesday,No,0,0,0.0
BURGLARY,24,23,Monday,No,0,0,0.01
THEFT,2,13,Friday,No,0,0,0.0
MOTOR VEHICLE THEFT,8,15,Saturday,No,0,0,0.0
THEFT,5,6,Thursday,No,0,0,0.0
THEFT,18,0,Thursday,No,0,0,0.052521849236650875
CRIMINAL DAMAGE,8,0,Wednesday,Yes,0,0,0.026742704222348215
BATTERY,4,14,Friday,Yes,0,0,0.0
OTHER OFFENSE,9,6,Sunday,No,0,0,0.13561380681561716
CRIMINAL DAMAGE,18,7,Monday,No,0,0,0.0
BATTERY,16,3,Sunday,Yes,0,0,0.04422225069477676
BATTERY,18,21,Friday,No,0,0,0.0
CRIMINAL TRESPASS,22,17,Tuesday,No,0,0,0.18
BATTERY,25,11,Wednesday,No,0,0,0.16119355878278277
DECEPTIVE PRACTICE,1,1,Monday,No,0,0,0.4759019024776574
BATTERY,6,1,Thursday,No,0,0,0.18695487443161318
THEFT,1,0,Saturday,No,0,0,0.40165780839533155
BURGLARY,16,0,Thursday,No,0,0,0.0
THEFT,12,16,Sunday,No,0,0,0.0
CRIMINAL DAMAGE,6,4,Friday,No,0,0,0.0
WEAPONS VIOLATION,12,14,Thursday,No,0,1,0.9084426211789365
THEFT,12,11,Tuesday,No,0,0,0.32358802002107917
DECEPTIVE PRACTICE,25,13,Thursday,No,0,0,0.0
THEFT,7,10,Monday,No,0,0,0.0
THEFT,2,10,Saturday,No,0,0,0.0
BATTERY,7,10,Thursday,Yes,0,1,0.6135818583396533
THEFT,25,1,Monday,No,0,0,0.01
THEFT,9,23,Friday,No,0,0,0.0
OTHER OFFENSE,5,5,Sunday,Yes,0,0,0.11647931008130144
WEAPONS VIOLATION,9,14,Sunday,No,0,1,0.8649305782219315
BURGLARY,4,7,Monday,No,0,0,0.0
THEFT,12,8,Sunday,No,0,0,0.0
MOTOR VEHICLE THEFT,2,1,Sunday,No,0,0,0.0
THEFT,6,13,Wednesday,Yes,0,0,0.0
CRIMINAL DAMAGE,5,14,Friday,No,0,0,0.0
OTHER OFFENSE,16,6,Sunday,No,0,0,0.06
BATTERY,16,20,Sunday,No,1,0,0.4830890234389741
BATTERY,3,9,Sunday,Yes,1,1,0.5722572920135551
NARCOTICS,8,13,Saturday,No,1,1,1.0
NARCOTICS,11,21,Monday,No,1,1,0.98
HUMAN TRAFFICKING,2,22,Saturday,No,0,0,0.18
MOTOR VEHICLE THEFT,11,2,Sunday,No,0,0,0.0
MOTOR VEHICLE THEFT,6,7,Monday,No,0,0,0.0
THEFT,19,13,Wednesday,No,0,0,0.2136817782033341
BATTERY,18,0,Friday,Yes,0,0,0.4997558912217867
DECEPTIVE PRACTICE,24,23,Monday,No,1,0,0.08112433581964876
BATTERY,25,14,Saturday,Yes,0,0,0.46291876514751584
BATTERY,9,23,Sunday,Yes,0,1,0.9797239665267656
THEFT,14,12,Saturday,No,0,0,0.43981910416352205
THEFT,22,0,Sunday,Yes,0,0,0.0
DECEPTIVE PRACTICE,7,0,Tuesday,No,0,0,0.0
BURGLARY,25,19,Thursday,No,0,0,0.02845151261509028
ASSAULT,3,18,Wednesday,No,0,0,0.0
BATTERY,2,3,Wednesday,Yes,0,0,0.0835816848657654
BATTERY,14,18,Friday,Yes,0,0,0.02
BATTERY,3,9,Monday,Yes,0,0,0.0
SEX OFFENSE,8,8,Wednesday,No,0,0,0.013214957823339368
CRIMINAL TRESPASS,4,23,Friday,No,1,0,0.15916078024755362
BATTERY,11,23,Friday,Yes,0,0,0.04278047066130467
BURGLARY,5,20,Friday,No,0,0,0.01
MOTOR VEHICLE THEFT,8,3,Friday,No,0,0,0.0
ASSAULT,7,5,Monday,Yes,1,0,0.09845151261509028
BURGLARY,14,14,Saturday,No,0,0,0.0
ASSAULT,7,9,Wednesday,No,0,0,0.007318285359287636
BATTERY,18,2,Thursday,Yes,0,0,0.37320296780341855
BURGLARY,20,14,Saturday,No,0,0,0.0
CRIMINAL DAMAGE,4,15,Thursday,No,0,0,0.03
MOTOR VEHICLE THEFT,1,16,Thursday,No,0,0,0.0
CRIMINAL DAMAGE,3,16,Tuesday,No,0,0,0.00577073807968648
CRIMINAL DAMAGE,2,2,Friday,No,0,0,0.0
THEFT,25,14,Monday,Yes,0,0,0.01
CRIMINAL DAMAGE,24,22,Thursday,No,0,0,0.01
BATTERY,8,15,Sunday,No,0,0,0.12007670648703511
ASSAULT,20,23,Wednesday,No,0,0,0.01
BURGLARY,8,13,Wednesday,No,0,0,0.02
BATTERY,1,14,Tuesday,No,0,0,0.03185736241568585
THEFT,4,17,Thursday,No,0,0,0.007318285359287638
MOTOR VEHICLE THEFT,14,17,Saturday,No,0,0,0.0
CRIMINAL DAMAGE,20,9,Saturday,No,0,0,0.38647906560684125
OTHER OFFENSE,25,11,Friday,No,0,0,0.46511064180725303
OTHER OFFENSE,5,19,Saturday,No,1,0,0.12715340276437298
NARCOTICS,11,17,Monday,No,1,1,0.9253228872697072
MOTOR VEHICLE THEFT,2,12,Saturday,No,0,0,0.0
OTHER OFFENSE,18,13,Saturday,Yes,0,0,0.023331686715101507
THEFT,4,1,Tuesday,No,0,0,0.0078441817879141
WEAPONS VIOLATION,5,13,Sunday,No,1,1,1.0
OTHER OFFENSE,20,23,Thursday,No,0,0,0.04891149029167017
ASSAULT,6,12,Tuesday,Yes,0,0,0.27476659126340414
BATTERY,8,16,Saturday,No,0,0,0.07466335324797188
OTHER OFFENSE,3,4,Friday,No,0,0,0.17
BURGLARY,8,1,Monday,No,0,0,0.01
MOTOR VEHICLE THEFT,12,22,Saturday,No,0,0,0.0
THEFT,6,18,Friday,Yes,0,0,0.02
DECEPTIVE PRACTICE,3,0,Saturday,No,0,0,0.0
NARCOTICS,22,12,Monday,No,1,1,0.9591607802475537
BATTERY,11,9,Sunday,Yes,0,0,0.14533574389927822
MOTOR VEHICLE THEFT,6,7,Monday,No,0,0,0.0
MOTOR VEHICLE THEFT,2,0,Monday,No,0,0,0.0
OTHER OFFENSE,17,6,Wednesday,Yes,1,0,0.12158431349622864
CRIMINAL DAMAGE,6,7,Saturday,Yes,0,0,0.0
NARCOTICS,11,9,Monday,No,1,1,1.0
THEFT,1,12,Monday,No,0,0,0.0
BURGLARY,3,2,Friday,No,0,0,0.01
BATTERY,11,15,Sunday,Yes,0,1,0.7092621182638982
CRIMINAL DAMAGE,6,6,Tuesday,No,0,0,0.0
OTHER OFFENSE,7,9,Tuesday,Yes,0,0,0.07741704137987997
DECEPTIVE PRACTICE,14,22,Monday,No,0,0,0.1
ASSAULT,25,17,Saturday,Yes,0,0,0.02490453918315382
THEFT,8,14,Saturday,No,0,0,0.2604541202295872
OTHER OFFENSE,5,11,Thursday,Yes,0,1,0.9191607802475537
MOTOR VEHICLE THEFT,20,18,Saturday,No,0,0,0.01
CRIMINAL TRESPASS,1,11,Wednesday,No,0,1,0.5996276505226305
ASSAULT,15,5,Friday,Yes,0,0,0.04
BATTERY,4,2,Saturday,Yes,0,0,0.04867585111050501
THEFT,4,15,Monday,No,0,0,0.0
THEFT,11,20,Thursday,No,0,0,0.0
BATTERY,15,15,Saturday,Yes,0,0,0.0
BATTERY,5,8,Tuesday,Yes,0,0,0.0
WEAPONS VIOLATION,7,11,Tuesday,No,0,1,0.84
OTHER OFFENSE,18,11,Tuesday,No,0,0,0.08446338071016495
ASSAULT,5,0,Thursday,No,0,0,0.19216362900870895
MOTOR VEHICLE THEFT,11,13,Thursday,No,0,0,0.01
CRIMINAL DAMAGE,3,18,Friday,No,0,0,0.0
CRIMINAL DAMAGE,18,16,Sunday,No,0,0,0.0
BATTERY,11,21,Tuesday,No,0,1,0.5753492830383601
ASSAULT,7,12,Monday,No,0,0,0.13565012879782723
BATTERY,14,1,Sunday,Yes,0,1,0.8754883098585049
OTHER OFFENSE,20,22,Wednesday,No,0,0,0.2848415933935263
BATTERY,12,12,Tuesday,No,0,0,0.01
CRIMINAL DAMAGE,2,2,Monday,No,0,0,0.0
CRIMINAL DAMAGE,8,2,Sunday,No,0,0,0.0
ASSAULT,24,19,Sunday,Yes,0,0,0.1573103340284423
BATTERY,10,20,Sunday,Yes,0,0,0.210438930481153
ASSAULT,9,18,Friday,No,0,0,0.03845151261509028
NARCOTICS,10,14,Monday,No,1,1,1.0
THEFT,1,12,Sunday,No,0,1,0.6072764324797939
THEFT,5,13,Thursday,No,1,0,0.08
MOTOR VEHICLE THEFT,24,0,Sunday,No,0,0,0.0708984044294181
MOTOR VEHICLE THEFT,16,19,Wednesday,No,0,0,0.01
THEFT,16,9,Monday,No,0,0,0.0
ASSAULT,15,12,Thursday,No,0,0,0.13910335316746353
NARCOTICS,7,19,Saturday,No,1,1,0.8805238076686784
DECEPTIVE PRACTICE,19,9,Monday,No,0,0,0.0
THEFT,18,19,Thursday,No,0,0,0.478234103445908
BATTERY,1,14,Sunday,Yes,1,0,0.19398702185551875
THEFT,12,10,Tuesday,No,1,1,0.5379039857810437
THEFT,11,21,Sunday,No,0,0,0.008451512615090279
DECEPTIVE PRACTICE,1,13,Thursday,No,0,0,0.0
BATTERY,16,16,Monday,Yes,1,0,0.007318285359287638
BURGLARY,15,8,Sunday,No,1,0,0.0
THEFT,1,6,Friday,No,0,0,0.0
MOTOR VEHICLE THEFT,1,16,Friday,No,0,0,0.008451512615090279
OTHER OFFENSE,15,12,Tuesday,No,0,0,0.017612292862643906
ASSAULT,16,11,Wednesday,No,0,0,0.028321560495107253
NARCOTICS,2,16,Sunday,No,1,1,0.9778441817879141
ROBBERY,2,0,Sunday,No,0,0,0.0
BATTERY,14,22,Sunday,Yes,1,0,0.014904539183153822
THEFT,1,8,Monday,No,1,0,0.0
CRIMINAL DAMAGE,25,22,Wednesday,No,0,0,0.0
OTHER OFFENSE,8,18,Saturday,Yes,0,0,0.03206643248269086
BATTERY,5,23,Saturday,Yes,1,0,0.011671958857807323
BATTERY,3,15,Tuesday,No,1,0,0.025456474650558003
THEFT,9,18,Wednesday,No,0,0,0.3563274807474997
DECEPTIVE PRACTICE,18,0,Thursday,No,0,0,0.0
OTHER OFFENSE,17,14,Wednesday,Yes,0,0,0.017612292862643906
BURGLARY,25,17,Tuesday,No,0,0,0.0
THEFT,15,6,Sunday,Yes,0,0,0.0
OTHER OFFENSE,17,12,Wednesday,No,0,0,0.12728708925989693
BATTERY,22,9,Wednesday,No,0,0,0.05964651289750239
THEFT,12,9,Friday,No,0,0,0.0
THEFT,18,20,Monday,No,0,1,0.5404793858707834
CRIMINAL SEXUAL ASSAULT,20,10,Tuesday,No,0,0,0.03
DECEPTIVE PRACTICE,9,9,Tuesday,No,0,0,0.0
THEFT,18,14,Sunday,No,0,0,0.0
THEFT,20,10,Saturday,No,0,0,0.0674398117781383
THEFT,18,22,Saturday,No,0,0,0.0
THEFT,18,18,Friday,No,0,0,0.4183067646787289
MOTOR VEHICLE THEFT,12,13,Sunday,No,0,0,0.0
CRIMINAL TRESPASS,8,13,Monday,No,0,0,0.07535453784527084
ASSAULT,25,16,Saturday,No,0,0,0.11731828535928762
THEFT,4,18,Saturday,No,0,0,0.006453026568063544
ASSAULT,18,21,Sunday,No,0,0,0.15
BATTERY,7,10,Friday,No,0,0,0.14652935327155084
NARCOTICS,12,6,Wednesday,No,1,1,0.97
ASSAULT,16,17,Tuesday,No,0,1,0.5885037275423377
THEFT,8,18,Tuesday,No,0,0,0.41710379222940935
BATTERY,8,16,Sunday,No,0,0,0.06244260588025548
BATTERY,5,9,Sunday,Yes,1,1,0.8943111751739069
THEFT,1,18,Monday,No,0,1,0.6037273738652827
WEAPONS VIOLATION,8,19,Saturday,No,1,1,0.8742213105894683
BATTERY,6,20,Wednesday,Yes,0,0,0.0
DECEPTIVE PRACTICE,18,13,Sunday,No,0,0,0.3280703850202367
BATTERY,25,11,Friday,No,1,0,0.008911490291670168
THEFT,9,3,Monday,No,0,0,0.0
THEFT,12,16,Thursday,No,0,1,0.542322140701789
ASSAULT,25,12,Saturday,No,0,0,0.0
DECEPTIVE PRACTICE,5,12,Saturday,No,0,0,0.0
BATTERY,8,5,Sunday,No,0,0,0.054763445208249086
CRIMINAL DAMAGE,25,4,Sunday,No,0,0,0.0
WEAPONS VIOLATION,8,18,Saturday,No,0,1,0.7359338533577513
THEFT,14,13,Thursday,No,0,0,0.37027219326835087
NARCOTICS,16,12,Sunday,No,1,1,0.99
THEFT,7,4,Wednesday,No,0,0,0.02
NARCOTICS,15,15,Saturday,No,1,1,1.0
CRIMINAL DAMAGE,19,10,Wednesday,No,0,0,0.0
BATTERY,17,13,Friday,No,0,1,0.65
THEFT,19,12,Friday,No,1,0,0.0
ASSAULT,12,20,Monday,No,0,1,0.7469376645645294
BATTERY,3,20,Wednesday,Yes,0,0,0.0
THEFT,18,10,Saturday,No,0,1,0.8804104605952416
ROBBERY,12,20,Sunday,No,0,0,0.07
MOTOR VEHICLE THEFT,11,11,Sunday,No,0,0,0.48139383710666067
NARCOTICS,7,20,Monday,No,1,1,0.99
BATTERY,11,19,Friday,No,0,0,0.08468132070824845
BATTERY,2,0,Friday,Yes,1,0,0.01
BURGLARY,15,16,Tuesday,No,0,0,0.0
CRIMINAL DAMAGE,3,12,Friday,No,0,0,0.0
NARCOTICS,7,19,Sunday,No,1,1,1.0
BATTERY,19,14,Monday,No,0,0,0.01
NARCOTICS,18,0,Wednesday,No,1,1,0.9764790656068414
BURGLARY,2,10,Wednesday,No,0,0,0.0078441817879141
THEFT,3,8,Saturday,No,0,0,0.0
ASSAULT,7,15,Wednesday,No,0,1,0.7308472333979225
CRIMINAL DAMAGE,1,18,Friday,No,0,0,0.0
MOTOR VEHICLE THEFT,15,19,Thursday,No,1,0,0.0
BATTERY,24,16,Tuesday,No,0,1,0.5877246990474163
THEFT,8,4,Saturday,No,0,0,0.0
ROBBERY,10,23,Saturday,No,0,0,0.0
CRIMINAL TRESPASS,12,15,Friday,No,0,0,0.09576979797437792
THEFT,8,20,Sunday,No,0,0,0.4332124351024605
ASSAULT,12,0,Wednesday,No,0,0,0.07598971783318502
CRIMINAL SEXUAL ASSAULT,12,0,Friday,No,0,0,0.0
DECEPTIVE PRACTICE,7,0,Saturday,No,0,0,0.0
CRIMINAL DAMAGE,2,17,Tuesday,No,0,0,0.01
CRIMINAL DAMAGE,2,18,Tuesday,No,0,0,0.0068584736305856075
BURGLARY,12,16,Monday,No,0,0,0.019124023404471203
DECEPTIVE PRACTICE,18,11,Friday,No,0,0,0.0
BATTERY,22,20,Sunday,Yes,0,0,0.014636570718575272
BATTERY,25,7,Monday,Yes,1,0,0.277881649068388
WEAPONS VIOLATION,15,17,Tuesday,No,1,1,0.9
THEFT,6,19,Thursday,No,0,0,0.0
NARCOTICS,11,14,Sunday,No,1,1,0.8611877152813179
THEFT,14,11,Wednesday,No,0,0,0.39166164041336576
THEFT,1,12,Thursday,No,0,1,0.5126523118358856
THEFT,11,12,Wednesday,No,0,0,0.0
MOTOR VEHICLE THEFT,2,9,Saturday,No,0,0,0.0
ASSAULT,3,16,Friday,No,0,0,0.01
THEFT,25,18,Friday,No,0,0,0.0
BURGLARY,12,11,Tuesday,No,0,0,0.0
OTHER OFFENSE,6,1,Tuesday,No,0,0,0.008451512615090279
THEFT,3,15,Tuesday,No,1,0,0.053088083333665555
CRIMINAL DAMAGE,19,22,Tuesday,No,0,1,0.67
BATTERY,17,10,Saturday,Yes,0,0,0.24
BATTERY,7,11,Sunday,Yes,0,0,0.03
CRIMINAL DAMAGE,25,22,Tuesday,No,0,0,0.0
ASSAULT,15,5,Wednesday,No,0,0,0.02845151261509028
OTHER OFFENSE,14,8,Friday,Yes,0,0,0.06
THEFT,9,19,Wednesday,No,0,0,0.012661376980899523
WEAPONS VIOLATION,4,12,Friday,No,1,1,0.98
BATTERY,20,17,Tuesday,No,0,0,0.035770738079686476
THEFT,2,22,Monday,No,0,0,0.0
THEFT,14,22,Saturday,No,0,0,0.008451512615090279
BATTERY,9,0,Wednesday,Yes,1,1,0.7698452330642861
THEFT,3,11,Saturday,No,0,0,0.0
BATTERY,22,19,Thursday,Yes,0,0,0.22225891102052792
CRIMINAL DAMAGE,8,1,Sunday,Yes,0,0,0.019160780247553626
NARCOTICS,15,15,Saturday,No,1,1,1.0
CRIMINAL TRESPASS,2,1,Sunday,No,0,0,0.27916078024755364
THEFT,19,11,Wednesday,No,0,0,0.0
CRIMINAL DAMAGE,2,10,Monday,Yes,1,0,0.01
INTIMIDATION,19,19,Tuesday,No,0,0,0.0078441817879141
NARCOTICS,7,18,Thursday,No,1,1,1.0
MOTOR VEHICLE THEFT,12,18,Monday,No,0,0,0.0
MOTOR VEHICLE THEFT,2,16,Thursday,No,0,0,0.0
ROBBERY,1,6,Thursday,No,0,1,0.6191607802475536
MOTOR VEHICLE THEFT,6,1,Wednesday,No,0,0,0.17098408940078152
THEFT,18,9,Sunday,No,0,1,0.8767037058195679
THEFT,25,17,Monday,No,1,0,0.3897950611321023
BATTERY,8,19,Sunday,Yes,0,0,0.17923505815601967
ROBBERY,22,14,Saturday,Yes,0,0,0.07
BATTERY,11,1,Sunday,Yes,0,1,0.90311682859829
BATTERY,4,4,Sunday,Yes,1,0,0.09130771808430574
MOTOR VEHICLE THEFT,18,3,Saturday,No,0,0,0.0
BATTERY,19,18,Saturday,Yes,0,0,0.017612292862643906
OTHER OFFENSE,2,7,Sunday,No,0,0,0.2873182853592876
DECEPTIVE PRACTICE,14,17,Monday,No,0,0,0.0
INTERFERENCE WITH PUBLIC OFFICER,1,12,Wednesday,No,1,1,0.99
BATTERY,11,13,Saturday,Yes,1,0,0.016453026568063543
THEFT,17,12,Tuesday,No,0,0,0.0
MOTOR VEHICLE THEFT,2,0,Monday,No,0,0,0.0
THEFT,14,19,Monday,No,1,1,0.7477708048305209
CRIMINAL DAMAGE,17,22,Friday,No,0,0,0.0
CRIMINAL DAMAGE,19,21,Saturday,No,0,0,0.0
BATTERY,25,23,Wednesday,No,0,1,0.6676341610761131
CRIMINAL DAMAGE,6,1,Friday,Yes,0,0,0.056453026568063544
THEFT,6,8,Tuesday,No,0,0,0.4782659072978695
CRIMINAL DAMAGE,15,21,Friday,No,0,0,0.03
ASSAULT,25,22,Thursday,Yes,1,1,0.5373003503412115
BATTERY,4,1,Sunday,No,0,0,0.10203782543097771
MOTOR VEHICLE THEFT,22,2,Sunday,No,0,0,0.0
WEAPONS VIOLATION,8,0,Saturday,No,1,1,0.6215345312168347
BATTERY,24,19,Tuesday,No,1,0,0.21375249183617093
THEFT,8,9,Friday,No,0,0,0.0
CRIMINAL DAMAGE,12,0,Thursday,No,0,0,0.021540536054064394
WEAPONS VIOLATION,4,22,Sunday,No,1,0,0.31
MOTOR VEHICLE THEFT,3,14,Monday,No,0,0,0.01
NARCOTICS,10,12,Tuesday,No,1,1,1.0
CRIMINAL DAMAGE,2,4,Friday,No,0,0,0.0
ASSAULT,12,7,Monday,No,0,0,0.024328958046214405
DECEPTIVE PRACTICE,3,0,Sunday,No,0,0,0.0
CRIMINAL DAMAGE,5,2,Monday,No,0,0,0.0
THEFT,25,10,Thursday,No,0,1,0.6903661693221192
ASSAULT,25,9,Monday,No,0,1,0.66
OTHER OFFENSE,22,9,Thursday,No,1,0,0.1188231921405841
BATTERY,12,5,Saturday,Yes,0,0,0.053907267852040926
NARCOTICS,22,19,Wednesday,No,0,1,0.9784515126150903
BATTERY,9,7,Saturday,Yes,0,1,0.746998988347708
PUBLIC PEACE VIOLATION,12,23,Tuesday,No,0,0,0.4278361888763203
THEFT,18,6,Sunday,No,1,1,0.7071169857351614
CRIMINAL DAMAGE,8,15,Friday,No,0,0,0.01
BATTERY,11,0,Friday,Yes,1,0,0.4791182885003499
CRIMINAL DAMAGE,12,0,Saturday,No,0,0,0.0
BATTERY,4,13,Wednesday,Yes,0,0,0.01
THEFT,3,15,Tuesday,No,0,0,0.053088083333665555
MOTOR VEHICLE THEFT,10,16,Wednesday,No,0,0,0.01521893228974378
BATTERY,19,23,Thursday,No,0,0,0.0
ASSAULT,8,20,Monday,No,0,0,0.04
THEFT,5,22,Tuesday,No,1,0,0.0
DECEPTIVE PRACTICE,12,5,Tuesday,No,0,0,0.0
CRIMINAL DAMAGE,15,15,Friday,No,0,0,0.0
THEFT,14,0,Friday,No,0,0,0.0
INTERFERENCE WITH PUBLIC OFFICER,1,18,Friday,No,1,1,1.0
CRIMINAL TRESPASS,2,6,Wednesday,No,0,0,0.08
BATTERY,9,14,Wednesday,No,0,0,0.02845151261509028
ASSAULT,6,12,Wednesday,No,0,1,0.5292950201887314
THEFT,25,13,Sunday,No,0,1,0.53975106826397
CRIMINAL SEXUAL ASSAULT,4,19,Saturday,Yes,0,0,0.06646503693241615
ARSON,1,2,Saturday,No,0,0,0.2825125021967261
BURGLARY,6,8,Tuesday,No,0,0,0.044636570718575276
CRIMINAL DAMAGE,11,1,Thursday,Yes,0,0,0.1
THEFT,25,6,Tuesday,No,0,0,0.02
CRIMINAL DAMAGE,25,1,Saturday,No,0,0,0.00942441886306058
BATTERY,11,20,Monday,Yes,0,0,0.01
ASSAULT,11,12,Monday,No,0,1,0.6969030252301807
BATTERY,15,3,Sunday,Yes,0,0,0.31546547880190107
NARCOTICS,19,3,Friday,No,1,1,0.89
BATTERY,18,11,Monday,No,0,0,0.036523783154314066
BURGLARY,11,18,Wednesday,No,0,0,0.02
ASSAULT,10,19,Wednesday,No,0,1,0.5589114902916702
THEFT,12,15,Friday,No,0,0,0.0
SEX OFFENSE,6,13,Saturday,No,0,0,0.10905225409836065
THEFT,19,13,Wednesday,No,0,0,0.2136817782033341
THEFT,6,21,Tuesday,No,0,0,0.007318285359287638
BURGLARY,2,7,Tuesday,No,0,0,0.03
THEFT,1,13,Tuesday,No,0,0,0.0
CRIMINAL DAMAGE,5,3,Thursday,No,0,0,0.0
CRIMINAL SEXUAL ASSAULT,3,0,Thursday,No,0,0,0.0
ASSAULT,8,20,Tuesday,No,0,0,0.008451512615090279
THEFT,19,20,Sunday,Yes,0,0,0.04570564741911467
DECEPTIVE PRACTICE,9,9,Monday,No,0,0,0.0
BATTERY,1,9,Friday,No,0,1,0.6707022025408304
THEFT,17,9,Friday,No,0,0,0.16664250074951692
MOTOR VEHICLE THEFT,25,9,Monday,No,0,0,0.03
CRIMINAL DAMAGE,20,11,Friday,No,0,0,0.0
THEFT,19,10,Sunday,No,0,0,0.0
ASSAULT,10,11,Sunday,Yes,0,0,0.09845151261509028
ASSAULT,25,8,Friday,No,0,0,0.07234196964904602
CRIMINAL DAMAGE,12,15,Friday,Yes,0,0,0.01
CRIMINAL TRESPASS,12,4,Sunday,No,0,1,0.648986430565296
ASSAULT,4,0,Monday,No,0,0,0.01
BATTERY,6,9,Friday,Yes,0,0,0.00942441886306058
THEFT,19,12,Saturday,No,0,0,0.0
WEAPONS VIOLATION,11,22,Monday,No,0,0,0.34
BATTERY,1,12,Saturday,No,0,1,0.5409887893602661
WEAPONS VIOLATION,6,16,Thursday,No,1,1,0.9580273610498292
DECEPTIVE PRACTICE,24,16,Saturday,No,0,0,0.0
ASSAULT,24,20,Friday,No,0,0,0.04
OTHER OFFENSE,12,1,Sunday,No,0,0,0.42
BATTERY,6,20,Sunday,No,0,0,0.01
THEFT,25,11,Sunday,No,0,0,0.47559407587663033
OTHER OFFENSE,1,11,Friday,No,0,0,0.007318285359287636
THEFT,5,23,Friday,Yes,0,0,0.09
NARCOTICS,10,15,Saturday,Yes,0,1,0.8484515126150903
CRIMINAL DAMAGE,15,0,Monday,No,0,0,0.0
THEFT,4,2,Sunday,No,0,0,0.01
MOTOR VEHICLE THEFT,4,6,Friday,No,1,0,0.04278047066130468
CRIMINAL DAMAGE,11,14,Thursday,Yes,0,0,0.0
THEFT,12,0,Sunday,Yes,1,0,0.0
DECEPTIVE PRACTICE,16,0,Wednesday,No,0,0,0.0
THEFT,12,14,Monday,No,0,0,0.3204522673625757
DECEPTIVE PRACTICE,25,19,Tuesday,No,0,0,0.01
THEFT,12,8,Sunday,No,0,0,0.0
THEFT,9,17,Saturday,No,0,0,0.01
THEFT,8,8,Sunday,No,0,0,0.036444571548291525
BURGLARY,24,23,Wednesday,No,0,0,0.018451512615090277
THEFT,12,13,Thursday,No,0,0,0.0
MOTOR VEHICLE THEFT,19,16,Wednesday,No,0,0,0.0
NARCOTICS,8,15,Tuesday,No,1,1,0.9684515126150903
BURGLARY,12,15,Friday,No,0,0,0.0
THEFT,2,21,Wednesday,No,0,0,0.0
STALKING,9,4,Saturday,No,0,0,0.03845151261509028
THEFT,1,17,Monday,No,0,1,0.5442967245119275
MOTOR VEHICLE THEFT,25,1,Saturday,No,0,0,0.3732834254039531
CRIMINAL DAMAGE,16,16,Sunday,No,0,0,0.0
THEFT,25,0,Saturday,No,0,0,0.00577073807968648
ROBBERY,18,19,Thursday,No,0,0,0.1
BATTERY,9,19,Wednesday,Yes,0,1,0.6281569356670795
THEFT,18,20,Friday,No,0,0,0.2715479801528335
THEFT,19,19,Sunday,No,0,0,0.002667874532895482
THEFT,24,12,Monday,No,0,1,0.6898380795620163
BATTERY,14,10,Sunday,Yes,0,0,0.07845151261509029
INTERFERENCE WITH PUBLIC OFFICER,7,0,Monday,No,1,1,0.78
NARCOTICS,11,4,Tuesday,No,1,1,0.99
DECEPTIVE PRACTICE,8,11,Wednesday,No,0,0,0.0
WEAPONS VIOLATION,25,21,Monday,No,1,1,0.69
CRIMINAL TRESPASS,3,18,Thursday,No,1,0,0.12581451552185072
THEFT,15,10,Thursday,No,0,0,0.0
CRIMINAL DAMAGE,9,23,Monday,No,0,0,0.0
ROBBERY,6,11,Friday,No,0,0,0.053214957823339376
BATTERY,11,11,Thursday,No,0,0,0.19
CRIMINAL DAMAGE,8,18,Monday,No,1,1,0.6757863542611682
OTHER OFFENSE,17,19,Wednesday,No,0,1,0.9
OTHER OFFENSE,25,2,Tuesday,No,0,0,0.006453026568063545
THEFT,2,9,Friday,No,0,0,0.0
BATTERY,4,1,Monday,No,1,0,0.008911490291670168
DECEPTIVE PRACTICE,1,17,Saturday,No,0,0,0.0
MOTOR VEHICLE THEFT,11,7,Sunday,No,0,0,0.02731828535928764
MOTOR VEHICLE THEFT,11,10,Sunday,No,0,0,0.44828949311786914
THEFT,12,17,Wednesday,No,0,0,0.0
MOTOR VEHICLE THEFT,15,18,Wednesday,No,0,1,0.5554992723769576
CRIMINAL SEXUAL ASSAULT,17,9,Wednesday,No,0,0,0.06319573079041177
BATTERY,22,3,Friday,Yes,0,0,0.023356051798244102
CRIMINAL DAMAGE,9,6,Sunday,No,0,0,0.0
BATTERY,7,2,Sunday,Yes,0,1,0.5216695543035066
ASSAULT,14,11,Saturday,Yes,0,0,0.19307014831558933
OTHER OFFENSE,22,4,Monday,Yes,0,0,0.01
OTHER OFFENSE,6,2,Friday,Yes,0,0,0.03
DECEPTIVE PRACTICE,18,14,Sunday,No,0,0,0.0
BATTERY,10,18,Wednesday,Yes,0,0,0.3442213105894682
BATTERY,2,8,Friday,No,0,0,0.17428831691982374
DECEPTIVE PRACTICE,12,19,Monday,No,0,0,0.02
THEFT,1,17,Wednesday,No,0,1,0.5798479545294348
BATTERY,18,12,Sunday,Yes,0,1,0.54
BATTERY,15,15,Sunday,No,1,0,0.14916078024755364
BATTERY,12,21,Wednesday,No,0,1,0.5212865705190378
CRIMINAL DAMAGE,9,3,Sunday,No,0,0,0.013214957823339368
BURGLARY,12,16,Sunday,No,0,0,0.0
BATTERY,1,11,Thursday,No,0,0,0.4201245078653957
ASSAULT,6,13,Wednesday,No,1,0,0.1484426211789364
CRIMINAL DAMAGE,3,0,Friday,No,0,0,0.4054567353985854
BATTERY,1,19,Monday,No,0,0,0.12771104888323623
CRIMINAL DAMAGE,11,15,Thursday,Yes,0,0,0.01
THEFT,12,0,Saturday,No,0,0,0.0
OTHER OFFENSE,8,12,Wednesday,No,1,0,0.026903025230180556
CRIMINAL DAMAGE,4,3,Friday,No,0,0,0.0
BATTERY,12,19,Thursday,No,0,0,0.06158431349622865
THEFT,17,8,Thursday,No,1,0,0.04779488051708156
OTHER OFFENSE,4,12,Tuesday,No,0,0,0.13302860373452421
THEFT,14,19,Friday,No,0,0,0.42735699669642463
DECEPTIVE PRACTICE,20,12,Thursday,No,0,0,0.0
SEX OFFENSE,5,9,Thursday,Yes,0,0,0.046903025230180556
DECEPTIVE PRACTICE,14,11,Wednesday,No,0,0,0.0
BATTERY,16,20,Saturday,Yes,0,0,0.0
THEFT,19,16,Saturday,No,0,0,0.3908220309582145
DECEPTIVE PRACTICE,12,10,Wednesday,No,0,0,0.0
OTHER OFFENSE,9,23,Friday,No,0,0,0.24377131192735116
NARCOTICS,15,21,Monday,No,1,1,1.0
ASSAULT,2,1,Sunday,Yes,0,0,0.05267376330986703
OTHER OFFENSE,25,18,Monday,No,0,1,0.6189995860941115
DECEPTIVE PRACTICE,25,13,Friday,No,0,0,0.0
MOTOR VEHICLE THEFT,17,0,Sunday,No,0,0,0.035625300982696964
BATTERY,14,0,Thursday,Yes,1,0,0.14151994654904768
THEFT,15,18,Thursday,No,0,0,0.0
BATTERY,8,23,Saturday,Yes,0,0,0.19545314552436896
CRIMINAL DAMAGE,7,22,Sunday,No,0,0,0.0
ASSAULT,2,23,Friday,No,1,1,0.7889207346934193
BATTERY,2,12,Monday,Yes,1,1,0.6484515126150903
THEFT,10,14,Tuesday,No,0,0,0.0
THEFT,4,18,Thursday,No,0,0,0.0
BATTERY,9,7,Tuesday,No,0,0,0.0
ASSAULT,11,10,Wednesday,No,0,0,0.14
BATTERY,7,3,Sunday,Yes,0,0,0.47262341599014895
BATTERY,15,15,Saturday,No,0,0,0.02
CRIMINAL DAMAGE,4,13,Thursday,No,0,0,0.0
BATTERY,8,9,Saturday,Yes,0,0,0.0
BATTERY,25,13,Sunday,Yes,0,1,0.6902451866049814
ASSAULT,8,18,Tuesday,No,0,0,0.03
BURGLARY,18,16,Sunday,No,0,0,0.01
ROBBERY,4,16,Sunday,No,0,0,0.09606380547773417
ARSON,4,20,Tuesday,No,0,0,0.12519059535566476
ROBBERY,12,2,Monday,No,0,0,0.01577073807968648
CRIMINAL TRESPASS,18,18,Monday,No,0,1,0.78
CRIMINAL DAMAGE,4,12,Sunday,No,0,0,0.0
BATTERY,7,7,Saturday,Yes,0,0,0.0
BATTERY,1,20,Monday,No,1,0,0.13484596303868698
THEFT,22,11,Tuesday,No,1,0,0.04872677425219989
BATTERY,1,11,Friday,No,0,0,0.06486857253761263
MOTOR VEHICLE THEFT,7,18,Monday,No,0,0,0.0
BATTERY,19,20,Monday,Yes,0,0,0.01942441886306058
OTHER OFFENSE,11,23,Thursday,Yes,0,0,0.007318285359287636
OTHER OFFENSE,2,19,Saturday,No,0,0,0.03845151261509028
THEFT,8,20,Friday,No,0,0,0.00577073807968648
CRIMINAL DAMAGE,4,2,Thursday,No,0,0,0.0
DECEPTIVE PRACTICE,9,12,Wednesday,No,0,0,0.0
ROBBERY,20,11,Tuesday,No,1,0,0.11530998624567589
OTHER OFFENSE,6,21,Tuesday,Yes,0,0,0.1720654923773823
MOTOR VEHICLE THEFT,1,0,Wednesday,No,0,0,0.01
MOTOR VEHICLE THEFT,5,22,Wednesday,No,0,0,0.0
INTIMIDATION,24,13,Friday,No,0,0,0.03
BURGLARY,6,13,Thursday,No,0,0,0.017612292862643906
CRIMINAL DAMAGE,8,13,Sunday,No,0,0,0.0
ASSAULT,5,14,Monday,No,0,0,0.0
BATTERY,24,11,Thursday,Yes,0,0,0.02
CRIMINAL DAMAGE,22,14,Saturday,No,0,0,0.0
BATTERY,24,17,Tuesday,No,0,1,0.698903754772883
THEFT,1,18,Friday,No,1,1,0.5471928318835083
MOTOR VEHICLE THEFT,25,3,Wednesday,No,0,0,0.02731828535928764
THEFT,19,10,Friday,No,0,0,0.3403773173217654
ASSAULT,7,1,Saturday,No,0,1,0.6584515126150903
ASSAULT,5,20,Sunday,No,1,0,0.07338209083702182
CRIMINAL DAMAGE,25,1,Tuesday,No,0,0,0.0
ROBBERY,6,23,Wednesday,No,0,0,0.01
THEFT,7,13,Thursday,No,0,0,0.0
BATTERY,2,16,Friday,Yes,0,0,0.019160780247553626
MOTOR VEHICLE THEFT,4,2,Monday,No,0,0,0.0
BURGLARY,17,5,Wednesday,No,0,0,0.03
ASSAULT,17,16,Monday,No,0,0,0.029562011702235602
MOTOR VEHICLE THEFT,17,16,Saturday,No,0,0,0.06474006693014638
BURGLARY,3,18,Friday,No,0,0,0.0
ASSAULT,1,9,Friday,No,0,0,0.019160780247553626
BATTERY,6,15,Monday,No,0,0,0.1021020410323525
MOTOR VEHICLE THEFT,2,23,Friday,No,0,0,0.0
ASSAULT,12,7,Wednesday,Yes,0,0,0.008451512615090279
CRIMINAL DAMAGE,16,22,Tuesday,No,0,0,0.05845151261509028
THEFT,19,16,Thursday,No,0,1,0.7625671528402284
SEX OFFENSE,18,20,Saturday,No,0,0,0.04879186491277172
DECEPTIVE PRACTICE,9,18,Saturday,No,0,0,0.05772465405224083
THEFT,15,3,Friday,No,0,0,0.0
ASSAULT,2,14,Friday,No,0,0,0.01
NARCOTICS,24,9,Friday,No,1,1,0.93
MOTOR VEHICLE THEFT,4,3,Thursday,No,0,0,0.045542376231963486
ASSAULT,25,20,Sunday,No,0,0,0.06398608175021021
ASSAULT,22,11,Monday,No,0,0,0.012537217649031419
THEFT,12,15,Friday,No,0,0,0.0
CRIMINAL DAMAGE,5,0,Thursday,Yes,0,0,0.0
BURGLARY,8,2,Sunday,No,0,0,0.0
NARCOTICS,11,12,Thursday,No,1,1,0.921351010223006
BATTERY,11,0,Sunday,No,0,0,0.04674270422234821
MOTOR VEHICLE THEFT,2,20,Monday,No,0,0,0.01
BATTERY,17,7,Monday,No,0,0,0.01
THEFT,9,1,Saturday,No,0,0,0.0
MOTOR VEHICLE THEFT,25,4,Monday,No,0,0,0.01
THEFT,9,17,Saturday,No,0,0,0.01
BATTERY,2,20,Saturday,No,0,1,0.5941205908545397
NARCOTICS,1,10,Thursday,No,1,1,0.9676122928626439
CRIMINAL DAMAGE,20,15,Monday,No,0,0,0.01
BATTERY,8,10,Sunday,No,0,0,0.0
THEFT,9,18,Monday,No,0,0,0.0
OTHER OFFENSE,10,13,Saturday,No,0,0,0.024381082253765573
CRIMINAL DAMAGE,25,1,Sunday,No,0,0,0.0
BATTERY,11,23,Saturday,Yes,0,0,0.06380605046036111
THEFT,9,7,Saturday,No,0,0,0.0
MOTOR VEHICLE THEFT,14,16,Sunday,No,0,0,0.007318285359287636
THEFT,15,16,Saturday,No,0,0,0.0
BATTERY,6,0,Monday,Yes,0,0,0.4509735818001351
DECEPTIVE PRACTICE,14,0,Monday,No,0,0,0.01
ASSAULT,4,15,Monday,Yes,0,0,0.02
THEFT,8,16,Thursday,No,0,0,0.0
THEFT,1,10,Wednesday,No,0,1,0.6838936472528284
BATTERY,15,9,Saturday,Yes,0,0,0.0
OTHER OFFENSE,6,18,Wednesday,No,0,0,0.016479065606841262
ASSAULT,11,19,Saturday,Yes,0,0,0.01
CRIMINAL DAMAGE,5,7,Monday,No,0,0,0.0
BURGLARY,14,17,Wednesday,No,0,0,0.0
OFFENSE INVOLVING CHILDREN,15,17,Thursday,Yes,0,0,0.03322176982918948
THEFT,19,8,Thursday,No,0,0,0.0
MOTOR VEHICLE THEFT,3,11,Sunday,No,1,0,0.0
BATTERY,14,11,Monday,No,1,0,0.3237842623970124
BATTERY,4,5,Wednesday,Yes,1,0,0.03
BATTERY,9,18,Thursday,No,0,0,0.0
CRIMINAL DAMAGE,19,17,Wednesday,No,0,0,0.019947497069559724
THEFT,19,18,Saturday,No,1,0,0.0
THEFT,1,19,Monday,No,0,0,0.0
BATTERY,10,20,Saturday,Yes,0,0,0.1354946920638007
THEFT,8,23,Tuesday,No,0,0,0.0
ASSAULT,25,12,Thursday,No,0,0,0.0
BURGLARY,7,12,Monday,No,0,0,0.2742679204598292
CRIMINAL DAMAGE,8,3,Saturday,No,0,0,0.016903025230180557
CRIMINAL DAMAGE,25,1,Wednesday,Yes,0,0,0.12564078282634314
THEFT,20,10,Saturday,No,0,0,0.0674398117781383
BATTERY,1,12,Monday,No,0,1,0.62
OTHER OFFENSE,18,1,Wednesday,No,0,0,0.024682228371356647
BURGLARY,18,5,Tuesday,No,0,0,0.0
THEFT,2,0,Thursday,No,0,0,0.0
THEFT,14,23,Wednesday,Yes,0,0,0.048335909154730745
ASSAULT,11,11,Thursday,No,0,0,0.008451512615090279
ASSAULT,24,2,Saturday,No,0,1,0.6284515126150904
CRIMINAL DAMAGE,3,20,Monday,No,0,0,0.0
OTHER OFFENSE,22,13,Thursday,Yes,0,0,0.1236760983403781
OTHER OFFENSE,22,19,Friday,No,0,0,0.3433830309423304
WEAPONS VIOLATION,15,6,Thursday,No,1,0,0.5
THEFT,1,6,Monday,No,0,0,0.0
CRIMINAL DAMAGE,7,12,Saturday,No,0,0,0.0
CRIMINAL DAMAGE,14,16,Tuesday,No,0,0,0.0
ASSAULT,4,22,Tuesday,Yes,0,0,0.3245086474190022
CRIMINAL DAMAGE,1,5,Monday,No,1,0,0.0
OTHER OFFENSE,7,12,Wednesday,No,0,0,0.02
DECEPTIVE PRACTICE,9,22,Sunday,No,0,0,0.025769797974377916
BATTERY,8,0,Friday,Yes,1,1,0.8534519657672649
BATTERY,14,18,Friday,Yes,1,0,0.02
DECEPTIVE PRACTICE,4,9,Thursday,No,0,0,0.0
BATTERY,19,1,Sunday,No,0,0,0.0047634452082490905
OTHER OFFENSE,7,20,Monday,No,1,1,0.92
THEFT,25,18,Wednesday,No,1,1,0.514556342873036
MOTOR VEHICLE THEFT,14,22,Tuesday,No,0,0,0.0
BATTERY,6,10,Sunday,Yes,0,1,0.5684240548594208
DECEPTIVE PRACTICE,2,14,Wednesday,No,0,0,0.0
CRIMINAL DAMAGE,3,16,Saturday,No,0,0,0.0
BATTERY,12,2,Tuesday,Yes,0,0,0.06178483624467706
ASSAULT,6,21,Tuesday,No,0,0,0.13795122466781554
NARCOTICS,10,17,Tuesday,No,1,1,0.9657567972218938
BURGLARY,11,13,Monday,No,0,0,0.02
BURGLARY,17,3,Sunday,No,0,0,0.0
CONCEALED CARRY LICENSE VIOLATION,7,21,Tuesday,No,1,1,0.9157707380796865
CRIMINAL TRESPASS,19,4,Saturday,No,0,0,0.08
THEFT,16,17,Wednesday,No,0,0,0.0
MOTOR VEHICLE THEFT,24,15,Sunday,No,0,0,0.016903025230180557
THEFT,19,6,Monday,No,0,0,0.02342843563134699
OTHER OFFENSE,5,19,Wednesday,Yes,0,0,0.49878297347661793
BATTERY,24,10,Tuesday,Yes,0,0,0.02
BATTERY,2,10,Saturday,No,0,1,0.718036688902365
ASSAULT,10,1,Monday,Yes,0,0,0.31761229286264386
ROBBERY,6,6,Friday,No,0,0,0.08942441886306059
THEFT,19,0,Sunday,No,0,0,0.0
CRIMINAL DAMAGE,14,2,Monday,No,0,0,0.18
BATTERY,6,17,Saturday,No,0,0,0.0
NARCOTICS,16,17,Thursday,No,1,1,0.93
CRIMINAL DAMAGE,11,18,Monday,No,0,0,0.19955519777947447
BATTERY,22,12,Wednesday,Yes,0,0,0.0
THEFT,25,17,Thursday,No,1,1,0.806587636695708
THEFT,4,19,Thursday,Yes,0,0,0.0
MOTOR VEHICLE THEFT,14,9,Saturday,No,0,0,0.01
THEFT,19,18,Friday,No,0,0,0.05150185563149652
BATTERY,5,19,Tuesday,No,0,0,0.02
BATTERY,11,11,Tuesday,Yes,0,0,0.4289137128408318
MOTOR VEHICLE THEFT,18,9,Sunday,No,0,0,0.029562011702235602
BURGLARY,12,18,Friday,No,0,0,0.0
ASSAULT,5,3,Saturday,No,0,0,0.04
CRIMINAL DAMAGE,2,2,Monday,No,0,0,0.0
THEFT,19,8,Friday,No,0,0,0.0
DECEPTIVE PRACTICE,3,16,Wednesday,No,0,0,0.0
CRIMINAL DAMAGE,7,20,Friday,No,0,0,0.0
HOMICIDE,12,20,Sunday,No,0,0,0.1
CRIMINAL DAMAGE,8,22,Thursday,No,0,0,0.0
DECEPTIVE PRACTICE,18,12,Monday,No,1,1,0.548988526682705
ASSAULT,9,16,Wednesday,No,0,1,0.5280871281822901
BATTERY,4,4,Wednesday,No,0,0,0.06
NARCOTICS,10,14,Thursday,No,1,1,1.0
OTHER OFFENSE,18,11,Sunday,No,0,0,0.40845151261509033
BATTERY,12,9,Thursday,No,0,1,0.5924422845246002
BATTERY,20,11,Wednesday,Yes,0,0,0.0832521387170388
CRIMINAL TRESPASS,25,7,Sunday,Yes,0,0,0.22
THEFT,8,16,Wednesday,No,1,1,0.6471191368896825
BATTERY,3,12,Thursday,No,0,0,0.0
ASSAULT,11,20,Sunday,No,0,0,0.01
BATTERY,12,16,Wednesday,No,0,1,0.6264404425490722
BATTERY,16,11,Thursday,No,0,0,0.01
OTHER OFFENSE,12,21,Wednesday,Yes,0,0,0.456186316132861
THEFT,11,15,Friday,No,0,0,0.0
MOTOR VEHICLE THEFT,5,13,Monday,No,0,0,0.0
CRIMINAL DAMAGE,1,18,Wednesday,No,0,0,0.0
BATTERY,3,19,Wednesday,No,1,0,0.026742704222348215
DECEPTIVE PRACTICE,14,11,Friday,No,0,0,0.0
INTERFERENCE WITH PUBLIC OFFICER,6,21,Monday,No,1,1,0.9091607802475536
ASSAULT,5,19,Monday,No,0,0,0.12577732470559214
HOMICIDE,10,16,Monday,No,0,0,0.18690302523018054
THEFT,18,13,Monday,No,0,0,0.41372162656154143
OTHER OFFENSE,6,18,Friday,No,0,0,0.28977533913427156
ASSAULT,10,11,Monday,No,0,0,0.24327905751184967
MOTOR VEHICLE THEFT,16,16,Saturday,No,1,0,0.0
MOTOR VEHICLE THEFT,4,21,Tuesday,No,0,0,0.02787593147815086
BATTERY,8,19,Wednesday,No,0,1,0.6284515126150904
MOTOR VEHICLE THEFT,11,8,Saturday,No,0,1,0.63
CRIMINAL DAMAGE,5,6,Friday,Yes,0,0,0.01
ARSON,6,17,Sunday,No,0,0,0.07
ASSAULT,9,12,Thursday,No,0,0,0.009160780247553625
THEFT,18,12,Saturday,No,1,0,0.43567456610997446
THEFT,24,14,Saturday,Yes,0,0,0.047875931478150856
BURGLARY,2,9,Sunday,No,0,0,0.01
NARCOTICS,7,16,Saturday,No,1,0,0.27690302523018057
CRIMINAL SEXUAL ASSAULT,16,19,Friday,No,0,0,0.02
BATTERY,20,11,Sunday,No,0,0,0.08267282320455846
THEFT,8,0,Saturday,No,0,0,0.0
BATTERY,22,19,Saturday,No,1,0,0.1760638054777342
PUBLIC PEACE VIOLATION,11,3,Sunday,No,0,1,0.7673182853592877
BATTERY,24,11,Thursday,Yes,0,0,0.02
MOTOR VEHICLE THEFT,6,15,Thursday,No,0,0,0.0
ASSAULT,18,12,Friday,No,0,0,0.41282288072047185
THEFT,8,16,Monday,No,0,0,0.4305116170057661
OTHER OFFENSE,8,0,Wednesday,No,0,0,0.0343289580462144
OTHER OFFENSE,8,8,Thursday,No,0,1,0.7300679464356641
BATTERY,3,19,Monday,Yes,0,0,0.35342572496107943
CRIMINAL DAMAGE,15,1,Thursday,No,0,0,0.0
THEFT,24,12,Saturday,No,0,0,0.005770738079686481
DECEPTIVE PRACTICE,6,0,Thursday,No,0,0,0.0
MOTOR VEHICLE THEFT,24,20,Saturday,No,0,0,0.00942441886306058
BATTERY,12,18,Thursday,No,1,0,0.011671958857807323
THEFT,18,21,Saturday,Yes,0,0,0.03
THEFT,12,13,Wednesday,No,0,0,0.0
BATTERY,4,16,Thursday,Yes,0,0,0.27336415581894563
BATTERY,16,23,Friday,No,0,0,0.041136754333349845
THEFT,8,18,Monday,No,0,0,0.34650805491180187
OFFENSE INVOLVING CHILDREN,22,19,Monday,Yes,0,0,0.2
BURGLARY,24,0,Wednesday,No,0,0,0.0
ROBBERY,12,18,Friday,No,0,0,0.0
THEFT,24,7,Wednesday,No,0,0,0.10654607193719683
BATTERY,3,16,Sunday,Yes,0,0,0.39455630918875045
BATTERY,6,18,Thursday,Yes,0,0,0.0
OTHER OFFENSE,2,8,Saturday,Yes,0,0,0.0476122928626439
THEFT,17,12,Wednesday,No,0,1,0.5886092394685187
ROBBERY,4,21,Thursday,No,0,0,0.0
BATTERY,18,15,Monday,No,0,0,0.11100889931754274
MOTOR VEHICLE THEFT,8,8,Friday,No,0,0,0.0
OFFENSE INVOLVING CHILDREN,4,15,Wednesday,Yes,0,0,0.1
MOTOR VEHICLE THEFT,12,2,Friday,No,0,0,0.0
BATTERY,8,12,Friday,Yes,1,0,0.008451512615090279
CRIMINAL DAMAGE,4,14,Sunday,No,0,0,0.01
BATTERY,17,22,Monday,Yes,0,0,0.13519515694274706
DECEPTIVE PRACTICE,8,12,Monday,No,0,0,0.0
MOTOR VEHICLE THEFT,22,23,Tuesday,No,0,0,0.0
OTHER OFFENSE,22,16,Saturday,Yes,0,0,0.0
BURGLARY,4,17,Wednesday,No,0,0,0.0
SEX OFFENSE,7,0,Monday,No,0,0,0.02731828535928764
CRIMINAL DAMAGE,6,14,Monday,No,0,0,0.0
OTHER OFFENSE,2,19,Monday,Yes,0,0,0.03
THEFT,15,20,Friday,No,0,0,0.0
BATTERY,1,18,Sunday,No,0,1,0.5905337259491238
THEFT,8,18,Monday,No,0,0,0.34650805491180187
BATTERY,25,14,Monday,No,0,0,0.05195485607786291
OTHER OFFENSE,6,21,Friday,Yes,0,0,0.02731828535928764
WEAPONS VIOLATION,8,12,Monday,No,1,1,0.93
BATTERY,10,13,Tuesday,Yes,0,0,0.03647906560684126
ASSAULT,4,7,Sunday,Yes,0,0,0.12
THEFT,22,14,Friday,No,0,0,0.0
INTERFERENCE WITH PUBLIC OFFICER,1,2,Monday,No,1,1,0.92
THEFT,2,9,Monday,No,0,0,0.0
BATTERY,10,23,Wednesday,Yes,0,1,0.8540490666451684
THEFT,19,22,Monday,No,0,0,0.01
OTHER OFFENSE,2,0,Thursday,No,0,0,0.0
DECEPTIVE PRACTICE,24,13,Thursday,No,0,0,0.0
ROBBERY,1,5,Wednesday,No,0,0,0.0
OTHER OFFENSE,15,12,Friday,No,0,0,0.02
WEAPONS VIOLATION,10,2,Monday,No,1,1,0.99
MOTOR VEHICLE THEFT,8,11,Saturday,No,0,0,0.0
ASSAULT,12,23,Thursday,Yes,1,0,0.0
THEFT,2,19,Friday,No,0,0,0.0
BATTERY,8,20,Wednesday,No,0,0,0.06
THEFT,2,0,Friday,No,0,0,0.0
CRIMINAL DAMAGE,11,19,Saturday,No,0,0,0.01
BATTERY,10,16,Friday,No,0,1,0.6030722103454805
THEFT,16,13,Friday,Yes,0,0,0.05154147615937296
BATTERY,9,12,Wednesday,No,0,0,0.02577073807968648
BATTERY,12,8,Monday,No,0,0,0.03
MOTOR VEHICLE THEFT,1,8,Tuesday,Yes,0,0,0.03
MOTOR VEHICLE THEFT,4,1,Tuesday,No,0,0,0.007318285359287636
OTHER OFFENSE,2,0,Sunday,Yes,0,0,0.18176271753922538
ASSAULT,3,17,Thursday,No,0,0,0.01
OTHER OFFENSE,11,13,Saturday,Yes,0,0,0.14028605617251094
BATTERY,11,18,Wednesday,Yes,1,0,0.02647906560684126
THEFT,9,9,Friday,No,0,0,0.008451512615090279
ASSAULT,9,20,Tuesday,Yes,0,0,0.0
BATTERY,7,12,Monday,Yes,0,0,0.01
MOTOR VEHICLE THEFT,11,5,Saturday,No,0,0,0.006453026568063544
THEFT,2,7,Thursday,No,0,1,0.526257944661285
NARCOTICS,2,12,Thursday,No,1,1,0.98
CRIMINAL DAMAGE,3,22,Thursday,No,0,0,0.0
CRIMINAL DAMAGE,25,15,Tuesday,No,0,0,0.0
OTHER OFFENSE,5,10,Saturday,No,0,0,0.3373698497324276
CRIMINAL DAMAGE,4,21,Wednesday,No,0,0,0.0
WEAPONS VIOLATION,4,13,Saturday,No,1,1,0.9780722705392239
THEFT,18,5,Thursday,No,0,0,0.214419230620663
ASSAULT,1,11,Wednesday,No,0,0,0.0
BATTERY,14,20,Monday,No,0,0,0.01
OTHER OFFENSE,7,8,Friday,Yes,0,0,0.05463657071857528
CRIMINAL TRESPASS,24,19,Friday,No,0,0,0.1957697979743779
BATTERY,19,16,Wednesday,No,0,0,0.01
CRIMINAL DAMAGE,1,16,Sunday,No,0,0,0.0
CRIMINAL DAMAGE,1,9,Monday,No,0,0,0.0
THEFT,18,11,Tuesday,No,1,0,0.26610819901661215
NARCOTICS,8,19,Wednesday,No,1,1,1.0
BATTERY,12,9,Wednesday,Yes,1,0,0.014222250694776757
ASSAULT,4,8,Tuesday,No,0,1,0.6457697979743778
CRIMINAL DAMAGE,7,12,Sunday,Yes,0,0,0.03845151261509028
DECEPTIVE PRACTICE,18,19,Tuesday,No,0,0,0.01
THEFT,11,13,Wednesday,No,0,0,0.0
THEFT,14,19,Monday,No,0,1,0.7477708048305209
CRIMINAL TRESPASS,10,16,Tuesday,No,1,1,0.95
OTHER OFFENSE,14,12,Monday,Yes,0,0,0.0
DECEPTIVE PRACTICE,9,11,Sunday,No,0,0,0.0
MOTOR VEHICLE THEFT,2,12,Friday,No,0,0,0.0
INTERFERENCE WITH PUBLIC OFFICER,5,11,Monday,No,1,1,0.94
OTHER OFFENSE,25,15,Monday,No,0,0,0.052222824542441454
OFFENSE INVOLVING CHILDREN,25,19,Tuesday,Yes,0,0,0.17031154689502562
THEFT,24,11,Saturday,No,0,1,0.6047673886554857
CRIMINAL DAMAGE,8,19,Thursday,No,0,0,0.0
THEFT,5,9,Sunday,No,0,0,0.07214791671101581
CRIMINAL TRESPASS,8,0,Monday,No,0,1,0.5930687675132019
BATTERY,11,2,Saturday,Yes,0,0,0.19996887663780702
BATTERY,4,0,Sunday,Yes,0,1,0.8280358145323211
MOTOR VEHICLE THEFT,25,12,Monday,No,0,0,0.0
THEFT,17,14,Monday,No,0,1,0.7262540790274886
BATTERY,8,10,Wednesday,Yes,0,0,0.014904539183153822
BURGLARY,19,4,Saturday,No,0,0,0.0
OTHER OFFENSE,14,17,Sunday,Yes,0,0,0.14606380547773418
THEFT,9,8,Sunday,No,0,0,0.02787593147815086
CRIMINAL DAMAGE,3,18,Friday,Yes,0,0,0.02
MOTOR VEHICLE THEFT,6,8,Monday,No,0,0,0.0
ASSAULT,2,16,Thursday,No,0,0,0.007318285359287638
