fpr,tpr,threshold
0.0,0.0,inf
0.0005659309564233164,0.08028821410190427,1.0
0.0005659309564233164,0.08080288214101904,0.9996465128975024
0.0005659309564233164,0.08183221821924859,0.9995620117022357
0.0005659309564233164,0.08389089037570767,0.9994244188630605
0.0005659309564233164,0.08646423057128153,0.9991607802475536
0.0005659309564233164,0.08697889861039629,0.9989114902916701
0.0005659309564233164,0.0885229027277406,0.9984515126150904
0.0005659309564233164,0.08955223880597014,0.9978759314781509
0.0006602527824938691,0.0905815748841997,0.9978441817879141
0.0007545746085644218,0.092125579001544,0.9973182853592877
0.0007545746085644218,0.09366958311888832,0.9962201884255406
0.0007545746085644218,0.09469891919711786,0.9960638054777342
0.0008488964346349745,0.09469891919711786,0.995912620380516
0.0008488964346349745,0.09521358723623263,0.992882407466592
0.0011318619128466328,0.12197632527020072,0.99
0.0011318619128466328,0.12300566134843026,0.9895620117022357
0.0011318619128466328,0.12557900154400412,0.9887227919497893
0.0011318619128466328,0.12866700977869275,0.9884515126150903
0.0011318619128466328,0.13021101389603706,0.9873182853592877
0.0011318619128466328,0.13226968605249614,0.9812580223151727
0.0015091492171288435,0.14410705095213588,0.98
0.001697792869269949,0.14462171899125065,0.9797239665267656
0.001697792869269949,0.1451363870303654,0.9795620117022357
0.001697792869269949,0.1471950591868245,0.9791607802475536
0.001697792869269949,0.14770972722593928,0.9791269195553922
0.0017921146953405018,0.1487390633041688,0.9784515126150903
0.0017921146953405018,0.15028306742151312,0.977612292862644
0.0017921146953405018,0.15131240349974268,0.9773182853592877
0.0017921146953405018,0.15388574369531652,0.9729668307079148
0.0018864365214110545,0.15388574369531652,0.9709687810772699
0.0018864365214110545,0.16263510036026763,0.97
0.0018864365214110545,0.16366443643849718,0.9691607802475537
0.0018864365214110545,0.16572310859495626,0.9684515126150903
0.0018864365214110545,0.16675244467318578,0.9676122928626439
0.0018864365214110545,0.1682964487905301,0.9657697979743779
0.0019807583474816073,0.1682964487905301,0.9657618466435328
0.0019807583474816073,0.1688111168296449,0.9657567972218938
0.00207508017355216,0.16932578486875965,0.9656166779355552
0.00207508017355216,0.16984045290787442,0.9645642698007814
0.002169401999622713,0.17035512094698918,0.9638060504603613
0.0025466893039049238,0.17035512094698918,0.9619240299023432
0.0025466893039049238,0.17138445702521873,0.9607041105718505
0.0029239766081871343,0.1770458054554812,0.96
0.003018298434257687,0.1770458054554812,0.9597761026297136
0.00311262026032824,0.17756047349459597,0.9591607802475537
0.00311262026032824,0.1791044776119403,0.958116093989717
0.00311262026032824,0.18013381369016984,0.9580273610498292
0.00311262026032824,0.1806484817292846,0.958013524317326
0.00311262026032824,0.18167781780751416,0.9576122928626439
0.00311262026032824,0.18373648996397324,0.955769797974378
0.0032069420863987926,0.18373648996397324,0.9554882243407948
0.0032069420863987926,0.1847658260422028,0.9549305782219315
0.0033012639124693453,0.1847658260422028,0.9545153180928245
0.0033012639124693453,0.18579516212043232,0.9542250449650092
0.003395585738539898,0.18579516212043232,0.9532149578233394
0.003395585738539898,0.18630983015954708,0.9525428710845756
0.0035842293906810036,0.1893978383942357,0.95
0.0036785512167515563,0.1893978383942357,0.9482848036520248
0.0036785512167515563,0.19248584662892435,0.9449045391831539
0.0036785512167515563,0.1935151827071539,0.9430617562876652
0.0036785512167515563,0.19866186309830158,0.94
0.003772873042822109,0.19866186309830158,0.9389114902916701
0.003772873042822109,0.2007205352547607,0.9385851991106142
0.003961516694963215,0.2007205352547607,0.9384515126150903
0.003961516694963215,0.20123520329387545,0.9383215604951073
0.003961516694963215,0.20226453937210498,0.9381366472488653
0.003961516694963215,0.20329387545033453,0.9343314417047935
0.004055838521033767,0.20329387545033453,0.9339828466620475
0.004055838521033767,0.2038085434894493,0.9336025124672218
0.00415016034710432,0.2038085434894493,0.9332249126381652
0.00415016034710432,0.20432321152856409,0.933198719633185
0.00415016034710432,0.20998455995882656,0.93
0.00415016034710432,0.2110138960370561,0.9291607802475537
0.004244482173174873,0.2110138960370561,0.9289114902916702
0.004338803999245426,0.21152856407617088,0.9273182853592877
0.004433125825315978,0.21152856407617088,0.9262120415031689
0.004433125825315978,0.21410190427174472,0.9240653194307075
0.004527447651386531,0.21461657231085948,0.9233838993851738
0.004527447651386531,0.21513124034997427,0.9228065097000825
0.004527447651386531,0.2182192485846629,0.921351010223006
0.004621769477457084,0.2218219248584663,0.92
0.0047160913035276366,0.2218219248584663,0.9191607802475537
0.0047160913035276366,0.22233659289758106,0.9191597610940907
0.004810413129598189,0.22285126093669583,0.9184515126150903
0.004904734955668742,0.22285126093669583,0.9183980695793414
0.004904734955668742,0.2233659289758106,0.9178835721973428
0.0050933786078098476,0.2233659289758106,0.9174909124892859
0.0050933786078098476,0.22645393721049922,0.9118080008297161
0.0050933786078098476,0.2285126093669583,0.9114135124275796
0.0051877004338804,0.23108594956253217,0.91
0.0051877004338804,0.2321152856407617,0.9084515126150903
0.005282022259950953,0.2321152856407617,0.9084426211789365
0.005282022259950953,0.23314462171899125,0.9073182853592877
0.005470665912092058,0.23365928975810601,0.9069030252301806
0.005470665912092058,0.23468862583633557,0.9048808935136187
0.005470665912092058,0.2357179619145651,0.9036760983403782
0.0055649877381626104,0.2357179619145651,0.90311682859829
0.0055649877381626104,0.23623262995367988,0.9029261675211814
0.005659309564233163,0.23623262995367988,0.9025168320457978
0.006036596868515374,0.23829130211013896,0.9
0.006036596868515374,0.2393206381883685,0.8994502076912605
0.006036596868515374,0.23983530622748328,0.8978441817879141
0.00622524052065648,0.24034997426659804,0.897612292862644
0.00622524052065648,0.24189397838394236,0.8970367117257045
0.006508205998868138,0.24189397838394236,0.8964790656068413
0.006508205998868138,0.24240864642305712,0.8957707380796864
0.006602527824938691,0.24240864642305712,0.8957008063002059
0.006602527824938691,0.24343798250128668,0.895224585725288
0.006696849651009243,0.24343798250128668,0.8949045391831538
0.006696849651009243,0.244981986618631,0.893305246458395
0.006791171477079796,0.244981986618631,0.8922622491016401
0.006885493303150349,0.24549665465774576,0.8915830988588129
0.006885493303150349,0.24601132269686052,0.8915395959487559
0.006979815129220902,0.24755532681420483,0.89
0.007074136955291454,0.24755532681420483,0.8891607802475536
0.007168458781362007,0.2480699948533196,0.8884515126150903
0.00726278060743256,0.2480699948533196,0.8883215604951072
0.00726278060743256,0.2485846628924344,0.8872686006509747
0.007451424259573665,0.2485846628924344,0.8847634452082491
0.007545746085644218,0.24961399897066391,0.8841134264340273
0.007545746085644218,0.2501286670097787,0.8839135573828852
0.007734389737785324,0.2501286670097787,0.8833820908370218
0.00792303338992643,0.2501286670097787,0.8825168320457978
0.00792303338992643,0.25115800308800823,0.8805238076686784
0.008111677042067535,0.25115800308800823,0.8804104605952416
0.008205998868138087,0.25424601132269686,0.88
0.008205998868138087,0.25579001544004115,0.8767730731101976
0.008394642520279192,0.25579001544004115,0.8767037058195679
0.008488964346349746,0.25579001544004115,0.8754883098585049
0.008488964346349746,0.25630468347915597,0.8754882243407949
0.008583286172420298,0.25630468347915597,0.8748006261019486
0.008583286172420298,0.2573340195573855,0.8742213105894683
0.008677607998490851,0.2573340195573855,0.8724185694037315
0.008771929824561403,0.25784868759650026,0.87
0.008771929824561403,0.2588780236747298,0.8691607802475536
0.008866251650631957,0.2588780236747298,0.8687227919497893
0.009149217128843614,0.2588780236747298,0.86848454687399
0.009432182607055273,0.2588780236747298,0.8649305782219315
0.009432182607055273,0.25939269171384455,0.8642393936246325
0.009526504433125825,0.25939269171384455,0.8642213105894682
0.009526504433125825,0.25990735975295937,0.8633820908370218
0.00971514808526693,0.25990735975295937,0.8623977988229625
0.00971514808526693,0.26042202779207413,0.8616290081296961
0.009809469911337484,0.26042202779207413,0.8614131862623922
0.009809469911337484,0.2609366958311889,0.8611877152813179
0.009903791737408036,0.2609366958311889,0.860369522640797
0.010186757215619695,0.2624806999485332,0.86
0.010281079041690247,0.2624806999485332,0.8594204596402379
0.010281079041690247,0.26351003602676276,0.8591607802475536
0.010469722693831352,0.26351003602676276,0.8581168475524745
0.010564044519901906,0.26351003602676276,0.8574379233580448
0.010564044519901906,0.2645393721049923,0.8560638054777343
0.010847009998113563,0.2645393721049923,0.8540490666451684
0.010847009998113563,0.2660833762223366,0.8531638260819837
0.010847009998113563,0.2676273803396809,0.85
0.010847009998113563,0.26865671641791045,0.8489085235637984
0.011224297302395774,0.26865671641791045,0.8467177797490812
0.011224297302395774,0.27020072053525473,0.8451922608445679
0.011318619128466326,0.27020072053525473,0.8449142743611533
0.011318619128466326,0.27071538857436955,0.8439110715382289
0.011507262780607432,0.27071538857436955,0.8425168320457977
0.011507262780607432,0.2717447246525991,0.8416331949087352
0.011695906432748537,0.2717447246525991,0.8409052158443682
0.012167515563101302,0.27380339680905813,0.84
0.012167515563101302,0.2753474009264025,0.8373435776330719
0.012261837389171854,0.2753474009264025,0.8356076142626402
0.01245048104131296,0.2753474009264025,0.8352189322897438
0.01245048104131296,0.27586206896551724,0.8338479154304753
0.012639124693454065,0.27586206896551724,0.8336091249461617
0.012639124693454065,0.27689140504374676,0.8333584373491995
0.012922090171665724,0.27689140504374676,0.8315395959487559
0.012922090171665724,0.2774060730828616,0.8304273399067301
0.01311073382380683,0.27792074112197634,0.83
0.013205055649877381,0.27792074112197634,0.8291586692456289
0.013205055649877381,0.27895007720020587,0.8289055718179356
0.013299377475947935,0.27946474523932063,0.8280358145323211
0.013393699302018487,0.27946474523932063,0.8270934475238433
0.013393699302018487,0.2799794132784354,0.8270759881471555
0.01348802112808904,0.2799794132784354,0.8253775422635253
0.01348802112808904,0.28049408131755016,0.8249305782219315
0.013865308432371251,0.28049408131755016,0.8204814530499667
0.014053952084512357,0.28049408131755016,0.8203078835164007
0.014148273910582909,0.28152341739577974,0.82
0.014336917562724014,0.28152341739577974,0.8194780078658437
0.014714204867006225,0.28152341739577974,0.8169119059036137
0.014714204867006225,0.28255275347400927,0.8146618629923595
0.014808526693076777,0.28306742151312403,0.8138849782660721
0.014997170345217883,0.28306742151312403,0.8129120558871893
0.014997170345217883,0.2835820895522388,0.8125428710845755
0.015091492171288436,0.2846114256304684,0.8108896443638608
0.015185813997358988,0.28512609366958314,0.81
0.0155631013016412,0.28512609366958314,0.8091610838047261
0.0155631013016412,0.2856407617086979,0.8081429602786143
0.01565742312771175,0.28615542974781266,0.806587636695708
0.016129032258064516,0.28615542974781266,0.8031968333502222
0.016129032258064516,0.2866700977869274,0.8029501798828373
0.01622335408413507,0.2866700977869274,0.801951932560952
0.01622335408413507,0.2871847658260422,0.8018111068469537
0.016317675910205623,0.28769943386515695,0.8014631972534105
0.016506319562346727,0.28769943386515695,0.7996290180325911
0.016694963214487834,0.28769943386515695,0.7984515126150903
0.016694963214487834,0.28821410190427177,0.7973182853592877
0.016789285040558384,0.28821410190427177,0.7967457800833054
0.016789285040558384,0.28872876994338653,0.7963582493974724
0.016883606866628938,0.2892434379825013,0.7960016329351255
0.017072250518770045,0.2892434379825013,0.7948213391571838
0.017072250518770045,0.28975810602161606,0.794055840447042
0.017166572344840595,0.28975810602161606,0.7939978561624919
0.017166572344840595,0.2902727740607308,0.7938904570339558
0.01726089417091115,0.2902727740607308,0.7927089183387985
0.01726089417091115,0.2907874420998456,0.7923772463521647
0.017449537823052256,0.2907874420998456,0.791495280680362
0.017543859649122806,0.2907874420998456,0.7913575657512173
0.017543859649122806,0.29130211013896035,0.790865931483771
0.01763818147519336,0.29130211013896035,0.7907334848305385
0.017732503301263913,0.29336078229541945,0.79
0.017732503301263913,0.294390118373649,0.7889207346934193
0.017826825127334467,0.294390118373649,0.7885789872380325
0.017826825127334467,0.29490478641276374,0.7849536960833806
0.017921146953405017,0.29490478641276374,0.7818336034521122
0.018109790605546124,0.29696345856922285,0.78
0.018204112431616674,0.29696345856922285,0.7797520234876196
0.018204112431616674,0.2974781266083376,0.7794244188630606
0.018298434257687228,0.2974781266083376,0.7784963018350795
0.018298434257687228,0.2979927946474524,0.7784515126150903
0.018958687040181096,0.2979927946474524,0.7739450740176502
0.019147330692322204,0.29850746268656714,0.7733913612720206
0.019147330692322204,0.29902213072568196,0.7715069797949125
0.019335974344463307,0.29902213072568196,0.7706294902834228
0.01943029617053386,0.3000514668039115,0.77
0.01943029617053386,0.30056613484302624,0.7698452330642861
0.019618939822674968,0.30056613484302624,0.7697241202834662
0.019901905300886626,0.30056613484302624,0.7696598689542956
0.019901905300886626,0.30159547092125577,0.7691607802475536
0.02009054895302773,0.30159547092125577,0.7673182853592877
0.02046783625730994,0.30159547092125577,0.7662197547620972
0.020562158083380494,0.30211013896037053,0.7661530274445902
0.020562158083380494,0.3031394750386001,0.765901373467977
0.020656479909451048,0.3036541430777149,0.7657697979743778
0.0207508017355216,0.3036541430777149,0.765224585725288
0.020939445387662705,0.30416881111682964,0.7652079300007337
0.02103376721373326,0.30416881111682964,0.7647244788494373
0.02103376721373326,0.3046834791559444,0.763117944995172
0.021316732691944916,0.3046834791559444,0.7625671528402284
0.021505376344086023,0.3046834791559444,0.7621396176535487
0.02178834182229768,0.3046834791559444,0.7616282544724103
0.022259950952650442,0.3046834791559444,0.76
0.022542916430862103,0.30519814719505917,0.7596438950368436
0.022637238256932653,0.30519814719505917,0.7588210352558873
0.02282588190907376,0.30519814719505917,0.758725979202713
0.022920203735144314,0.30519814719505917,0.7583202705048919
0.023108847387285417,0.30519814719505917,0.7562751953555101
0.02320316921335597,0.30519814719505917,0.7560745381849155
0.023391812865497075,0.30519814719505917,0.7552145606387967
0.02348613469156763,0.30519814719505917,0.75460043428982
0.023674778343708736,0.30519814719505917,0.7532213202607327
0.023769100169779286,0.30519814719505917,0.752479982510863
0.023769100169779286,0.305712815234174,0.7521018281382571
0.02386342199584984,0.305712815234174,0.7517360917877766
0.02386342199584984,0.30622748327328875,0.751072834552228
0.024052065647990947,0.3093154915079774,0.75
0.024429352952273158,0.3093154915079774,0.7480556499525677
0.02480664025655537,0.3093154915079774,0.7478635960400202
0.02490096208262592,0.3103448275862069,0.7477708048305209
0.02490096208262592,0.31085949562532167,0.7474309101033333
0.02490096208262592,0.3118888317035512,0.7473182853592877
0.025466893039049237,0.3118888317035512,0.7426655005668912
0.02565553669119034,0.3118888317035512,0.7426433701941704
0.02565553669119034,0.3129181677817808,0.7423436934406671
0.025938502169401998,0.3129181677817808,0.7416941146479451
0.026127145821543105,0.31343283582089554,0.74
0.026504433125825316,0.31343283582089554,0.7395896609787767
0.02659875495189587,0.3139475038600103,0.7384515126150903
0.02659875495189587,0.31446217189912506,0.7364530265680636
0.02659875495189587,0.3154915079773546,0.7363728537867037
0.02659875495189587,0.31600617601646935,0.7360928408258265
0.026881720430107527,0.31600617601646935,0.7353645168597338
0.026881720430107527,0.3175501801338137,0.7329963899725486
0.02697604225617808,0.3175501801338137,0.7315750150565776
0.02697604225617808,0.31806484817292846,0.7311987606561366
0.02707036408224863,0.31806484817292846,0.7308472333979225
0.02707036408224863,0.319094184251158,0.7307003761963096
0.027164685908319185,0.319094184251158,0.7300679464356641
0.027353329560460292,0.319094184251158,0.73
0.027541973212601396,0.319094184251158,0.72924921813804
0.027541973212601396,0.31960885229027275,0.7286077641406188
0.02763629503867195,0.32063818836850233,0.7284515126150903
0.027730616864742503,0.32063818836850233,0.7277384502783006
0.027919260516883607,0.3211528564076171,0.7269203068686675
0.028202225995095264,0.3211528564076171,0.7263530900758149
0.028579513299377475,0.32166752444673186,0.7262540790274886
0.028768156951518582,0.32166752444673186,0.7247677290142023
0.028768156951518582,0.3221821924858466,0.7246097044682562
0.028956800603659686,0.3221821924858466,0.7235968131209641
0.028956800603659686,0.3226968605249614,0.7230880833336656
0.029522731560083004,0.3226968605249614,0.7203628807903374
0.029711375212224108,0.32321152856407614,0.72
0.029994340690435765,0.32321152856407614,0.718738005203983
0.03008866251650632,0.32372619660319096,0.7184515126150903
0.03046594982078853,0.32372619660319096,0.7164882015174553
0.03046594982078853,0.3242408646423057,0.7159164836900347
0.030654593472929637,0.3242408646423057,0.7155404516038858
0.030654593472929637,0.32527020072053525,0.714832627590137
0.030748915299000187,0.32527020072053525,0.7140150598163487
0.030748915299000187,0.32681420483787954,0.7137713119273512
0.03084323712507074,0.32681420483787954,0.7136985530711388
0.031031880777211848,0.32681420483787954,0.7133099488722308
0.0311262026032824,0.32681420483787954,0.7123167457216397
0.0311262026032824,0.32732887287699436,0.7122612974509924
0.031409168081494056,0.32732887287699436,0.7112147221569238
0.03178645538577627,0.3293875450334534,0.71
0.03197509903791738,0.3293875450334534,0.7092621182638982
0.032069420863987924,0.3293875450334534,0.7091607802475537
0.032069420863987924,0.330416881111683,0.708812938024797
0.03225806451612903,0.330416881111683,0.7087119661652054
0.032352386342199585,0.330416881111683,0.7083448598300914
0.032352386342199585,0.33093154915079775,0.7071169857351614
0.03244670816827014,0.3314462171899125,0.7035634589211597
0.03272967364648179,0.3314462171899125,0.7030631140776579
0.033295604602905114,0.3314462171899125,0.7018050435266452
0.033484248255046214,0.3314462171899125,0.7002008981760101
0.03367289190718732,0.3314462171899125,0.7
0.03414450103754009,0.3314462171899125,0.6985699320849921
0.03414450103754009,0.33247555326814204,0.6983966287724432
0.034238822863610636,0.33247555326814204,0.698113727679321
0.034238822863610636,0.3329902213072568,0.6973182853592877
0.03433314468968119,0.3329902213072568,0.6969181638571607
0.03461611016789285,0.3329902213072568,0.6969030252301807
0.03499339747217506,0.3329902213072568,0.6949315183272401
0.035182041124316166,0.3329902213072568,0.6945153180928245
0.035182041124316166,0.3340195573854864,0.6943595788975446
0.03527636295038672,0.3340195573854864,0.6941037651228349
0.03527636295038672,0.33453422542460115,0.6939912317861583
0.03537068477645727,0.33453422542460115,0.6930878882037435
0.03555932842859838,0.33453422542460115,0.6921459911482138
0.03555932842859838,0.3355635615028307,0.6910678687933788
0.03593661573288059,0.3355635615028307,0.6903661693221192
0.03603093755895114,0.3355635615028307,0.690350844584055
0.03621958121109225,0.3355635615028307,0.6902451866049814
0.03697415581965667,0.33607822954194544,0.69
0.037257121297868324,0.33607822954194544,0.6898380795620163
0.037257121297868324,0.3376222336592898,0.6884515126150903
0.03735144312393888,0.3376222336592898,0.6879127810883635
0.037540086776079985,0.33813690169840455,0.6873460615884396
0.03772873042822109,0.33813690169840455,0.6872588057601463
0.03791737408036219,0.33813690169840455,0.6871775697344509
0.03829466138464441,0.33813690169840455,0.6857697979743779
0.03829466138464441,0.3386515697375193,0.6854799048391855
0.03838898321071496,0.3386515697375193,0.6854638960537006
0.03857762686285607,0.3386515697375193,0.6854122988154522
0.03857762686285607,0.33916623777663407,0.6845073667619792
0.03876627051499717,0.33968090581574883,0.6838936472528284
0.03876627051499717,0.3401955738548636,0.6837385472150053
0.03886059234106772,0.3401955738548636,0.6837346385045651
0.03886059234106772,0.34071024189397836,0.6833065249582918
0.03904923599320883,0.34071024189397836,0.6828911719218965
0.03933220147142049,0.3412249099330932,0.6825000740302579
0.03942652329749104,0.3412249099330932,0.6816339614970255
0.03942652329749104,0.34173957797220794,0.6814543613762456
0.03942652329749104,0.34276891405043747,0.6811817933838236
0.03952084512356159,0.34276891405043747,0.6809943836996658
0.03952084512356159,0.34328358208955223,0.6807866187244477
0.039615166949632144,0.34328358208955223,0.6807701800162517
0.039898132427843805,0.3448275862068966,0.68
0.03999245425391436,0.3448275862068966,0.6792662610060215
0.03999245425391436,0.34534225424601134,0.6791607802475537
0.040086776079984905,0.3458569222851261,0.6790130124670987
0.04018109790605546,0.3458569222851261,0.6785941409149765
0.04046406338426712,0.3458569222851261,0.6784515126150903
0.04065270703640823,0.3458569222851261,0.6776122928626439
0.04065270703640823,0.3468862583633556,0.6767381426352661
0.04093567251461988,0.3468862583633556,0.6760388157438133
0.041029994340690434,0.3474009264024704,0.6757863542611682
0.04121863799283154,0.3474009264024704,0.6740913584694852
0.04121863799283154,0.34791559444158515,0.6730194020621579
0.041312959818902095,0.34791559444158515,0.6728390539099633
0.04159592529711375,0.34791559444158515,0.6715666522178222
0.041784568949254856,0.34894493051981473,0.6710049368979621
0.041973212601395964,0.34894493051981473,0.6707022025408304
0.04291643086210149,0.34894493051981473,0.67
0.04291643086210149,0.34997426659804426,0.669395804203547
0.04310507451424259,0.34997426659804426,0.6689715003775185
0.04310507451424259,0.350488934637159,0.6689044790661334
0.04319939634031315,0.35151827071538855,0.6684515126150903
0.043388039992454254,0.35151827071538855,0.6673616544560953
0.04357668364459536,0.35203293875450337,0.6673182853592877
0.04376532729673646,0.35203293875450337,0.6649216867857777
0.04376532729673646,0.3530622748327329,0.664388513376316
0.04395397094887757,0.3530622748327329,0.6636704449048341
0.04395397094887757,0.35357694287184765,0.6635671559150166
0.04404829277494812,0.35357694287184765,0.6619105887969305
0.04404829277494812,0.3540916109109624,0.6616732824442798
0.04461422373137144,0.3540916109109624,0.6600661826439547
0.046217694774570835,0.35717961914565105,0.66
0.04659498207885305,0.35717961914565105,0.6592555814483666
0.04678362573099415,0.35717961914565105,0.6591607802475536
0.0468779475570647,0.35717961914565105,0.6591518888113999
0.04706659120920581,0.35717961914565105,0.6590119027592362
0.04706659120920581,0.3576942871847658,0.6589872367047325
0.047160913035276364,0.3576942871847658,0.6588680369099038
0.04744387851348802,0.3576942871847658,0.6584515126150903
0.04753820033955857,0.3576942871847658,0.6578913471098164
0.04772684399169968,0.3576942871847658,0.6578212923573367
0.047915487643840786,0.3582089552238806,0.6577415361075813
0.04800980946991134,0.3582089552238806,0.6573182853592877
0.04800980946991134,0.3587236232629954,0.6569030252301806
0.04838709677419355,0.3587236232629954,0.6563584945283337
0.04838709677419355,0.35923829130211016,0.6562956944030044
0.0484814186002641,0.35923829130211016,0.6562188255943384
0.0484814186002641,0.3597529593412249,0.6557697979743778
0.04895302773061686,0.3597529593412249,0.6534122573767349
0.04895302773061686,0.3602676273803397,0.6533407732196526
0.04923599320882852,0.3602676273803397,0.6507521008741709
0.05065082059988681,0.3602676273803397,0.65
0.05065082059988681,0.36078229541945445,0.6494244188630606
0.05083946425202792,0.36078229541945445,0.6491607802475536
0.050933786078098474,0.36078229541945445,0.648986430565296
0.050933786078098474,0.3612969634585692,0.6487375687876014
0.05102810790416903,0.3612969634585692,0.6485461067503661
0.051122429730239574,0.36181163149768397,0.6484515126150903
0.051405395208451235,0.36181163149768397,0.648013524317326
0.051405395208451235,0.3623262995367988,0.6478272735966951
0.05159403886059234,0.3623262995367988,0.6471924421025872
0.05178268251273345,0.36284096757591355,0.6471191368896825
0.05178268251273345,0.3633556356150283,0.6470248091671764
0.0520656479909451,0.3633556356150283,0.6452166842242179
0.05225429164308621,0.3633556356150283,0.644654964183649
0.05225429164308621,0.3638703036541431,0.6446240141917088
0.05244293529522732,0.3638703036541431,0.6428803704453572
0.052820222599509525,0.3638703036541431,0.6428801140292562
0.053103188077721186,0.3638703036541431,0.6425519105195597
0.053103188077721186,0.36438497169325784,0.6424562640552303
0.05329183172986229,0.36438497169325784,0.641572519256795
0.05329183172986229,0.3648996397323726,0.6409372762141322
0.05338615355593284,0.3648996397323726,0.6405846329155193
0.05404640633842671,0.3659289758106022,0.64
0.05442369364270892,0.3659289758106022,0.6391607802475536
0.05442369364270892,0.36644364384971695,0.6391532497732516
0.05480098094699113,0.36644364384971695,0.6384515126150903
0.054895302773061684,0.3674729799279465,0.6383343807534062
0.05508394642520279,0.3674729799279465,0.637612292862644
0.0552725900773439,0.3674729799279465,0.6373182853592876
0.05536691190341445,0.3674729799279465,0.6369030252301805
0.05536691190341445,0.36798764796706124,0.6362204107037692
0.055461233729485006,0.36798764796706124,0.6362020474377791
0.055461233729485006,0.368502316006176,0.6360638054777342
0.055649877381626106,0.368502316006176,0.6358698977882059
0.05583852103376721,0.368502316006176,0.6356289606081812
0.05602716468590832,0.36901698404529076,0.6354428431554923
0.056121486511978874,0.36901698404529076,0.6350861107568537
0.056121486511978874,0.3695316520844056,0.635076690028665
0.056310130164119974,0.3695316520844056,0.6341304225814139
0.056310130164119974,0.37004632012352034,0.6339723589544058
0.05668741746840219,0.37004632012352034,0.6309133907905804
0.05678173929447274,0.3705609881626351,0.6306012429486356
0.057724957555178265,0.37107565620174987,0.63
0.05791360120731937,0.37107565620174987,0.6299020950942085
0.058007923033389926,0.37107565620174987,0.6298782552476149
0.05838521033767214,0.37107565620174987,0.6291922096750077
0.05857385398981324,0.37107565620174987,0.628875593064797
0.05876249764195435,0.37107565620174987,0.6288193203214721
0.05904546312016601,0.37107565620174987,0.6284515126150904
0.05951707225051877,0.37107565620174987,0.6264404425490722
0.05951707225051877,0.37159032424086463,0.6263311784687821
0.05961139407658932,0.3721049922799794,0.6263004034896327
0.05980003772873043,0.3721049922799794,0.6260279613242998
0.059894359554800984,0.3721049922799794,0.6251476589762277
0.06017732503301264,0.3721049922799794,0.6238914377570993
0.06017732503301264,0.37364899639732374,0.6213419168335266
0.0604602905112243,0.37364899639732374,0.6210989101016205
0.06055461233729485,0.37364899639732374,0.6210463621758805
0.06055461233729485,0.3741636644364385,0.6208383925409051
0.060648934163365406,0.37467833247555327,0.6205073523443185
0.060837577815506506,0.37467833247555327,0.6200404067834951
0.06159215242407093,0.37519300051466803,0.62
0.06159215242407093,0.37622233659289755,0.6196184661892182
0.06187511790228259,0.37622233659289755,0.6191607802475536
0.06215808338049424,0.37622233659289755,0.6190967618113811
0.06234672703263535,0.37622233659289755,0.6190436680285671
0.06253537068477645,0.37622233659289755,0.6189995860941115
0.062629692510847,0.37622233659289755,0.6186967020391391
0.062629692510847,0.37725167267112714,0.6183987465508232
0.06272401433691756,0.37725167267112714,0.6181877914414105
0.06291265798905867,0.37725167267112714,0.6178801693592721
0.06291265798905867,0.3777663407102419,0.6178692116025059
0.06319562346727033,0.3777663407102419,0.617612292862644
0.06328994529334088,0.3777663407102419,0.6173182853592877
0.06347858894548199,0.3777663407102419,0.6171311029393177
0.0636672325976231,0.3777663407102419,0.616143749023759
0.0638558762497642,0.3777663407102419,0.6159954896037626
0.0640445199019053,0.3777663407102419,0.6157697979743779
0.0640445199019053,0.37828100874935666,0.6157343338641539
0.06442180720618751,0.37828100874935666,0.6153581382549396
0.06442180720618751,0.3787956767884714,0.6151011960966267
0.06461045085832862,0.37982501286670095,0.6148904806347254
0.06461045085832862,0.38085434894493053,0.6144942501999012
0.06489341633654028,0.38085434894493053,0.6133163330109129
0.06527070364082249,0.38085434894493053,0.6130978767494842
0.06527070364082249,0.3813690169840453,0.6129445264472931
0.06564799094510469,0.3813690169840453,0.6107608680499683
0.06564799094510469,0.38188368502316006,0.6105014301158999
0.0658366345972458,0.38188368502316006,0.6103807374354957
0.06611960007545746,0.38188368502316006,0.61
0.06611960007545746,0.3823983530622748,0.609629247349828
0.06621392190152801,0.3823983530622748,0.6091607802475536
0.06621392190152801,0.3829130211013896,0.6089379369372565
0.06630824372759857,0.3829130211013896,0.6087536376462763
0.06659120920581023,0.3829130211013896,0.6084515126150903
0.06706281833616298,0.3829130211013896,0.6072764324797939
0.06715714016223354,0.3829130211013896,0.6069424007138972
0.06715714016223354,0.3834276891405044,0.6069030252301806
0.06753442746651575,0.3834276891405044,0.6063131868603311
0.06753442746651575,0.38394235717961916,0.6057707380796864
0.0676287492925863,0.38394235717961916,0.6052989597896349
0.06781739294472741,0.38394235717961916,0.6050741449325414
0.06791171477079797,0.38394235717961916,0.6048031389333082
0.06810035842293907,0.38394235717961916,0.6047673886554857
0.06819468024900963,0.38394235717961916,0.6047634452082491
0.06857196755329183,0.38394235717961916,0.6043689309544056
0.06866628937936238,0.38394235717961916,0.604201582153495
0.06866628937936238,0.3844570252187339,0.603747666257816
0.0690435766836446,0.38548636129696345,0.6030976136139135
0.0692322203357857,0.38548636129696345,0.6030722103454805
0.06951518581399736,0.38548636129696345,0.6028215682220055
0.06998679494435012,0.38548636129696345,0.6019755171289156
0.07017543859649122,0.38548636129696345,0.6013738281639697
0.07026976042256178,0.38548636129696345,0.6011999867265189
0.07045840407470289,0.3860010293360782,0.6007061618435207
0.07064704772684399,0.3870303654143078,0.6003392623461464
0.07074136955291455,0.3870303654143078,0.6002386732866218
0.0710243350311262,0.3880597014925373,0.6
0.07121297868326731,0.3885743695316521,0.5998662174052891
0.07149594416147896,0.3885743695316521,0.5996276505226305
0.07168458781362007,0.3885743695316521,0.5993983601308543
0.07187323146576118,0.3885743695316521,0.5989443663386589
0.07196755329183173,0.3885743695316521,0.5988933429046075
0.07206187511790228,0.38908903757076685,0.5986081551227248
0.07206187511790228,0.3906330416881112,0.5978754658707877
0.07215619694397284,0.3906330416881112,0.5973738986601813
0.07215619694397284,0.39114770972722596,0.5971812727489892
0.07225051877004339,0.39114770972722596,0.5970049620354678
0.0724391624221845,0.3916623777663407,0.5969030252301806
0.0728164497264667,0.3916623777663407,0.5962875663848094
0.0728164497264667,0.3921770458054555,0.5958020646614766
0.07385398981324279,0.3921770458054555,0.5918888067885162
0.07385398981324279,0.39269171384457024,0.5918336034521121
0.074231277117525,0.39269171384457024,0.5905337259491238
0.074231277117525,0.393206381883685,0.5904722854407045
0.0744199207696661,0.393206381883685,0.5902490387502329
0.0746085644218072,0.393206381883685,0.5900008648892906
0.07508017355215997,0.39372104992279977,0.59
0.07508017355215997,0.3942357179619146,0.5899992046331767
0.07517449537823052,0.3942357179619146,0.589745467312581
0.07555178268251274,0.3942357179619146,0.5894389193553231
0.07564610450858329,0.3942357179619146,0.5894244188630605
0.07583474816072439,0.3942357179619146,0.5893847178419784
0.07592906998679494,0.3942357179619146,0.5890603608622386
0.07611771363893605,0.3942357179619146,0.588936946605256
0.0762120354650066,0.3942357179619146,0.5887703934516646
0.07658932276928881,0.3942357179619146,0.5885037275423377
0.07668364459535937,0.3942357179619146,0.5877246990474163
0.07668364459535937,0.39475038600102935,0.5876899587443684
0.07753254102999434,0.39475038600102935,0.5854699161886239
0.07753254102999434,0.3952650540401441,0.5851700197883732
0.07762686285606489,0.3952650540401441,0.5844582425832905
0.07762686285606489,0.3957797220792589,0.5842302037199981
0.07828711563855877,0.3957797220792589,0.5825226221297686
0.07847575929069987,0.3957797220792589,0.5822499298727215
0.07857008111677043,0.3957797220792589,0.5819029488358093
0.07885304659498207,0.3957797220792589,0.5816546638101231
0.07894736842105263,0.3957797220792589,0.5813439390760151
0.07913601207319373,0.39629439011837364,0.5811994731173116
0.07913601207319373,0.3968090581574884,0.5808812363920827
0.07923033389926429,0.3968090581574884,0.580806949581875
0.08007923033389927,0.397838394235718,0.58
0.08007923033389927,0.39835306227483275,0.5799601335791578
0.08045651763818147,0.39835306227483275,0.5791627130025985
0.08045651763818147,0.3988677303139475,0.578963727050835
0.08055083946425202,0.3988677303139475,0.5785489732982255
0.08073948311639313,0.39989706639217704,0.5782269663988743
0.08083380494246369,0.39989706639217704,0.5780588483586117
0.0812110922467459,0.4004117344312918,0.5778518390582635
0.0812110922467459,0.40092640247040656,0.5774309493424246
0.08139973589888701,0.40092640247040656,0.5774241918667243
0.08149405772495756,0.40092640247040656,0.5773894496431061
0.08149405772495756,0.4014410705095214,0.5773182853592876
0.08187134502923976,0.4014410705095214,0.5771281584292922
0.08196566685531032,0.4014410705095214,0.5769130519134478
0.08205998868138087,0.40195573854863614,0.5768955140057828
0.08243727598566308,0.40195573854863614,0.5766478836820275
0.0830032069420864,0.40195573854863614,0.5750793944436698
0.0833804942463686,0.40195573854863614,0.5748924722726723
0.0833804942463686,0.4024704065877509,0.5744396003772525
0.08375778155065082,0.4024704065877509,0.572293240693136
0.08394642520279193,0.40349974266598043,0.5720211775115036
0.08404074702886248,0.40349974266598043,0.5717026928028721
0.08404074702886248,0.40452907874420996,0.5716116000503326
0.08422939068100359,0.40452907874420996,0.5702066653372122
0.0844180343331447,0.40555841482243954,0.57
0.0844180343331447,0.4060730828615543,0.5695088437405176
0.08460667798528579,0.4060730828615543,0.5690177436920372
0.08488964346349745,0.4060730828615543,0.5684515126150903
0.08507828711563856,0.4060730828615543,0.5684240548594208
0.08507828711563856,0.40658775090066906,0.5683171755538061
0.08536125259385022,0.40658775090066906,0.5681338190213894
0.08536125259385022,0.40710241893978383,0.5680262531194555
0.08564421807206188,0.40710241893978383,0.5676340173498233
0.08583286172420299,0.40710241893978383,0.567448177989753
0.08583286172420299,0.4076170869788986,0.5673710419390149
0.08592718355027354,0.4076170869788986,0.566867896030924
0.08611582720241463,0.4076170869788986,0.5666892229764691
0.0863987926806263,0.4076170869788986,0.5666340622897692
0.0865874363327674,0.4076170869788986,0.5664530265680636
0.08668175815883795,0.4076170869788986,0.5662947855126252
0.08687040181097906,0.4076170869788986,0.5662412842379944
0.08696472363704962,0.4076170869788986,0.5656885796780038
0.08696472363704962,0.4081317550180134,0.565510435873505
0.08724768911526128,0.4081317550180134,0.5651935414362446
0.08724768911526128,0.40916109109624293,0.564354997084992
0.08734201094133183,0.40916109109624293,0.5641274264402739
0.08753065459347292,0.40916109109624293,0.5635699847632218
0.08753065459347292,0.4096757591353577,0.5628504503424404
0.08762497641954348,0.4096757591353577,0.5626728232045585
0.08781362007168458,0.4096757591353577,0.5625485780762594
0.0883795510281079,0.4096757591353577,0.5617487346267679
0.08847387285417846,0.41019042717447246,0.5615394853545947
0.08885116015846067,0.41019042717447246,0.5613414859556278
0.08894548198453123,0.41019042717447246,0.5611869222397641
0.08894548198453123,0.4117344312918168,0.5607335411521263
0.08941709111488398,0.4117344312918168,0.5602214752027036
0.08941709111488398,0.41224909933093157,0.5601983175445534
0.08951141294095454,0.41224909933093157,0.560036779509054
0.08988870024523675,0.41224909933093157,0.56
0.09026598754951896,0.41224909933093157,0.5590001349006646
0.09045463120166006,0.41224909933093157,0.5589114902916702
0.09045463120166006,0.41276376737004633,0.5587529057378628
0.09054895302773061,0.41276376737004633,0.558590319218768
0.09054895302773061,0.41379310344827586,0.5585433235081504
0.09073759667987172,0.41379310344827586,0.558367746966593
0.09083191850594227,0.41379310344827586,0.5582297838652066
0.09102056215808338,0.41379310344827586,0.5580680323979056
0.09111488398415393,0.4143077714873906,0.5580582387056553
0.09149217128843615,0.4143077714873906,0.5573182853592876
0.09168081494057725,0.4143077714873906,0.5570970051465014
0.09186945859271836,0.4143077714873906,0.5569161538528435
0.09234106772307112,0.4143077714873906,0.5568253218116056
0.09252971137521222,0.4143077714873906,0.5564801531071288
0.09262403320128278,0.4148224395265054,0.5564684573140619
0.0931899641577061,0.4148224395265054,0.5553492162409323
0.0933786078098472,0.4148224395265054,0.5547717998675179
0.09347292963591775,0.4153371075656202,0.5545972624644677
0.09413318241841162,0.4153371075656202,0.55261490408121
0.09413318241841162,0.4168811116829645,0.5518910212201981
0.09441614789662328,0.4168811116829645,0.5511436649325389
0.09441614789662328,0.41739577972207925,0.5507491450994703
0.09469911337483494,0.4184251158003088,0.55
0.09498207885304659,0.4184251158003088,0.5498653494371665
0.09526504433125825,0.4184251158003088,0.5494942486364292
0.0953593661573288,0.4184251158003088,0.5489914603841135
0.0953593661573288,0.4199691199176531,0.5473182853592876
0.09564233163554046,0.42099845599588265,0.5471928318835083
0.09564233163554046,0.4215131240349974,0.547096852991499
0.09583097528768157,0.4215131240349974,0.5470856090817585
0.09611394076589323,0.4215131240349974,0.5466018838527651
0.09620826259196379,0.4215131240349974,0.5465917873114277
0.09630258441803434,0.4220277920741122,0.5465007963831278
0.09649122807017543,0.4220277920741122,0.5464388811807518
0.0967741935483871,0.4220277920741122,0.5463221257519406
0.09771741180909263,0.4220277920741122,0.5446465204721321
0.09790605546123372,0.422542460113227,0.5444209423792001
0.09809469911337483,0.422542460113227,0.5442967245119275
0.09828334276551594,0.422542460113227,0.5437625987845034
0.09828334276551594,0.42305712815234175,0.5433417962533549
0.09903791737408037,0.42305712815234175,0.5426186638998974
0.09922656102622147,0.4235717961914565,0.5424237454702558
0.09932088285229201,0.4235717961914565,0.5423681979535276
0.09950952650443312,0.4235717961914565,0.542322140701789
0.09969817015657423,0.4235717961914565,0.541853972242818
0.09988681380871534,0.4240864642305713,0.5415520298185289
0.09998113563478589,0.42460113226968604,0.541157953369851
0.09998113563478589,0.4251158003088008,0.5410929314950296
0.1003584229390681,0.4251158003088008,0.5404793858707834
0.10054706659120921,0.4251158003088008,0.540317655380454
0.10101867572156197,0.4251158003088008,0.54
0.10130164119977363,0.4251158003088008,0.53975106826397
0.10149028485191473,0.4251158003088008,0.5395972590303503
0.10167892850405584,0.42563046834791557,0.539155189876696
0.10186757215619695,0.42563046834791557,0.5384515126150903
0.1019618939822675,0.42563046834791557,0.5383812623784344
0.10205621580833805,0.4261451363870304,0.5382855001440074
0.10215053763440861,0.4261451363870304,0.5379106606991568
0.10215053763440861,0.42665980442614515,0.5379039857810437
0.1023391812865497,0.42665980442614515,0.5376043415317986
0.10252782493869081,0.42665980442614515,0.5373182853592876
0.10252782493869081,0.4271744724652599,0.5373003503412115
0.10290511224297302,0.4271744724652599,0.5366797276212341
0.10290511224297302,0.4276891405043747,0.5366227759194129
0.10318807772118468,0.4276891405043747,0.5351751511400863
0.10318807772118468,0.4287184765826042,0.5349413592555777
0.10347104319939635,0.4287184765826042,0.5347968506756086
0.10365968685153745,0.4287184765826042,0.5341506345836976
0.10365968685153745,0.42923314462171896,0.5335442443801203
0.10403697415581965,0.42923314462171896,0.5329476918506164
0.10403697415581965,0.4297478126608338,0.5325168320457978
0.1041312959818902,0.4297478126608338,0.5323708846166926
0.10431993963403131,0.4297478126608338,0.5318295027510224
0.10479154876438408,0.4297478126608338,0.5311062770523897
0.10479154876438408,0.43026248069994855,0.5309943836996658
0.10488587059045464,0.4307771487390633,0.5309414794240105
0.10488587059045464,0.43129181677817807,0.5308527412005286
0.10507451424259574,0.43129181677817807,0.5303791363450155
0.10526315789473684,0.43129181677817807,0.5301059766007303
0.10545180154687794,0.43180648481729283,0.53
0.1055461233729485,0.43180648481729283,0.5299567437732321
0.1057347670250896,0.43180648481729283,0.5299039767179736
0.10601773250330127,0.43180648481729283,0.5297221538224278
0.10601773250330127,0.4323211528564076,0.5295541112203184
0.10611205432937182,0.43283582089552236,0.5292950201887314
0.10648934163365403,0.43283582089552236,0.529081002898513
0.10677230711186568,0.43283582089552236,0.528377755387011
0.10696095076400679,0.43283582089552236,0.5283030310661883
0.10705527259007734,0.43283582089552236,0.5280871281822901
0.10705527259007734,0.4333504889346372,0.5273182853592876
0.10724391624221845,0.4333504889346372,0.52712551176806
0.10743255989435956,0.4333504889346372,0.5270539885260065
0.10743255989435956,0.43386515697375194,0.5268557909527075
0.10771552537257122,0.43386515697375194,0.5263763315374139
0.10790416902471232,0.43386515697375194,0.526257944661285
0.10809281267685342,0.43386515697375194,0.5251942168374385
0.10828145632899452,0.43386515697375194,0.5249653158239856
0.10847009998113563,0.43386515697375194,0.5248654451872461
0.10856442180720619,0.4343798250128667,0.524706036907213
0.10884738728541785,0.4343798250128667,0.5240480668870984
0.10903603093755895,0.4343798250128667,0.5237804495482222
0.10960196189398226,0.4343798250128667,0.5219304793137839
0.10979060554612337,0.4343798250128667,0.5216695543035066
0.10988492737219392,0.43489449305198147,0.5215756434196449
0.11016789285040558,0.43489449305198147,0.521277923403054
0.11035653650254669,0.43489449305198147,0.521162083494381
0.11045085832861724,0.43489449305198147,0.5209825470117013
0.11045085832861724,0.435923829130211,0.5209239773738393
0.11045085832861724,0.4364384971693258,0.5204826642080568
0.11045085832861724,0.4395265054040144,0.52
0.11101678928504057,0.4395265054040144,0.5194759968811546
0.1111111111111111,0.4395265054040144,0.5194432512260708
0.1111111111111111,0.44055584148224397,0.5191607802475536
0.11139407658932277,0.44055584148224397,0.5190276548501231
0.11139407658932277,0.44107050952135873,0.5184515126150903
0.11158272024146387,0.44107050952135873,0.5181002699735656
0.11158272024146387,0.4415851775604735,0.5178826912735452
0.11224297302395775,0.4415851775604735,0.5177083420356936
0.1123372948500283,0.4415851775604735,0.5175203483642461
0.1125259385021694,0.4415851775604735,0.517451595582454
0.11290322580645161,0.4415851775604735,0.5169030252301805
0.11290322580645161,0.44209984559958826,0.5167730731101975
0.11299754763252216,0.44209984559958826,0.5167466989645925
0.11299754763252216,0.4431291816778178,0.5161051699302306
0.11356347858894549,0.4431291816778178,0.5148614670989942
0.11356347858894549,0.44415851775604737,0.514556342873036
0.11365780041501604,0.44415851775604737,0.5145201183520216
0.11384644406715715,0.44467318579516213,0.5144898563762573
0.11412940954536879,0.44467318579516213,0.5138302475685009
0.11460101867572156,0.44467318579516213,0.5138047078250247
0.11507262780607433,0.44467318579516213,0.513185175977646
0.11544991511035653,0.44570252187339165,0.5126523118358856
0.11554423693642708,0.44570252187339165,0.51257328206812
0.1159215242407093,0.44570252187339165,0.5124016867126834
0.11601584606677985,0.44570252187339165,0.5121368995678278
0.11601584606677985,0.4462171899125064,0.5121244622981375
0.11629881154499151,0.4462171899125064,0.5106312451742469
0.11629881154499151,0.4467318579516212,0.5104514252710817
0.11639313337106207,0.4467318579516212,0.5103938106884499
0.11667609884927373,0.447246525990736,0.51
0.11686474250141483,0.447246525990736,0.5098109213681818
0.11705338615355593,0.447246525990736,0.5089159740464377
0.11724202980569703,0.447246525990736,0.5088219865005366
0.11743067345783814,0.447246525990736,0.508617883008404
0.11761931710997925,0.447246525990736,0.5084530961925532
0.11780796076212036,0.44776119402985076,0.5084092026845501
0.11790228258819091,0.44776119402985076,0.508305607026988
0.11809092624033202,0.44776119402985076,0.5075187138393001
0.11837389171854368,0.44776119402985076,0.5073182853592876
0.11856253537068477,0.44776119402985076,0.5071949406440562
0.11865685719675532,0.44776119402985076,0.507087164156041
0.11865685719675532,0.4482758620689655,0.5069030252301805
0.11884550084889643,0.4482758620689655,0.5063064295096592
0.11903414450103754,0.4482758620689655,0.505613255944546
0.11922278815317865,0.4482758620689655,0.5052955518207787
0.1193171099792492,0.4482758620689655,0.5051818561495777
0.11941143180531975,0.4487905301080803,0.5045386338134241
0.11941143180531975,0.44930519814719505,0.5044626445417383
0.11950575363139031,0.44930519814719505,0.5043918125925082
0.11988304093567251,0.44930519814719505,0.5039065441501474
0.11988304093567251,0.4503345342254246,0.503212677497649
0.12007168458781362,0.4503345342254246,0.5026625289056743
0.12007168458781362,0.45136387030365416,0.5023302237579899
0.12016600641388417,0.45136387030365416,0.5022806714079062
0.12044897189209583,0.45136387030365416,0.5013877901630037
0.12054329371816638,0.4518785383427689,0.5011491107511944
0.12073193737030749,0.4518785383427689,0.5001071411782771
0.1209205810224486,0.45290787442099845,0.5
0.12120354650066026,0.45290787442099845,0.4993721486924499
0.12129786832673081,0.4534225424601132,0.49878297347661793
0.12139219015280135,0.4534225424601132,0.49815080717219873
0.12139219015280135,0.45393721049922797,0.4973182853592876
0.1214865119788719,0.45393721049922797,0.4972365490714523
0.12167515563101301,0.45393721049922797,0.49650505638466746
0.12195812110922467,0.45393721049922797,0.49518891624984257
0.12205244293529523,0.4544518785383428,0.4945236105576731
0.12224108658743633,0.4544518785383428,0.49443348673930243
0.12233540841350689,0.45496654657745755,0.4941627872541492
0.122524052065648,0.45496654657745755,0.49366405624835397
0.1227126957177891,0.45496654657745755,0.4932992718985495
0.12280701754385964,0.4554812146165723,0.49283561945849763
0.1229013393699302,0.4554812146165723,0.49251683204579777
0.1230899830220713,0.4559958826556871,0.4924867607213244
0.12327862667421241,0.4559958826556871,0.4913581553607695
0.12327862667421241,0.45651055069480184,0.49116925471015294
0.12356159215242407,0.45651055069480184,0.49004344496602054
0.12375023580456518,0.45651055069480184,0.49
0.12393887945670629,0.45651055069480184,0.48952125599224844
0.12393887945670629,0.45753988677303137,0.4892382846039208
0.12422184493491795,0.45753988677303137,0.48869476690991226
0.12441048858705904,0.45753988677303137,0.4885844542738601
0.12488209771741181,0.45753988677303137,0.4873182853592876
0.12516506319562345,0.45753988677303137,0.48723800422812613
0.125259385021694,0.45753988677303137,0.4870367117257045
0.125259385021694,0.45856922285126095,0.4867485393791206
0.12535370684776456,0.45856922285126095,0.48660019575604485
0.12535370684776456,0.4590838908903757,0.4862841487284652
0.12544802867383512,0.4590838908903757,0.48622228757497815
0.12554235049990567,0.4595985589294905,0.4860622412728956
0.12554235049990567,0.46062789500772,0.4855044649528783
0.12591963780418788,0.46062789500772,0.48478610273030853
0.12601395963025844,0.46062789500772,0.48420785633400604
0.12601395963025844,0.4611425630468348,0.4839376229724293
0.126108281456329,0.4616572310859496,0.4837076980087465
0.1262969251084701,0.4616572310859496,0.48361397976229203
0.1262969251084701,0.46217189912506434,0.48320578783359935
0.12639124693454065,0.46217189912506434,0.4831015195971483
0.12657989058668176,0.46217189912506434,0.48309406492960205
0.12657989058668176,0.4626865671641791,0.4830890234389741
0.1266742124127523,0.4626865671641791,0.4829407921419058
0.12705149971703453,0.4626865671641791,0.48269006314776325
0.12714582154310508,0.4626865671641791,0.4824796657205656
0.1277117524995284,0.4626865671641791,0.48139383710666067
0.12780607432559896,0.46371590324240863,0.4811473483431454
0.1279003961516695,0.46371590324240863,0.4809663273355219
0.1280890398038106,0.46371590324240863,0.48077207798081933
0.12818336162988114,0.46371590324240863,0.4805859397762727
0.12818336162988114,0.4642305712815234,0.4805115252934854
0.12837200528202225,0.4647452393206382,0.48
0.1284663271080928,0.4647452393206382,0.47988312287775964
0.1284663271080928,0.465259907359753,0.479852357336401
0.1286549707602339,0.465259907359753,0.4794714139923847
0.1286549707602339,0.46577457539886774,0.4793730617361059
0.12874929258630446,0.46577457539886774,0.4791657154208982
0.12884361441237502,0.4662892434379825,0.4791182885003499
0.12893793623844557,0.4662892434379825,0.47887114159478755
0.12893793623844557,0.46680391147709727,0.4785381369627346
0.1293152235427278,0.46680391147709727,0.4782659072978695
0.1295038671948689,0.46680391147709727,0.478234103445908
0.12969251084701,0.46731857951621203,0.47762511782310874
0.1298811544991511,0.46731857951621203,0.47747130293273893
0.1298811544991511,0.4678332475553268,0.4773677119365429
0.13006979815129222,0.4678332475553268,0.47715434286968156
0.13025844180343332,0.4678332475553268,0.4770599148408479
0.13035276362950388,0.4683479155944416,0.47690302523018063
0.13054140728164498,0.4683479155944416,0.4761208136354972
0.1307300509337861,0.4683479155944416,0.4760640644774529
0.13195623467270326,0.4683479155944416,0.47318862231294395
0.13233352197698547,0.4688625836335564,0.4731463697731199
0.13261648745519714,0.4688625836335564,0.4724410442868264
0.1330880965855499,0.4688625836335564,0.47232257136447936
0.13346538388983212,0.4688625836335564,0.47195990629782025
0.13374834936804378,0.4688625836335564,0.4704653462692162
0.13393699302018486,0.4688625836335564,0.47043378943680986
0.13412563667232597,0.4698919197117859,0.47
0.13421995849839652,0.4698919197117859,0.4698694937504084
0.13431428032446707,0.47040658775090066,0.46972275186724716
0.13450292397660818,0.4709212557900154,0.4695213403459279
0.1346915676287493,0.4709212557900154,0.4693180578578266
0.1350688549330315,0.4709212557900154,0.4689106406172425
0.1350688549330315,0.4714359238291302,0.4685747859674224
0.1352574985851726,0.471950591868245,0.46821770727516465
0.13544614223731372,0.471950591868245,0.46731828535928766
0.13544614223731372,0.47246525990735977,0.46699983537558987
0.13582342954159593,0.47246525990735977,0.46696212219610245
0.13582342954159593,0.4734945959855893,0.4669030252301806
0.13591775136766648,0.4745239320638188,0.46680227674955227
0.1362950386719487,0.4745239320638188,0.46629678198131347
0.13638936049801925,0.4750386001029336,0.46616954018682305
0.13638936049801925,0.4755532681420484,0.4661621103524509
0.13657800415016036,0.4755532681420484,0.4659777415351592
0.1366723259762309,0.4755532681420484,0.46596084057740816
0.136860969628372,0.4755532681420484,0.4654529108995756
0.13789850971514808,0.4755532681420484,0.46253228605330576
0.13789850971514808,0.47606793618116316,0.46243111289118344
0.1382757970194303,0.47606793618116316,0.4610514897810443
0.1386530843237125,0.47606793618116316,0.4610422509309795
0.13893604980192417,0.47606793618116316,0.46073976283016416
0.13921901528013583,0.47658260422027793,0.46
0.1395019807583475,0.47658260422027793,0.459989478883221
0.13997358988870023,0.47658260422027793,0.45916078024755363
0.13997358988870023,0.4770972722593927,0.4591342188328592
0.14016223354084134,0.4770972722593927,0.4590475720218216
0.1402565553669119,0.47761194029850745,0.45881860874748237
0.140445199019053,0.47761194029850745,0.45874180817666016
0.140445199019053,0.4781266083376222,0.4586522683311258
0.140445199019053,0.4791559444158518,0.4584515126150903
0.1406338426711941,0.4791559444158518,0.45799751500524527
0.1406338426711941,0.47967061245496656,0.457993562622128
0.14091680814940577,0.47967061245496656,0.45706767908425583
0.14119977362761743,0.47967061245496656,0.4569155367413246
0.14138841727975854,0.47967061245496656,0.45690302523018056
0.14138841727975854,0.4801852804940813,0.4568510975640323
0.14176570458404075,0.4801852804940813,0.456186316132861
0.1420486700622524,0.4801852804940813,0.45613859675602547
0.1420486700622524,0.4806999485331961,0.45601896254536345
0.14233163554046407,0.4806999485331961,0.45594275283735786
0.14252027919260518,0.4806999485331961,0.45521893228974375
0.14252027919260518,0.48121461657231085,0.4550910812840419
0.14261460101867574,0.48121461657231085,0.45443639140287506
0.14261460101867574,0.4817292846114256,0.4542213105894682
0.14270892284474626,0.4817292846114256,0.45382578785102884
0.14280324467081681,0.4822439526505404,0.4537153434281491
0.14289756649688737,0.4822439526505404,0.4533815836106788
0.14289756649688737,0.4827586206896552,0.4533131556794067
0.14327485380116958,0.4827586206896552,0.452434316637289
0.1434634974533107,0.4827586206896552,0.45227818119320845
0.14374646293152235,0.4827586206896552,0.451945734886251
0.14393510658366346,0.4827586206896552,0.4516539474763677
0.144029428409734,0.48327328872876996,0.4515834842451534
0.14431239388794567,0.48327328872876996,0.4509735818001351
0.14450103754008678,0.48327328872876996,0.45036292924340754
0.14459535936615733,0.48327328872876996,0.4502548016667523
0.14459535936615733,0.4837879567678847,0.45006794643566417
0.144878324844369,0.48481729284611425,0.45
0.1450669684965101,0.48481729284611425,0.4497526244114475
0.14534993397472176,0.48481729284611425,0.44881952384330814
0.14553857762686287,0.48481729284611425,0.44865095342436484
0.14572722127900395,0.48481729284611425,0.4478025836806642
0.1458215431050745,0.485331960885229,0.44771824479971106
0.1458215431050745,0.48584662892434377,0.44748184242051886
0.14638747406149782,0.48584662892434377,0.4471601775673395
0.14648179588756838,0.48584662892434377,0.44698127168714696
0.14676476136578004,0.48584662892434377,0.44645090902350687
0.14695340501792115,0.48584662892434377,0.4463199643828076
0.1470477268439917,0.4863612969634586,0.44631059665347395
0.1470477268439917,0.48687596500257335,0.4462329625921294
0.1472363704961328,0.48687596500257335,0.44619523393531757
0.14751933597434447,0.48687596500257335,0.44603569205069943
0.14799094510469724,0.48687596500257335,0.44535453784527085
0.14799094510469724,0.4873906330416881,0.4451079281353155
0.1480852669307678,0.4873906330416881,0.44484093362043553
0.1480852669307678,0.4889346371590324,0.44439497372331965
0.14817958875683834,0.4894493051981472,0.44413576947332056
0.1482739105829089,0.4894493051981472,0.4441063651431524
0.1482739105829089,0.489963973237262,0.44339890129073367
0.1490284851914733,0.489963973237262,0.4400312470330682
0.14931145066968496,0.49047864127637675,0.44
0.14931145066968496,0.4909933093154915,0.4399805757744838
0.14950009432182607,0.4915079773546063,0.43981910416352205
0.14959441614789662,0.4915079773546063,0.4395213612638408
0.14997170345217883,0.4915079773546063,0.4386417295820531
0.1506319562346727,0.4915079773546063,0.4368118778265635
0.15091492171288437,0.4915079773546063,0.43664762876103475
0.15110356536502548,0.4915079773546063,0.4364530265680635
0.15119788719109603,0.4915079773546063,0.43611015027205935
0.15138653084323714,0.4925373134328358,0.43567456610997446
0.15157517449537822,0.4925373134328358,0.43540541014990114
0.15185813997358988,0.4925373134328358,0.434324445202917
0.15185813997358988,0.4935666495110654,0.4337574998100552
0.15195246179966043,0.49408131755018014,0.4337170468173813
0.15232974910394265,0.49408131755018014,0.43302190215208336
0.15251839275608375,0.49408131755018014,0.43170673581359026
0.15251839275608375,0.4945959855892949,0.43161549371526525
0.15289568006036597,0.4945959855892949,0.43153205372275905
0.15336728919071874,0.4945959855892949,0.43119862134461934
0.1534616110167893,0.49511065362840967,0.4311856689639304
0.1536502546689304,0.49511065362840967,0.43090334621433224
0.15393322014714206,0.49511065362840967,0.4305116170057661
0.1540275419732126,0.49511065362840967,0.4304063686929532
0.15421618562535372,0.49511065362840967,0.42998050068484517
0.15421618562535372,0.49562532166752443,0.42966542595467194
0.15440482927749483,0.49562532166752443,0.42944731731038516
0.15440482927749483,0.496654657745754,0.42942441886306054
0.15468779475570646,0.496654657745754,0.429375228019026
0.15487643840784757,0.496654657745754,0.4289137128408318
0.15487643840784757,0.49768399382398354,0.4289114902916702
0.15515940388605923,0.49768399382398354,0.4287815836515632
0.15534804753820033,0.49768399382398354,0.4287035731715349
0.15534804753820033,0.4981986618630983,0.4278441817879141
0.1554423693642709,0.4981986618630983,0.4278361888763203
0.15553669119034144,0.49871332990221307,0.4276907653107964
0.15572533484248255,0.49871332990221307,0.42735699669642463
0.15572533484248255,0.4997426659804426,0.4273182853592876
0.15610262214676476,0.4997426659804426,0.42504635417904846
0.15619694397283532,0.4997426659804426,0.4249807970120855
0.15629126579890587,0.5002573340195574,0.423906773158481
0.15638558762497642,0.5002573340195574,0.423844915498779
0.15638558762497642,0.5007720020586721,0.4237713119273512
0.15657423127711753,0.5007720020586721,0.42292217627215173
0.15657423127711753,0.5012866700977869,0.42252493606649927
0.15676287492925864,0.5012866700977869,0.42225906371038424
0.15732880588568196,0.5012866700977869,0.42172163362341797
0.15751744953782304,0.5012866700977869,0.4201245078653957
0.1578004150160347,0.5023160061760165,0.42
0.15789473684210525,0.5023160061760165,0.4196985930336837
0.15808338049424636,0.5023160061760165,0.41968727567730413
0.15827202414638747,0.5028306742151313,0.41963641948085545
0.15846066779852858,0.5028306742151313,0.41916078024755365
0.15874363327674024,0.5028306742151313,0.41913196134263453
0.15874363327674024,0.503345342254246,0.4184515126150903
0.15930956423316356,0.503345342254246,0.4183067646787289
0.15949820788530467,0.5038600102933608,0.41777347418840877
0.15987549518958688,0.5038600102933608,0.41710379222940935
0.15987549518958688,0.5043746783324755,0.41699418861006365
0.15996981701565743,0.5043746783324755,0.4169030252301805
0.1602527824938691,0.5043746783324755,0.4167830314331274
0.16044142614601017,0.5048893463715903,0.4147444318542675
0.16053574797208073,0.5048893463715903,0.41386800532215845
0.16129032258064516,0.5048893463715903,0.41372162656154143
0.16147896623278626,0.5048893463715903,0.41362877267784093
0.16213921901528014,0.5048893463715903,0.4102404761702732
0.16213921901528014,0.5054040144107051,0.41000669369190407
0.1622335408413507,0.5059186824498199,0.41
0.16270514997170346,0.5059186824498199,0.40845151261509033
0.16270514997170346,0.5064333504889347,0.4083347348575587
0.16298811544991512,0.5064333504889347,0.4081756612445123
0.16317675910205623,0.5069480185280494,0.40795765662124966
0.16374269005847952,0.5069480185280494,0.4069994415256041
0.16402565553669118,0.5069480185280494,0.4063659081412921
0.16430862101490284,0.5069480185280494,0.4054567353985854
0.16449726466704395,0.5069480185280494,0.4053840213348605
0.16468590831918506,0.5069480185280494,0.40438294029031163
0.16496887379739672,0.5074626865671642,0.4043726283123564
0.16534616110167893,0.5074626865671642,0.40295139221882825
0.16553480475382004,0.5079773546062789,0.40253969438244325
0.1660064138841728,0.5079773546062789,0.40033572789081623
0.16628937936238444,0.5079773546062789,0.4
0.16628937936238444,0.5084920226453937,0.39916078024755364
0.16647802301452555,0.5084920226453937,0.3991480753662075
0.16685531031880776,0.5084920226453937,0.39700496203546776
0.16685531031880776,0.5090066906845085,0.3966600794373642
0.16694963214487832,0.5090066906845085,0.39653730318633806
0.16713827579701943,0.5090066906845085,0.39647906560684126
0.16770420675344275,0.5090066906845085,0.39472859693424556
0.1679871722316544,0.5090066906845085,0.39455630918875045
0.16817581588379552,0.5090066906845085,0.39408045138250913
0.16817581588379552,0.5095213587236233,0.39229252494784184
0.16827013770986607,0.5095213587236233,0.3917630128137394
0.16855310318807773,0.5095213587236233,0.39166164041336576
0.16874174684021884,0.5095213587236233,0.3916233893771956
0.16930767779664213,0.5095213587236233,0.3908611756816049
0.1697792869269949,0.5095213587236233,0.3908220309582145
0.16987360875306545,0.5095213587236233,0.3906280782643507
0.16987360875306545,0.5100360267627381,0.3906242775344133
0.17006225240520656,0.5105506948018528,0.3905943874761009
0.1701565742312771,0.5105506948018528,0.39009016027302335
0.17043953970948877,0.5110653628409676,0.39
0.17043953970948877,0.5120946989191971,0.3897950611321023
0.17062818336162988,0.5120946989191971,0.3896300519747015
0.17072250518770044,0.5120946989191971,0.389503651170176
0.17072250518770044,0.5131240349974266,0.38891149029167016
0.170816827013771,0.5131240349974266,0.3889069860284023
0.170816827013771,0.5136387030365415,0.3889012306729874
0.17091114883984154,0.5136387030365415,0.38828439582070656
0.17109979249198265,0.5136387030365415,0.38807354970414315
0.17128843614412376,0.5136387030365415,0.38712456553137625
0.17166572344840597,0.5136387030365415,0.38647906560684125
0.17166572344840597,0.5141533710756562,0.3857697979743779
0.17176004527447652,0.5141533710756562,0.3855366128611488
0.17176004527447652,0.5156973751930005,0.384068938915472
0.17223165440482927,0.5156973751930005,0.3819920649099247
0.17242029805697037,0.5156973751930005,0.38177216601342573
0.17251461988304093,0.5156973751930005,0.38153959594875586
0.17270326353518203,0.5162120432321153,0.3811494118377508
0.1727975853612526,0.5162120432321153,0.3809370207028156
0.1729862290133937,0.5162120432321153,0.38071305766206637
0.17308055083946425,0.5162120432321153,0.38040740700192166
0.1731748726655348,0.5172413793103449,0.38
0.17345783814374646,0.5172413793103449,0.3781441346110648
0.17364648179588757,0.5172413793103449,0.3777872150068863
0.17364648179588757,0.5182707153885744,0.37731828535928763
0.17402376910016978,0.5182707153885744,0.37690302523018054
0.1742124127523109,0.5182707153885744,0.374975283630457
0.17449537823052255,0.5182707153885744,0.3740445734442234
0.17468402188266366,0.5182707153885744,0.374010766547928
0.17496698736087532,0.5182707153885744,0.37320296780341855
0.17524995283908695,0.5187853834276891,0.37319791845712763
0.17591020562158083,0.5187853834276891,0.3706307071883678
0.17609884927372194,0.5187853834276891,0.37059331619247243
0.1761931710997925,0.5187853834276891,0.37042299542192436
0.1763818147519336,0.5193000514668039,0.37027219326835087
0.17685342388228636,0.5193000514668039,0.3702561850832496
0.17694774570835692,0.5203293875450334,0.37
0.17713638936049803,0.5203293875450334,0.3695544857396165
0.17723071118656858,0.5218733916623778,0.3683731852258805
0.1774193548387097,0.5218733916623778,0.36790208278606307
0.1776079984908508,0.5218733916623778,0.36736300290676044
0.1776079984908508,0.5223880597014925,0.3671443506338109
0.17789096396906245,0.5223880597014925,0.36453576745608685
0.17789096396906245,0.5229027277406073,0.3627086334355233
0.17826825127334464,0.5229027277406073,0.36085666932952243
0.17845689492548575,0.5229027277406073,0.36025791279882535
0.17845689492548575,0.5234173957797221,0.36004450019803763
0.1787398604036974,0.5234173957797221,0.3589084044055757
0.17902282588190907,0.5234173957797221,0.3586448525956545
0.17902282588190907,0.5239320638188368,0.3584515126150903
0.17921146953405018,0.5239320638188368,0.3583390731448577
0.17949443501226184,0.5239320638188368,0.35647906560684123
0.17949443501226184,0.5244467318579517,0.35640840829800885
0.1797774004904735,0.5244467318579517,0.3563968200941979
0.1799660441426146,0.5249613998970664,0.3563274807474997
0.1799660441426146,0.5254760679361812,0.35542239222911554
0.18043765327296737,0.5254760679361812,0.3545013202253645
0.18043765327296737,0.5259907359752959,0.35447814859009186
0.18053197509903793,0.5259907359752959,0.35415832087500726
0.18072061875117904,0.5265054040144107,0.35342572496107943
0.18100358422939067,0.5265054040144107,0.35261486085388655
0.18119222788153178,0.5265054040144107,0.35201981871117516
0.181569515185814,0.5265054040144107,0.351979055856826
0.18166383701188454,0.5265054040144107,0.3515935671163241
0.18185248066402565,0.5270200720535255,0.35
0.1821354461422373,0.5270200720535255,0.3498338749645413
0.1827956989247312,0.5270200720535255,0.34650814603288393
0.1831729862290134,0.5270200720535255,0.34650805491180187
0.1833616298811545,0.5270200720535255,0.3463589005593994
0.18383323901150725,0.5270200720535255,0.34542571610290085
0.18402188266364836,0.5270200720535255,0.3450886573520021
0.1841162044897189,0.5275347400926402,0.34488666322601164
0.1841162044897189,0.528049408131755,0.34463657071857523
0.18421052631578946,0.5285640761708698,0.3442213105894682
0.18468213544614223,0.5285640761708698,0.340965035118297
0.1849651009243539,0.5285640761708698,0.3403773173217654
0.185153744576495,0.5285640761708698,0.3402944625753679
0.18562535370684777,0.5285640761708698,0.34
0.18571967553291832,0.5285640761708698,0.33898762045626285
0.18571967553291832,0.5295934122490993,0.3384515126150903
0.18581399735898887,0.5295934122490993,0.33828303194195297
0.18628560648934164,0.5295934122490993,0.33761657745534135
0.18647425014148275,0.5295934122490993,0.33757268418214254
0.1867572156196944,0.5295934122490993,0.33688303859125485
0.1869458592718355,0.5295934122490993,0.33645510439678267
0.18722882475004715,0.5295934122490993,0.3363221960815908
0.18722882475004715,0.5301080802882141,0.33618687355695603
0.18770043388039992,0.5306227483273289,0.3358845677575841
0.18770043388039992,0.5311374163664436,0.33521893228974375
0.18779475570647047,0.5311374163664436,0.3350960260192383
0.18807772118468213,0.5311374163664436,0.3349045391831538
0.18826636483682324,0.5311374163664436,0.3331047263804699
0.18845500848896435,0.5311374163664436,0.33295799597639403
0.18883229579324656,0.5311374163664436,0.3328980177550433
0.18883229579324656,0.5316520844055584,0.33266354879848437
0.18892661761931712,0.5316520844055584,0.33246439004571515
0.18911526127145822,0.5321667524446732,0.3313331116842641
0.18911526127145822,0.532681420483788,0.331019459072102
0.18920958309752878,0.532681420483788,0.329397129107321
0.18920958309752878,0.5331960885229027,0.3284515126150903
0.18939822674966988,0.5331960885229027,0.3280703850202367
0.18939822674966988,0.5337107565620175,0.3280315228337177
0.189586870401811,0.5337107565620175,0.32803131331990437
0.189586870401811,0.5342254246011323,0.32690399156180905
0.18996415770609318,0.5342254246011323,0.32589534119713476
0.19015280135823429,0.534740092640247,0.32555742542459126
0.1903414450103754,0.534740092640247,0.3253536588454301
0.19043576683644595,0.534740092640247,0.3248496576180745
0.19062441048858705,0.534740092640247,0.32451161169582604
0.19081305414072816,0.534740092640247,0.32441397827924734
0.19081305414072816,0.5352547606793618,0.3240609895816358
0.19090737596679871,0.5357694287184765,0.3237842623970124
0.19137898509715148,0.5357694287184765,0.32358802002107917
0.19147330692322204,0.5357694287184765,0.32347210528118325
0.19166195057536314,0.5357694287184765,0.32167057236305846
0.19185059422750425,0.5357694287184765,0.32119313228878454
0.1921335597057159,0.5357694287184765,0.32110591858549875
0.19222788153178647,0.5357694287184765,0.3208331190248761
0.19241652518392757,0.5357694287184765,0.3204522673625757
0.19251084700999813,0.5362840967575914,0.32
0.1926994906621392,0.5362840967575914,0.3186108789906078
0.19279381248820976,0.5367987647967061,0.31845151261509025
0.1928881343142803,0.5367987647967061,0.31761229286264386
0.19298245614035087,0.5373134328358209,0.31737940443105994
0.19307677796642142,0.5373134328358209,0.31736300290676045
0.19364270892284474,0.5373134328358209,0.3158128911120064
0.1939256744010564,0.5373134328358209,0.31418230535418307
0.1939256744010564,0.5378281008749357,0.3139612144075804
0.19420863987926806,0.5378281008749357,0.31361196909795547
0.19420863987926806,0.5388574369531652,0.31161549371526526
0.19430296170533862,0.5388574369531652,0.3112187221950804
0.19439728353140917,0.5393721049922799,0.31078957206969965
0.19449160535747972,0.5393721049922799,0.310064073917468
0.19468024900962083,0.5409161091096243,0.31
0.19486889266176194,0.5409161091096243,0.30965970997195336
0.1953405017921147,0.5409161091096243,0.3083693048472916
0.195906432748538,0.5409161091096243,0.30779802908406395
0.19600075457460855,0.5409161091096243,0.3070725378370234
0.19600075457460855,0.5414307771487391,0.30690302523018054
0.19628372005282022,0.5414307771487391,0.30584518676026357
0.19647236370496132,0.5414307771487391,0.30473404106034097
0.19675532918317298,0.5414307771487391,0.30326566016512085
0.19675532918317298,0.5419454451878538,0.30277915183310694
0.19684965100924354,0.5419454451878538,0.3017078247666242
0.19684965100924354,0.5424601132269686,0.3014591878161067
0.19703829466138464,0.5424601132269686,0.30009583184515704
0.1971326164874552,0.5434894493051982,0.3
0.1973212601395963,0.5434894493051982,0.2991607802475536
0.1973212601395963,0.5440041173443129,0.2991073372118047
0.1975099037917374,0.5440041173443129,0.2977183164385202
0.19769854744387852,0.5440041173443129,0.29653105523631296
0.19788719109601963,0.5440041173443129,0.2963316189633804
0.19798151292209018,0.5440041173443129,0.296297721548142
0.19798151292209018,0.5445187853834277,0.29627919217366905
0.1983588002263724,0.5445187853834277,0.29566475321175867
0.19845312205244295,0.5445187853834277,0.2953549742616527
0.19864176570458403,0.5445187853834277,0.2947083964013492
0.19883040935672514,0.5445187853834277,0.2926849242936553
0.19901905300886624,0.5450334534225425,0.29251791440465663
0.19920769666100735,0.5450334534225425,0.2908110124958288
0.199490662139219,0.5455481214616572,0.29
0.19967930579136012,0.5455481214616572,0.2893250610579807
0.19967930579136012,0.546062789500772,0.288995897652639
0.20005659309564233,0.546062789500772,0.2878441817879141
0.20015091492171289,0.5465774575398867,0.28767929919299945
0.20043388039992455,0.5465774575398867,0.28764529560728613
0.20062252405206565,0.5465774575398867,0.2873182853592876
0.2007168458781362,0.5465774575398867,0.28718209349701185
0.2007168458781362,0.5470921255790016,0.2870367117257045
0.20081116770420676,0.5470921255790016,0.2864580257068794
0.20090548953027731,0.5476067936181163,0.2857697979743779
0.20099981135634787,0.5476067936181163,0.28574297152014777
0.20109413318241842,0.5481214616572311,0.28537979757621845
0.20128277683455953,0.5481214616572311,0.2848415933935263
0.20128277683455953,0.5486361296963459,0.2839710867561138
0.20137709866063008,0.5491507977354606,0.28375943420159166
0.20166006413884172,0.5491507977354606,0.2823479936263001
0.20166006413884172,0.5496654657745754,0.2821219575199243
0.20184870779098282,0.5496654657745754,0.28054556961731747
0.20203735144312393,0.5501801338136901,0.28
0.20222599509526504,0.5501801338136901,0.2792406217512874
0.2023203169213356,0.5501801338136901,0.27916078024755364
0.2025089605734767,0.550694801852805,0.2790583365290475
0.2026976042256178,0.550694801852805,0.27845151261509027
0.20279192605168836,0.550694801852805,0.2784194893041581
0.20279192605168836,0.5517241379310345,0.2776122928626439
0.20298056970382947,0.5517241379310345,0.2775744316630173
0.20326353518204113,0.5517241379310345,0.2773788591885617
0.20335785700811168,0.5532681420483788,0.27727506567754595
0.20335785700811168,0.5537828100874935,0.27690302523018057
0.20364082248632334,0.5537828100874935,0.2757697979743779
0.20382946613846445,0.5537828100874935,0.27574715857962767
0.2044897189209583,0.5537828100874935,0.27336415581894563
0.2046783625730994,0.5537828100874935,0.27267282320455843
0.20496132805131106,0.5537828100874935,0.2715479801528335
0.20505564987738162,0.5537828100874935,0.2705098649045242
0.20533861535559328,0.5537828100874935,0.27
0.2055272590077344,0.5537828100874935,0.26845151261509026
0.2057159026598755,0.5537828100874935,0.2681455126330415
0.2057159026598755,0.5542974781266083,0.26813996643175186
0.20581022448594605,0.5542974781266083,0.2678401737916778
0.2060931899641577,0.5542974781266083,0.2676066356359979
0.20628183361629882,0.5542974781266083,0.2664530265680635
0.20656479909451048,0.5542974781266083,0.26633711461988396
0.20684776457272214,0.5553268142048379,0.26610819901661215
0.20703640822486324,0.5553268142048379,0.2659614827988826
0.2071307300509338,0.5553268142048379,0.2657697979743779
0.2071307300509338,0.5558414822439527,0.2655296647112776
0.2076966610073571,0.5558414822439527,0.26318652874260445
0.2076966610073571,0.5563561502830674,0.2630687056567057
0.20797962648556875,0.5568708183221822,0.26238864256670746
0.2080739483116393,0.5568708183221822,0.2621276109554683
0.2080739483116393,0.5573854863612969,0.2612177428377063
0.20845123561592152,0.5573854863612969,0.2604541202295872
0.2091114883984154,0.5589294904786413,0.26
0.2093001320505565,0.5589294904786413,0.2591607802475536
0.20939445387662706,0.5594441585177561,0.2591383300024631
0.20958309752876816,0.5594441585177561,0.2587018901492827
0.20977174118090927,0.5599588265568708,0.25845151261509025
0.21014902848519149,0.5599588265568708,0.2567427042223482
0.21033767213733257,0.5599588265568708,0.2566432529789973
0.2109036030937559,0.5599588265568708,0.25401197081384824
0.2109036030937559,0.5604734945959856,0.2524586313092973
0.21118656857196755,0.5604734945959856,0.2502690223478947
0.21118656857196755,0.5609881626351003,0.2500008797560332
0.21137521222410866,0.5625321667524447,0.25
0.21137521222410866,0.5630468347915595,0.24999204866915467
0.21156385587624976,0.5630468347915595,0.2497548694268141
0.21165817770232032,0.5635615028306742,0.24845151261509027
0.21175249952839087,0.5635615028306742,0.2480135243173259
0.21175249952839087,0.564076170869789,0.24731828535928763
0.21194114318053198,0.564076170869789,0.24656258222805205
0.21194114318053198,0.5651055069480185,0.24591093324717211
0.21222410865874364,0.5651055069480185,0.2451909450096288
0.21241275231088474,0.5651055069480185,0.24507809494314983
0.21279003961516696,0.5651055069480185,0.2432879648283577
0.21307300509337862,0.5651055069480185,0.24327905751184967
0.2134502923976608,0.5651055069480185,0.24186901278208706
0.2134502923976608,0.5656201749871334,0.24125802231517265
0.21354461422373136,0.5656201749871334,0.24082112159571725
0.21354461422373136,0.5661348430262481,0.2407011243596963
0.21363893604980191,0.5661348430262481,0.24009419443351
0.21420486700622524,0.5671641791044776,0.24
0.21533672891907188,0.5671641791044776,0.23541508132407987
0.215525372571213,0.5671641791044776,0.2352645983533867
0.21712884361441237,0.5671641791044776,0.230125882637679
0.21741180909262403,0.5676788471435924,0.23
0.2180720618751179,0.5676788471435924,0.22626343507987914
0.2180720618751179,0.5687081832218219,0.2257697979743779
0.21844934917940012,0.5687081832218219,0.2246125167906521
0.21854367100547067,0.5687081832218219,0.2245002087788685
0.21882663648368234,0.5687081832218219,0.22447444206966677
0.2189209583097529,0.5692228512609367,0.22378861328444802
0.2189209583097529,0.5697375193000515,0.2236468615860807
0.21901528013582344,0.5697375193000515,0.2233074246334474
0.21920392378796452,0.5697375193000515,0.22308531433250967
0.21929824561403508,0.5697375193000515,0.22296430276672216
0.21948688926617618,0.5697375193000515,0.22225891102052792
0.21995849839652895,0.5697375193000515,0.22033792175502265
0.22061875117902283,0.5712815234173958,0.22
0.22080739483116393,0.5712815234173958,0.21901813150591465
0.22080739483116393,0.5717961914565105,0.21891693730143966
0.2209017166572345,0.5733401955738548,0.21845151261509027
0.22099603848330504,0.5733401955738548,0.21827738048814216
0.22099603848330504,0.5738548636129697,0.21815331462582382
0.2210903603093756,0.5743695316520844,0.21798699722714343
0.2212790039615167,0.5743695316520844,0.2178441817879141
0.2214676476136578,0.5743695316520844,0.21731828535928763
0.22165629126579892,0.5743695316520844,0.21675567207958427
0.22165629126579892,0.5748841996911992,0.21610770088670492
0.22193925674401058,0.5748841996911992,0.21603686470207947
0.22212790039615166,0.5748841996911992,0.2159397829041951
0.22212790039615166,0.5759135357694287,0.2152189322897438
0.22241086587436332,0.5759135357694287,0.21475540132813264
0.22241086587436332,0.5764282038085435,0.2147034442240584
0.22259950952650442,0.5764282038085435,0.214419230620663
0.22259950952650442,0.5774575398867731,0.21375249183617093
0.22269383135257498,0.5774575398867731,0.21369243428364953
0.22288247500471609,0.5779722079258878,0.2136817782033341
0.22363704961328051,0.5779722079258878,0.21014387506355714
0.2242973023957744,0.5795162120432321,0.21
0.22439162422184494,0.5800308800823469,0.20988201308385293
0.22439162422184494,0.5805455481214616,0.20969429421824132
0.2246745897000566,0.5805455481214616,0.2091607802475536
0.22476891152612716,0.5805455481214616,0.20891149029167017
0.22495755517826826,0.5805455481214616,0.20845151261509026
0.2250518770043388,0.5805455481214616,0.20799262251681935
0.2252405206564799,0.5805455481214616,0.20797805852689666
0.2252405206564799,0.5810602161605765,0.2078170621096055
0.22533484248255045,0.5810602161605765,0.20761229286264388
0.22552348613469156,0.5810602161605765,0.20690302523018056
0.2256178079607621,0.5810602161605765,0.20647906560684126
0.2256178079607621,0.582089552238806,0.20603218587292293
0.22571212978683267,0.582089552238806,0.20600250776209428
0.22571212978683267,0.5826042202779207,0.2058511416684806
0.22580645161290322,0.5826042202779207,0.2057697979743779
0.22580645161290322,0.5831188883170355,0.20490453918315382
0.22599509526504433,0.5831188883170355,0.20376149886076614
0.22618373891718543,0.5831188883170355,0.2036067116997542
0.22637238256932654,0.5831188883170355,0.20207196219995804
0.22637238256932654,0.5836335563561503,0.2014096438287728
0.22656102622146765,0.5836335563561503,0.20091957745345299
0.22712695717789097,0.5851775604734946,0.2
0.22750424448217318,0.5851775604734946,0.19891168396488643
0.2276928881343143,0.5851775604734946,0.19864250267362848
0.22778720996038485,0.5856922285126094,0.1986257914873866
0.22797585361252592,0.5856922285126094,0.1980039196250117
0.22807017543859648,0.5862068965517241,0.1979699169525927
0.22835314091680814,0.5862068965517241,0.1974145074764152
0.22854178456894925,0.5862068965517241,0.19731828535928764
0.22873042822109035,0.5862068965517241,0.19690302523018055
0.2288247500471609,0.5867215645908389,0.19589003144666564
0.22901339369930201,0.5867215645908389,0.19588152185220628
0.22920203735144312,0.5872362326299537,0.1957697979743779
0.22939068100358423,0.5872362326299537,0.19545314552436896
0.22976796830786644,0.5872362326299537,0.1947178369210183
0.22995661196000755,0.5872362326299537,0.19445863714000416
0.23014525561214866,0.5872362326299537,0.19416320263404466
0.23033389926428977,0.5882655687081833,0.19323473768642552
0.23033389926428977,0.588780236747298,0.19319573079041177
0.23042822109036032,0.588780236747298,0.19307014831558933
0.23042822109036032,0.5892949047864128,0.19266743013578203
0.2309941520467836,0.5892949047864128,0.190644185864289
0.2309941520467836,0.5903242408646423,0.1902243384954147
0.23108847387285417,0.5903242408646423,0.19009623202226955
0.23240897943784192,0.5908389089037571,0.19
0.23259762308998302,0.5908389089037571,0.18967003602163096
0.23278626674212413,0.5908389089037571,0.18891149029167018
0.23288058856819469,0.5918682449819866,0.1887574060745718
0.2332578758724769,0.5918682449819866,0.18798530266275912
0.23335219769854745,0.5918682449819866,0.18797330669635573
0.23354084135068856,0.5918682449819866,0.18775752947875105
0.23391812865497075,0.5918682449819866,0.18713578026236585
0.23410677230711185,0.5918682449819866,0.18695487443161318
0.23410677230711185,0.5923829130211014,0.1869499547134197
0.23429541595925296,0.5923829130211014,0.18690302523018054
0.23476702508960573,0.5923829130211014,0.18601036244198532
0.23476702508960573,0.5928975810602162,0.185957808155724
0.23486134691567628,0.5928975810602162,0.18580348611749867
0.2350499905678174,0.5928975810602162,0.1857697979743779
0.23514431239388794,0.5934122490993309,0.18542865628596633
0.23533295604602905,0.5934122490993309,0.18493151832724009
0.2354272778720996,0.5939269171384457,0.18474720701809466
0.2356159215242407,0.5939269171384457,0.18472038056386456
0.2366534616110168,0.5939269171384457,0.18176271753922538
0.2366534616110168,0.5944415851775605,0.1814309250683938
0.23787964534993397,0.5944415851775605,0.18
0.23806828900207508,0.5944415851775605,0.17957163147943456
0.23825693265421619,0.5944415851775605,0.17923505815601967
0.23853989813242785,0.5944415851775605,0.17875871343498764
0.23872854178456895,0.5944415851775605,0.1786303729086997
0.23920015091492172,0.5959855892949047,0.17845151261509026
0.23920015091492172,0.5965002573340196,0.17809034402787657
0.23938879456706283,0.5965002573340196,0.1776423924421497
0.23957743821920394,0.5965002573340196,0.17761229286264388
0.23976608187134502,0.5965002573340196,0.1773103340284423
0.23976608187134502,0.5970149253731343,0.17727118659820626
0.23986040369741557,0.5970149253731343,0.17725880576014627
0.23986040369741557,0.5975295934122491,0.17715694519799222
0.24004904734955668,0.5975295934122491,0.17690302523018053
0.24014336917562723,0.5975295934122491,0.17645302656806355
0.24033201282776834,0.5975295934122491,0.17629569440300435
0.2404263346538389,0.5975295934122491,0.17625841537264322
0.2404263346538389,0.5985589294904786,0.1760638054777342
0.24089794378419166,0.5985589294904786,0.1746036501317223
0.24089794378419166,0.5990735975295934,0.17447168812366062
0.2409922656102622,0.5990735975295934,0.17428831691982374
0.24118090926240332,0.5990735975295934,0.17417300143349818
0.24136955291454443,0.5990735975295934,0.17378782221820646
0.24136955291454443,0.5995882655687081,0.17361397976229204
0.2420298056970383,0.5995882655687081,0.17098408940078152
0.2422184493491794,0.6006176016469377,0.17054073254190288
0.24231277117524996,0.6006176016469377,0.17031154689502562
0.24231277117524996,0.6011322696860525,0.17019232546717195
0.24240709300132052,0.6011322696860525,0.17007460268024968
0.24344463308809658,0.6026762738033968,0.17
0.2436332767402377,0.6026762738033968,0.16974493313111816
0.2436332767402377,0.6031909418425115,0.1695620117022356
0.2440105640445199,0.6031909418425115,0.16891149029167019
0.244199207696661,0.6042202779207411,0.16845151261509028
0.24448217317487267,0.6042202779207411,0.16780954496704834
0.24448217317487267,0.6047349459598559,0.1676342822414594
0.24467081682701378,0.6047349459598559,0.16757179975334147
0.24485946047915488,0.6047349459598559,0.16738623179495174
0.245048104131296,0.6047349459598559,0.16731828535928764
0.245048104131296,0.6052496139989707,0.1671881412973829
0.2452367477834371,0.6052496139989707,0.16713854250773744
0.24533106960950765,0.6052496139989707,0.16688655598422264
0.24533106960950765,0.6057642820380854,0.1666822293859979
0.24570835691378984,0.6057642820380854,0.16576979797437794
0.24589700056593095,0.6057642820380854,0.1657697979743779
0.2461799660441426,0.6057642820380854,0.1649788382030236
0.2463686096962837,0.6057642820380854,0.16442816900611515
0.2463686096962837,0.6062789500772002,0.1642213105894682
0.24665157517449537,0.6062789500772002,0.16422131058946818
0.24768911526127146,0.6062789500772002,0.16184629149125038
0.24787775891341257,0.6062789500772002,0.16183277624057066
0.24816072439162423,0.6062789500772002,0.16119355878278277
0.24816072439162423,0.6067936181163149,0.16112571234133916
0.24834936804376534,0.6067936181163149,0.16075943119581967
0.2493869081305414,0.6073082861554298,0.16
0.24976419543482362,0.6073082861554298,0.159260606050916
0.24985851726089417,0.6078229541945446,0.15916078024755362
0.24995283908696472,0.6078229541945446,0.15905776280273562
0.2501414827391058,0.6078229541945446,0.15899589765263897
0.25042444821731746,0.6078229541945446,0.15872792918806042
0.25042444821731746,0.6083376222336593,0.15871058964351492
0.250518770043388,0.6083376222336593,0.15869541994871314
0.2509903791737408,0.6083376222336593,0.15845151261509027
0.25108470099981134,0.6083376222336593,0.1581313183908403
0.25127334465195245,0.6088522902727741,0.15731828535928763
0.251367666478023,0.6088522902727741,0.1573103340284423
0.251367666478023,0.6093669583118888,0.1570367117257045
0.2517449537823052,0.6093669583118888,0.15540956949247278
0.2519335974344463,0.6093669583118888,0.15519866714080308
0.25249952839086964,0.6093669583118888,0.15436179307275505
0.25249952839086964,0.6098816263510036,0.1541583647998407
0.2529711375212224,0.6098816263510036,0.15284666566047292
0.25325410299943407,0.6098816263510036,0.15246076999154815
0.2533484248255046,0.6098816263510036,0.15231494828114361
0.25353706847764573,0.6098816263510036,0.15223634599052355
0.2540086776079985,0.6098816263510036,0.15134344265788452
0.2540086776079985,0.6103962943901183,0.15130356674736667
0.25410299943406905,0.6103962943901183,0.15125502436045515
0.25410299943406905,0.6109109624292332,0.15093226512157965
0.2543859649122807,0.6109109624292332,0.15001499094091136
0.2556121486511979,0.6109109624292332,0.15
0.25570647047726847,0.6109109624292332,0.1499971214285973
0.255800792303339,0.611425630468348,0.14916078024755364
0.25598943595548007,0.611425630468348,0.14845151261509026
0.25598943595548007,0.6124549665465775,0.14826298435064042
0.2565553669119034,0.6124549665465775,0.14774597935816783
0.25664968873797395,0.6129696345856922,0.14731828535928762
0.25702697604225616,0.6129696345856922,0.14701659969573577
0.25721561969439727,0.6129696345856922,0.14690302523018053
0.2573099415204678,0.6129696345856922,0.14688029706152322
0.25749858517260893,0.6129696345856922,0.1468584736305856
0.25768722882475004,0.6129696345856922,0.14652935327155084
0.25768722882475004,0.613484302624807,0.14628814397314888
0.2581588379551028,0.613484302624807,0.14523773132065546
0.2581588379551028,0.6139989706639217,0.14521893228974378
0.2583474816072439,0.6139989706639217,0.1451545158163564
0.2583474816072439,0.6145136387030365,0.14491298729154542
0.258536125259385,0.6145136387030365,0.14392596801303434
0.25891341256366723,0.6145136387030365,0.1433326823758305
0.25891341256366723,0.6150283067421514,0.14280965996629283
0.25929069986794945,0.6150283067421514,0.14190950121862156
0.25929069986794945,0.6160576428203809,0.14151994654904768
0.26013959630258443,0.6160576428203809,0.14028605617251094
0.2612714582154311,0.6170869788986104,0.14
0.2613657800415016,0.6170869788986104,0.13985226500770914
0.26155442369364273,0.6170869788986104,0.1394244188630606
0.2619317109979249,0.6170869788986104,0.1384619568354784
0.26240332012827766,0.6170869788986104,0.13845151261509028
0.2624976419543482,0.6170869788986104,0.13822743448644315
0.26259196378041877,0.6176016469377251,0.13813422109112314
0.26325221656291264,0.6176016469377251,0.13743945893688392
0.26362950386719486,0.6176016469377251,0.13731828535928764
0.2637238256932654,0.6176016469377251,0.1372499143239924
0.26381814751933597,0.6181163149768399,0.13690302523018055
0.26428975664968873,0.6181163149768399,0.1357697979743779
0.26428975664968873,0.6186309830159548,0.1357612983272695
0.2643840784757593,0.6186309830159548,0.1357229105673151
0.2645727221279004,0.6186309830159548,0.1357198362383729
0.26485568760611206,0.6186309830159548,0.13561380681561716
0.26485568760611206,0.6191456510550695,0.13558261071622646
0.2651386530843237,0.6191456510550695,0.13519515694274709
0.2653272967364648,0.6191456510550695,0.13519515694274706
0.26570458404074704,0.6191456510550695,0.1349968032561579
0.26589322769288815,0.6191456510550695,0.13493435393836267
0.26589322769288815,0.6196603190941843,0.13493057822193152
0.2659875495189587,0.6196603190941843,0.13490453918315382
0.2659875495189587,0.620174987133299,0.13484596303868698
0.26608187134502925,0.620174987133299,0.1348307987777234
0.26627051499717036,0.620174987133299,0.13472597254559196
0.26627051499717036,0.6206896551724138,0.13457320219571844
0.26645915864931147,0.6206896551724138,0.1339593205366299
0.2668364459535937,0.6206896551724138,0.13302860373452421
0.2668364459535937,0.6212043232115285,0.13295295104774524
0.2681569515185814,0.6212043232115285,0.13050512471354547
0.2681569515185814,0.6217189912506433,0.13035212239755795
0.26825127334465193,0.6217189912506433,0.13022788092903392
0.26966610073571023,0.6232629953679877,0.13
0.2697604225617808,0.6237776634071024,0.1299423757904606
0.26985474438785134,0.6237776634071024,0.12988665886100045
0.27004338803999245,0.6237776634071024,0.1298740744438747
0.27042067534427466,0.6237776634071024,0.12969472005737662
0.27042067534427466,0.6242923314462172,0.12942441886306055
0.27060931899641577,0.6242923314462172,0.12916078024755362
0.27089228447462743,0.6242923314462172,0.12885788130804346
0.270986606300698,0.6248069994853319,0.12873662868229263
0.27108092812676854,0.6248069994853319,0.1287343265168386
0.27145821543105075,0.6248069994853319,0.12845151261509027
0.2717411809092624,0.6248069994853319,0.12797537589529426
0.2719298245614035,0.6248069994853319,0.1278926955996108
0.2720241463874741,0.6253216675244467,0.12787593147815088
0.27230711186568574,0.6253216675244467,0.12763445231889048
0.27230711186568574,0.6258363355635616,0.1276122928626439
0.27249575551782684,0.6268656716417911,0.12731828535928763
0.27268439916996795,0.6268656716417911,0.12728708925989693
0.27268439916996795,0.6278950077200206,0.1270049620354677
0.2727787209960385,0.6284096757591353,0.12690302523018054
0.2733446519524618,0.6284096757591353,0.12603324461457727
0.2733446519524618,0.629439011837365,0.12581451552185072
0.27362761743067343,0.629439011837365,0.12564078282634314
0.27362761743067343,0.6299536798764797,0.12561380681561718
0.2739105829088851,0.6299536798764797,0.12463657071857526
0.2739105829088851,0.6304683479155945,0.12406937846421473
0.27419354838709675,0.6304683479155945,0.1236760983403781
0.27438219203923786,0.6304683479155945,0.12364455855591253
0.27523108847387284,0.6304683479155945,0.12173998100686236
0.27523108847387284,0.6309830159547092,0.12158431349622864
0.27598566308243727,0.6309830159547092,0.12007670648703511
0.27749481229956613,0.631497683993824,0.12
0.2777777777777778,0.631497683993824,0.11972231288772615
0.2777777777777778,0.6320123520329387,0.11970953493026297
0.27806074325598945,0.6320123520329387,0.11942441886306059
0.27806074325598945,0.6330416881111683,0.11925476572199548
0.27824938690813056,0.6330416881111683,0.11916078024755362
0.27824938690813056,0.633556356150283,0.11911122562466624
0.2783437087342011,0.6340710241893979,0.11909121807969111
0.27843803056027167,0.6340710241893979,0.1190002672977996
0.27843803056027167,0.6345856922285126,0.1188231921405841
0.2786266742124128,0.6345856922285126,0.11880479990729331
0.2787209960384833,0.6345856922285126,0.11850098542286164
0.27890963969062443,0.6351003602676274,0.11845151261509028
0.2791926051688361,0.6351003602676274,0.117884112006758
0.27956989247311825,0.6351003602676274,0.11784418178791409
0.27975853612525936,0.6351003602676274,0.11731828535928762
0.27975853612525936,0.6356150283067421,0.11730799106040343
0.2798528579513299,0.6356150283067421,0.11702080906401381
0.280041501603471,0.6361296963458569,0.11690302523018055
0.2801358234295416,0.6361296963458569,0.11677307311019752
0.2801358234295416,0.6366443643849717,0.11652527213327339
0.2805131107338238,0.6366443643849717,0.11629569440300436
0.28079607621203545,0.6366443643849717,0.11606380547773419
0.2810790416902471,0.6366443643849717,0.11535453784527082
0.2810790416902471,0.6371590324240864,0.11530998624567589
0.28136200716845877,0.6371590324240864,0.11490453918315381
0.28136200716845877,0.6376737004632013,0.1146019323177196
0.28202225995095265,0.6376737004632013,0.11332445479786354
0.28202225995095265,0.6387030365414308,0.11319871963318492
0.28221090360309375,0.6387030365414308,0.1128158940374831
0.28239954725523486,0.6392177045805455,0.11279248102565727
0.2824938690813054,0.6392177045805455,0.11261384353676936
0.2826825127334465,0.6397323726196603,0.11253112206465227
0.28324844368986984,0.6397323726196603,0.11100889931754274
0.28324844368986984,0.6402470406587751,0.11078198461427796
0.28343708734201095,0.6402470406587751,0.11054547261585772
0.28343708734201095,0.6407617086978898,0.11015182033345206
0.28532352386342197,0.6417910447761194,0.11
0.2854178456894925,0.6417910447761194,0.10971047503557152
0.2854178456894925,0.6423057128152342,0.10942441886306059
0.2860780984719864,0.6423057128152342,0.10870189014928273
0.2860780984719864,0.6428203808543489,0.10867824447974747
0.28617242029805695,0.6428203808543489,0.10846277530732651
0.28654970760233917,0.6428203808543489,0.10845151261509027
0.2868326730805508,0.6428203808543489,0.10808147075299003
0.2869269949066214,0.6433350488934637,0.10803668890236506
0.2871156385587625,0.6433350488934637,0.10776867581045016
0.2871156385587625,0.6438497169325785,0.1077631730907874
0.2873042822109036,0.6438497169325785,0.1076122928626439
0.2874929258630447,0.6438497169325785,0.10744849784603824
0.2874929258630447,0.6443643849716932,0.10744741026772926
0.28777589134125636,0.6443643849716932,0.10731828535928763
0.2881531786455386,0.6443643849716932,0.10656024942517864
0.2883418222976797,0.6443643849716932,0.10654607193719683
0.28862478777589134,0.6443643849716932,0.10647017417068737
0.28881343142803245,0.6443643849716932,0.10645302656806355
0.2895680060365969,0.6443643849716932,0.10547496325948025
0.2899452933408791,0.6443643849716932,0.10527039085106962
0.2901339369930202,0.6443643849716932,0.10516246714720175
0.29022825881909076,0.6448790530108081,0.1047634452082491
0.2905112242973024,0.6448790530108081,0.10451575450920635
0.2905112242973024,0.6453937210499228,0.10450450759666746
0.29060554612337297,0.6453937210499228,0.10439971463246493
0.2907941897755141,0.6453937210499228,0.10431435595860147
0.2909828334276552,0.6453937210499228,0.10409135846948515
0.2909828334276552,0.6459083890890376,0.1039534550186568
0.2912657989058668,0.6459083890890376,0.10379805051287351
0.2914544425580079,0.6459083890890376,0.10379735096612891
0.291643086210149,0.6459083890890376,0.10374946159954222
0.29173740803621956,0.6464230571281523,0.10366791792448876
0.29192605168836067,0.6464230571281523,0.10362915642124362
0.292491982644784,0.6464230571281523,0.10308808333366555
0.292491982644784,0.6469377251672671,0.10305325892959859
0.29296359177513676,0.6469377251672671,0.10222376464775003
0.29334087907941897,0.6469377251672671,0.10203782543097771
0.29334087907941897,0.6474523932063819,0.10201200749510886
0.2935295227315601,0.6474523932063819,0.10183360345211209
0.2935295227315601,0.6479670612454966,0.10180756441333438
0.2940954536879834,0.6479670612454966,0.10020655562310693
0.2961705338615356,0.6500257334019557,0.1
0.2963591775136767,0.6500257334019557,0.09974274283291713
0.29645349933974724,0.6505404014410705,0.09942441886306058
0.29664214299188835,0.6505404014410705,0.09916078024755363
0.29683078664402945,0.6505404014410705,0.09910220410308676
0.29711375212224106,0.6505404014410705,0.0989536262826627
0.29711375212224106,0.6510550694801853,0.0987265524950578
0.2972080739483116,0.6510550694801853,0.09857101442758305
0.2975853612525938,0.6515697375193,0.09845151261509028
0.29796264855687604,0.6515697375193,0.09784418178791408
0.2982456140350877,0.6520844055584148,0.0976122928626439
0.29852857951329936,0.6520844055584148,0.09730003972955811
0.29871722316544047,0.6520844055584148,0.09690302523018055
0.298811544991511,0.6520844055584148,0.09682987769093994
0.298811544991511,0.6525990735975296,0.09671210359648821
0.29900018864365213,0.6525990735975296,0.09645302656806354
0.2994717977740049,0.6525990735975296,0.09599561292993666
0.2994717977740049,0.6531137416366444,0.09598432340320763
0.29956611960007545,0.6531137416366444,0.09593385335775116
0.29956611960007545,0.6536284096757591,0.09585151125725584
0.29975476325221656,0.6536284096757591,0.09584881466908607
0.3000377287304282,0.6546577457539887,0.09576979797437792
0.30116959064327486,0.6546577457539887,0.09361397976229202
0.30135823429541597,0.6546577457539887,0.09338209083702181
0.3014525561214865,0.6546577457539887,0.09330065643847212
0.3014525561214865,0.6556870818322182,0.09319871963318492
0.30164119977362763,0.6556870818322182,0.09308902343897411
0.3017355215996982,0.6556870818322182,0.09308808333366557
0.3017355215996982,0.656201749871333,0.09303650203365638
0.30182984342576874,0.656201749871333,0.09300284876115535
0.3019241652518393,0.6567164179104478,0.09298497376536037
0.30201848707790985,0.6567164179104478,0.09287334181664837
0.30201848707790985,0.6572310859495625,0.09285122724755522
0.30220713073005095,0.6572310859495625,0.09244280757495847
0.30220713073005095,0.6577457539886773,0.09224886358121917
0.30239577438219206,0.6577457539886773,0.09140964382877279
0.30239577438219206,0.6582604220277921,0.09130771808430574
0.3026787398604037,0.6582604220277921,0.09053643370670338
0.3026787398604037,0.6587750900669068,0.090533243182627
0.30296170533861533,0.6587750900669068,0.09020069282587949
0.30315034899075644,0.6587750900669068,0.09012518684841554
0.30513110733823806,0.6598044261451363,0.09
0.30531975099037917,0.660833762223366,0.08983511740508536
0.3055083946425203,0.660833762223366,0.08965174620124848
0.3056970382946614,0.6613484302624807,0.08958158371635933
0.3058856819468025,0.6613484302624807,0.08939322276366987
0.30598000377287304,0.6623777663407102,0.08916078024755363
0.30616864742501415,0.6623777663407102,0.08907201933887193
0.30635729107715526,0.6623777663407102,0.08894824062794358
0.3064516129032258,0.6623777663407102,0.0887918649127717
0.3064516129032258,0.662892434379825,0.08872279194978923
0.306828900207508,0.662892434379825,0.0885465856678411
0.30777211846821356,0.662892434379825,0.08845151261509027
0.3080550839464252,0.662892434379825,0.08787593147815087
0.3080550839464252,0.6634071024189397,0.08787593147815086
0.30843237125070744,0.6634071024189397,0.0876122928626439
0.30862101490284854,0.6634071024189397,0.08736300290676045
0.3089983022071307,0.6634071024189397,0.08731828535928762
0.3091869458592718,0.6644364384971694,0.08690302523018056
0.3093755895114129,0.6644364384971694,0.08673908274057447
0.3093755895114129,0.6649511065362841,0.08661350026575208
0.309564233163554,0.6649511065362841,0.08646503693241617
0.30975287681569513,0.6649511065362841,0.08645302656806354
0.30975287681569513,0.6654657745753989,0.08629569440300439
0.3098471986417657,0.6654657745753989,0.08609284082582647
0.3098471986417657,0.6659804426145136,0.08606380547773418
0.30994152046783624,0.6659804426145136,0.08589459303374795
0.31013016411997735,0.6659804426145136,0.08577073807968649
0.3110733823806829,0.6659804426145136,0.08522458572528782
0.3114506696849651,0.6659804426145136,0.0851942168374385
0.31154499151103565,0.6659804426145136,0.08514988928704853
0.31192227881531787,0.6659804426145136,0.08493057822193155
0.3122995661196001,0.6659804426145136,0.08480943527069643
0.3122995661196001,0.6664951106536284,0.08475195744768779
0.3124882097717412,0.6664951106536284,0.08468132070824845
0.3130541407281645,0.6664951106536284,0.08422131058946819
0.3130541407281645,0.6670097786927431,0.0839079872656483
0.31362007168458783,0.6670097786927431,0.08313280088113836
0.31362007168458783,0.667524446731858,0.08308902343897412
0.31380871533672894,0.667524446731858,0.08308808333366555
0.3139030371627995,0.667524446731858,0.0830152192282688
0.3139030371627995,0.6685537828100875,0.08278047066130469
0.31399735898887005,0.6685537828100875,0.08276287973091857
0.31399735898887005,0.6690684508492023,0.08271643135880505
0.3142803244670817,0.6690684508492023,0.0823382986761648
0.3144689681192228,0.6690684508492023,0.08221462132307861
0.3146576117713639,0.6690684508492023,0.08178483624467706
0.314846255423505,0.6690684508492023,0.08124879697446918
0.3149405772495755,0.6690684508492023,0.0811826426557721
0.3149405772495755,0.669583118888317,0.08112433581964876
0.3152235427277872,0.669583118888317,0.08070037619630945
0.3154121863799283,0.669583118888317,0.08069430507608127
0.31569515185813996,0.669583118888317,0.08044173204685036
0.31588379551028106,0.669583118888317,0.08032366233046302
0.31607243916242217,0.6700977869274318,0.08008955261345774
0.31871345029239767,0.6737004632012352,0.08
0.3188077721184682,0.6742151312403499,0.07986115644386309
0.31918505942275044,0.6742151312403499,0.07954110990172909
0.31937370307489155,0.6742151312403499,0.07950231712500383
0.3194680249009621,0.6742151312403499,0.07949428483511005
0.31975099037917376,0.6742151312403499,0.07916078024755363
0.3198453122052443,0.6742151312403499,0.07913582878708489
0.31993963403131487,0.6747297992794647,0.078995897652639
0.3200339558573854,0.6747297992794647,0.07889640034659004
0.32022259950952653,0.6747297992794647,0.07878297347661783
0.3205055649877382,0.6747297992794647,0.07854589899052197
0.321165817770232,0.6757591353576943,0.07845151261509029
0.3213544614223731,0.6762738033968091,0.07845151261509027
0.32144878324844367,0.6773031394750386,0.078403791753622
0.3215431050745142,0.6773031394750386,0.07828757012548421
0.3216374269005848,0.6778178075141533,0.07826258093245735
0.32173174872665533,0.6778178075141533,0.07803668890236506
0.32229767968307865,0.6778178075141533,0.07761229286264391
0.3223920015091492,0.6778178075141533,0.07760586552648943
0.3223920015091492,0.6783324755532681,0.07760340142649001
0.3227692888134314,0.6783324755532681,0.0771974691499187
0.3227692888134314,0.678847143592383,0.07714263839821171
0.322863610639502,0.678847143592383,0.07703671172570449
0.3230522542916431,0.678847143592383,0.07690302523018056
0.3230522542916431,0.6793618116314977,0.0767351543869949
0.32314657611771364,0.6793618116314977,0.076718301286112
0.3234295415959253,0.6798764796706125,0.07647906560684127
0.32352386342199585,0.6798764796706125,0.07646503693241616
0.3239954725523486,0.6798764796706125,0.07645302656806355
0.3239954725523486,0.6803911477097272,0.07629569440300438
0.3242784380305603,0.6803911477097272,0.0762297756509578
0.3244670816827014,0.6803911477097272,0.07609284082582647
0.3244670816827014,0.680905815748842,0.0760641585758088
0.32475004716091305,0.680905815748842,0.07592496192159727
0.32493869081305415,0.680905815748842,0.0759202485913618
0.3250330126391247,0.680905815748842,0.07577073807968648
0.3252216562912658,0.680905815748842,0.07576979797437793
0.3252216562912658,0.6814204837879567,0.07561380681561718
0.3254102999434069,0.6814204837879567,0.07543152319008926
0.3258819090737597,0.6814204837879567,0.07535453784527084
0.32635351820411246,0.6814204837879567,0.07493057822193155
0.3265421618562535,0.6814204837879567,0.07490453918315382
0.3265421618562535,0.6819351518270715,0.0748808935136186
0.3267308055083946,0.6819351518270715,0.07466335324797188
0.32682512733446517,0.6819351518270715,0.07464923237283473
0.32682512733446517,0.6824498198661864,0.07463657071857527
0.32767402376910015,0.6824498198661864,0.07362733113294304
0.32767402376910015,0.6829644879053011,0.07358011907013044
0.3277683455951707,0.6829644879053011,0.07348402764230899
0.32786266742124126,0.6834791559444159,0.07338209083702182
0.3279569892473118,0.6834791559444159,0.07336806216259671
0.3279569892473118,0.6839938239835306,0.07295332851980588
0.3284285983776646,0.6839938239835306,0.07267282320455848
0.32852292020373514,0.6845084920226454,0.07247320207663391
0.3289945293340879,0.6845084920226454,0.07198163860725953
0.3289945293340879,0.6850231600617601,0.07183454355742067
0.329183172986229,0.6850231600617601,0.07180756441333438
0.32927749481229956,0.6850231600617601,0.0715841772527539
0.3293718166383701,0.6855378281008749,0.07153959594875584
0.3296547821165818,0.6855378281008749,0.07128273776747797
0.3296547821165818,0.6860524961399898,0.07125802231517268
0.32974910394265233,0.6865671641791045,0.07099438369966574
0.33050367855121676,0.6865671641791045,0.07025037753419244
0.33050367855121676,0.6870818322182193,0.07022014464814362
0.3341822297679683,0.687596500257334,0.07
0.33446519524617996,0.687596500257334,0.06981932560862633
0.33446519524617996,0.6891405043746783,0.0697743838178296
0.33465383889832107,0.6891405043746783,0.0697356200990364
0.3349368043765327,0.6891405043746783,0.0695620117022356
0.33512544802867383,0.6891405043746783,0.06942441886306058
0.3354084135068855,0.6906845084920227,0.06916078024755362
0.3355970571590266,0.6906845084920227,0.06885788130804346
0.3355970571590266,0.6917138445702522,0.06866789977965967
0.33569137898509716,0.6922285126093669,0.06858519911061421
0.3357857008111677,0.6922285126093669,0.06857724777976888
0.33672891907187325,0.6922285126093669,0.06845151261509028
0.33672891907187325,0.6927431806484817,0.06833590915473074
0.33691756272401435,0.6927431806484817,0.06828663002017564
0.337200528202226,0.6927431806484817,0.06798654382577526
0.3373891718543671,0.6927431806484817,0.06787593147815085
0.3374834936804377,0.6927431806484817,0.0678441817879141
0.3376721373325788,0.6927431806484817,0.06776867581045015
0.33776645915864933,0.6927431806484817,0.06776585304131261
0.33795510281079044,0.6927431806484817,0.0676122928626439
0.33823806828900205,0.6927431806484817,0.0674398117781383
0.3383323901150726,0.6927431806484817,0.06741798148518852
0.33861535559328426,0.6927431806484817,0.06731828535928763
0.3387096774193548,0.6927431806484817,0.06725880576014628
0.3388983210714959,0.6927431806484817,0.06700496203546773
0.3389926428975665,0.6927431806484817,0.06695338073545858
0.3391812865497076,0.6937725167267113,0.06690302523018056
0.33927560837577814,0.6937725167267113,0.06677307311019753
0.3393699302018487,0.6942871847658261,0.0667386456650934
0.3393699302018487,0.6948018528049408,0.06673857905164779
0.33946425202791924,0.6948018528049408,0.06669359103567098
0.33965289568006035,0.6948018528049408,0.06663110561432035
0.339935861158272,0.6948018528049408,0.06648885267938247
0.339935861158272,0.6953165208440556,0.06647906560684126
0.34003018298434257,0.6953165208440556,0.06646503693241615
0.3401245048104131,0.6958311888831703,0.06645302656806354
0.34050179211469533,0.6958311888831703,0.06593385335775116
0.34050179211469533,0.6963458569222851,0.0658599995327081
0.34069043576683644,0.6963458569222851,0.06577073807968647
0.3415393322014714,0.6963458569222851,0.06576979797437792
0.341633654027542,0.6963458569222851,0.06561380681561717
0.34191661950575364,0.6963458569222851,0.065477627548055
0.3421995849839653,0.6963458569222851,0.06535453784527084
0.3421995849839653,0.6968605249613999,0.06530525463244988
0.3423882286361064,0.6968605249613999,0.06521893228974378
0.34248255046217696,0.6973751930005146,0.06519515694274707
0.34267119411431807,0.6973751930005146,0.06506426471745547
0.34333144689681194,0.6973751930005146,0.06463657071857527
0.34352009054895305,0.6973751930005146,0.06451531809282446
0.34389737785323526,0.6973751930005146,0.06428008925356649
0.34408602150537637,0.6978898610396295,0.06422131058946819
0.3442746651575174,0.6978898610396295,0.06406531943070744
0.3445576306357291,0.6978898610396295,0.06385979163113632
0.3447462742878702,0.6978898610396295,0.06380605046036111
0.3449349179400113,0.6978898610396295,0.06367609834037809
0.34502923976608185,0.6984045290787442,0.06364572945252878
0.3451235615921524,0.6984045290787442,0.06364572945252876
0.3453122052442935,0.698919197117859,0.0634195441951931
0.34587813620071683,0.698919197117859,0.06287445613574653
0.34587813620071683,0.6994338651569737,0.06279629467745608
0.34644406715714016,0.6994338651569737,0.06247206603748143
0.34663271080928126,0.7004632012352033,0.062293581128691995
0.3475759290699868,0.7004632012352033,0.06174555872901548
0.3477645727221279,0.7004632012352033,0.061677612293351364
0.34785889454819846,0.7004632012352033,0.06160568064868026
0.3482361818524807,0.7004632012352033,0.0615405360540644
0.3484248255046218,0.7004632012352033,0.06140694957956579
0.34851914733069234,0.700977869274318,0.06137927494092349
0.34908507828711566,0.700977869274318,0.06054438503754872
0.34908507828711566,0.7014925373134329,0.06039409284780585
0.34946236559139787,0.7014925373134329,0.0600130979426616
0.3535182041124316,0.705609881626351,0.06
0.3536125259385022,0.705609881626351,0.059836057510393934
0.3536125259385022,0.7061245496654658,0.0596777852400262
0.3538011695906433,0.7061245496654658,0.0595620117022356
0.3541784568949255,0.7061245496654658,0.05944589631475601
0.3545557441992077,0.7061245496654658,0.05942441886306058
0.3547443878513488,0.7061245496654658,0.059197546464181114
0.35512167515563103,0.7061245496654658,0.05900833192502735
0.3552159969817016,0.7061245496654658,0.05897230919901877
0.3554046406338427,0.7061245496654658,0.05891149029167017
0.3555932842859838,0.7061245496654658,0.05886404140674049
0.3555932842859838,0.7066392177045805,0.05863194434170457
0.3557819279381249,0.7066392177045805,0.058485970842423775
0.35615921524240707,0.7066392177045805,0.05845151261509028
0.3571024335031126,0.7071538857436953,0.058451512615090274
0.35719675532918316,0.7076685537828101,0.058410849428356754
0.3574797208073948,0.7076685537828101,0.05803668890236507
0.3576683644595359,0.7076685537828101,0.05787593147815086
0.3576683644595359,0.7086978898610397,0.057844181787914103
0.3579513299377476,0.7086978898610397,0.057712378207093476
0.3583286172420298,0.7086978898610397,0.05761229286264391
0.358705904546312,0.7097272259392692,0.0576122928626439
0.3588945481984531,0.7097272259392692,0.057500178964591545
0.3588945481984531,0.7102418939783839,0.05746110776542565
0.35908319185059423,0.7102418939783839,0.05744175683218524
0.3593661573288059,0.7107565620174987,0.05731828535928764
0.359554800980947,0.7107565620174987,0.057163478780295644
0.3599320882852292,0.7112712300566135,0.05690302523018056
0.3602150537634409,0.7112712300566135,0.05677307311019753
0.360403697415582,0.7117858980957282,0.056453026568063544
0.36049801924165253,0.7117858980957282,0.05642315979253009
0.36049801924165253,0.712300566134843,0.056242177804355926
0.36068666289379364,0.712300566134843,0.056165742283021354
0.3607809847198642,0.712300566134843,0.056063805477734194
0.36106395019807586,0.712300566134843,0.05606380547773418
0.3611582720241464,0.712300566134843,0.055919638980274175
0.3611582720241464,0.7128152341739578,0.055857706105239976
0.3613469156762875,0.7128152341739578,0.05577073807968648
0.3615355593284286,0.7133299022130726,0.05576979797437792
0.36172420298056973,0.7133299022130726,0.05568081314597273
0.36172420298056973,0.7143592382913021,0.05562581717996978
0.36219581211092244,0.7143592382913021,0.05530300490172853
0.36238445576306355,0.7143592382913021,0.0551942168374385
0.36257309941520466,0.7143592382913021,0.054930578221931536
0.36276174306734577,0.7143592382913021,0.054904539183153814
0.36276174306734577,0.7148739063304169,0.05489608416338179
0.3629503867194869,0.7148739063304169,0.054763445208249086
0.363139030371628,0.7148739063304169,0.05474720701809465
0.3635163176759102,0.7148739063304169,0.054602710026413724
0.36361063950198075,0.7153885743695316,0.05451905246836536
0.36398792680626296,0.7153885743695316,0.05429720835597764
0.3643652141105452,0.7153885743695316,0.054222250694776764
0.36445953593661573,0.7153885743695316,0.05422225069477675
0.36464817958875684,0.7153885743695316,0.0542213105894682
0.36502546689303905,0.7159032424086464,0.05422131058946819
0.36540275419732127,0.7159032424086464,0.05406098958163585
0.3654970760233918,0.7159032424086464,0.05405736809986213
0.3656857196755329,0.7159032424086464,0.053960237226369445
0.36587436332767403,0.7159032424086464,0.05388927156864168
0.3659686851537446,0.7164179104477612,0.053816029474823994
0.36625165063195625,0.7164179104477612,0.05361397976229201
0.3663459724580268,0.716932578486876,0.053589746935737974
0.36644029428409736,0.716932578486876,0.05353847378482807
0.36662893793623846,0.716932578486876,0.05352041660871139
0.3669119034144501,0.716932578486876,0.05338209083702182
0.3669119034144501,0.7174472465259908,0.0533560517982441
0.3670062252405207,0.7174472465259908,0.053214957823339376
0.36710054706659123,0.7179619145651055,0.053088083333665555
0.367572156196944,0.7179619145651055,0.05274872097106791
0.36776079984908505,0.7179619145651055,0.052740769640222604
0.3680437653272967,0.7179619145651055,0.05267376330986703
0.3680437653272967,0.7184765826042203,0.05267325962094034
0.3682324089794378,0.7184765826042203,0.052521849236650875
0.36860969628372003,0.7184765826042203,0.052163699054439655
0.36860969628372003,0.718991250643335,0.05209724206761906
0.3690813054140728,0.718991250643335,0.05154147615937296
0.3697415581965667,0.7200205867215645,0.05150185563149652
0.3699302018487078,0.7200205867215645,0.051379274940923494
0.3701188455008489,0.7200205867215645,0.051283478106668196
0.37021316732691945,0.7200205867215645,0.0512002335861582
0.37030748915299,0.7205352547606794,0.051004088902696545
0.37125070741369554,0.7205352547606794,0.05027641657297016
0.37143935106583664,0.7205352547606794,0.050099696125900886
0.3779475570647048,0.7241379310344828,0.05
0.378324844368987,0.7251672671127123,0.04979903786577701
0.37841916619505755,0.7251672671127123,0.04971108373096386
0.3787021316732692,0.7251672671127123,0.0495620117022356
0.3789850971514809,0.7256819351518271,0.049424418863060586
0.379173740803622,0.7256819351518271,0.0494155274269067
0.3793623844557631,0.7256819351518271,0.049409092909816994
0.3793623844557631,0.7261966031909418,0.049379606911361236
0.37992831541218636,0.7261966031909418,0.04916078024755363
0.3800226372382569,0.7261966031909418,0.048947293488983766
0.3803999245425391,0.7261966031909418,0.04891149029167017
0.3804942463686097,0.7261966031909418,0.04879186491277172
0.3804942463686097,0.7272259392691713,0.04872677425219989
0.3806828900207508,0.728255275347401,0.048585199110614215
0.381060177325033,0.728255275347401,0.04845151261509028
0.38238068289002075,0.73031394750386,0.04845151261509027
0.3824750047160913,0.73031394750386,0.048335909154730745
0.3824750047160913,0.7308286155429747,0.048197633959638136
0.3826636483682324,0.7308286155429747,0.04812724911765187
0.38275797019430297,0.7308286155429747,0.04799356262212794
0.3831352574985852,0.7308286155429747,0.047875931478150856
0.38322957932465573,0.7308286155429747,0.04786267039683636
0.3833239011507263,0.7318579516212044,0.04784418178791411
0.3833239011507263,0.7328872876994339,0.04778870267071927
0.38341822297679684,0.7328872876994339,0.04761229286264391
0.3838898321071496,0.7328872876994339,0.0476122928626439
0.3842671194114318,0.7328872876994339,0.04736300290676045
0.3853989813242784,0.7334019557385486,0.047318285359287636
0.38549330315034896,0.7334019557385486,0.047157292836814434
0.38568194680249007,0.7334019557385486,0.047021517791879915
0.3858705904546312,0.7334019557385486,0.04700496203546774
0.3860592341067723,0.7334019557385486,0.04700496203546772
0.3860592341067723,0.7339166237776634,0.046936233756042445
0.3864365214110545,0.7339166237776634,0.046903025230180556
0.3868138087153367,0.7339166237776634,0.046678991650011215
0.3868138087153367,0.7344312918167781,0.04666779639092258
0.38690813054140727,0.7344312918167781,0.046598723427940095
0.38690813054140727,0.734945959855893,0.04658804238744473
0.3870967741935484,0.734945959855893,0.04658376594600367
0.3870967741935484,0.7354606278950078,0.04654953812768294
0.38719109601961893,0.7359752959341225,0.046479065606841265
0.38737973967176004,0.737004632012352,0.04645302656806354
0.38756838332390114,0.737004632012352,0.04644791563744628
0.3878513488021128,0.7375193000514668,0.04636883156690981
0.38794567062818336,0.7375193000514668,0.04632744409324114
0.38813431428032447,0.7375193000514668,0.04629569440300438
0.388228636106395,0.7380339680905815,0.046063805477734185
0.3884172797585361,0.7380339680905815,0.04599413646979264
0.38879456706281834,0.7380339680905815,0.04581407613607616
0.3894548198453122,0.7380339680905815,0.04577073807968648
0.389926428975665,0.7390633041688112,0.04576979797437792
0.39002075080173554,0.7390633041688112,0.04576979797437791
0.39002075080173554,0.7395779722079259,0.04576278674884115
0.39020939445387665,0.7395779722079259,0.04574785082516345
0.39039803810601775,0.7395779722079259,0.045664560360433766
0.3911526127145822,0.7395779722079259,0.045218932289743774
0.3912469345406527,0.7395779722079259,0.045194216837438496
0.3914355781927938,0.7395779722079259,0.045162467147201735
0.3914355781927938,0.7400926402470407,0.045141265942627976
0.3916242218449349,0.7400926402470407,0.04493057822193154
0.391812865497076,0.7400926402470407,0.044904539183153826
0.39190718732314656,0.7400926402470407,0.04490453918315382
0.39228447462742877,0.7400926402470407,0.044636570718575276
0.3928504055838521,0.7400926402470407,0.044266028136941006
0.3928504055838521,0.7406073082861554,0.044248494614356815
0.3930390492359932,0.7406073082861554,0.04422225069477676
0.39351065836634597,0.7411219763252702,0.04422131058946819
0.3936993020184871,0.7421513124034997,0.044148328998105446
0.39398226749669873,0.7421513124034997,0.04380605046036111
0.39398226749669873,0.7426659804426146,0.04380550111682615
0.3942652329749104,0.7426659804426146,0.04377131192735118
0.3944538766270515,0.7426659804426146,0.04376375238555135
0.3950198075834748,0.7426659804426146,0.04338209083702182
0.3950198075834748,0.7431806484817293,0.0433593626683645
0.3951141294095454,0.7431806484817293,0.043356051798244095
0.3953027730616865,0.7436953165208441,0.043222644050659974
0.39558573853989815,0.7436953165208441,0.04293209217490481
0.39577438219203925,0.7436953165208441,0.04290605313612708
0.3958687040181098,0.7436953165208441,0.04283122515238768
0.39596302584418036,0.7442099845599588,0.04278047066130468
0.39615166949632147,0.7452393206381883,0.04278047066130467
0.39615166949632147,0.7457539886773031,0.04267298915243634
0.3963403131484626,0.7457539886773031,0.042628271604963526
0.39643463497453313,0.746268656716418,0.04262313849624552
0.39662327862667424,0.746268656716418,0.0423825500767431
0.39681192227881534,0.746268656716418,0.042248863581219175
0.39709488775702695,0.746268656716418,0.04216334494330012
0.3975664968873797,0.746268656716418,0.041935540257399276
0.3977551405395208,0.746268656716418,0.04191813922678601
0.39794378419166193,0.746268656716418,0.041789941911327254
0.39813242784380304,0.746268656716418,0.04154321220676574
0.39832107149594415,0.746268656716418,0.0414096438287728
0.39850971514808525,0.746268656716418,0.04120801675654061
0.39869835880022636,0.746268656716418,0.041096377720867903
0.39888700245236747,0.746268656716418,0.04101205868780171
0.3992642897566497,0.746268656716418,0.04067433715753174
0.3994529334087908,0.746268656716418,0.04054438503754871
0.39954725523486134,0.746268656716418,0.040472453392877625
0.39954725523486134,0.7467833247555327,0.040204456695749215
0.3996415770609319,0.7467833247555327,0.04009982580336237
0.3996415770609319,0.7472979927946475,0.04009969612590088
0.39973589888700245,0.7472979927946475,0.04009611647867013
0.4100169779286927,0.7529593412249099,0.04
0.4102056215808338,0.7529593412249099,0.03991101517159481
0.4103942652329749,0.7534740092640247,0.039562011702235604
0.41048858705904545,0.7534740092640247,0.03954110990172909
0.4109601961893982,0.7539886773031395,0.03942441886306058
0.4112431616676099,0.7539886773031395,0.0392107690607109
0.41228070175438597,0.7555326814204838,0.03916078024755363
0.41228070175438597,0.7560473494595985,0.03912678987793058
0.4123750235804565,0.7560473494595985,0.03912584977262201
0.41256366723259763,0.7560473494595985,0.038966598547559725
0.4128466327108093,0.7560473494595985,0.03891149029167017
0.41294095453687985,0.7565620174987133,0.038768434310888125
0.41312959818902095,0.7565620174987133,0.038609672871624194
0.41331824184116206,0.7565620174987133,0.03860255879111163
0.41350688549330317,0.7570766855378281,0.038585199110614206
0.4136012073193737,0.7570766855378281,0.03857498408798788
0.4137898509715148,0.7570766855378281,0.03856079617437799
0.4138841727975854,0.7570766855378281,0.03852494406901526
0.4166195057536314,0.7591353576942872,0.03845151261509028
0.41671382757970193,0.7591353576942872,0.03844450138955351
0.41690247123184304,0.7591353576942872,0.03833590915473075
0.4169967930579136,0.7591353576942872,0.03832156049510726
0.4171854367100547,0.7591353576942872,0.03831566536826793
0.4171854367100547,0.7596500257334019,0.03831454926957049
0.41765704584040747,0.7596500257334019,0.0379721438558969
0.41765704584040747,0.7601646937725167,0.037875931478150854
0.4180343331446897,0.7606793618116315,0.0378441817879141
0.4180343331446897,0.7611940298507462,0.03779167885747382
0.4184116204489719,0.7611940298507462,0.037612292862643906
0.418600264101113,0.7611940298507462,0.0376122928626439
0.4189775514053952,0.7611940298507462,0.03738623179495176
0.4202037351443124,0.7617086978898611,0.037318285359287634
0.4203923787964535,0.7617086978898611,0.03703671172570448
0.42086398792680624,0.7622233659289758,0.036903025230180554
0.4211469534050179,0.7622233659289758,0.03677307311019753
0.421335597057159,0.7622233659289758,0.03674270422234822
0.42142991888322956,0.7622233659289758,0.03652378315431407
0.42161856253537067,0.7622233659289758,0.036523783154314066
0.4218072061875118,0.7622233659289758,0.03648424758718434
0.4219958498396529,0.7622233659289758,0.03647906560684126
0.42227881531786454,0.7627380339680906,0.03645302656806354
0.42246745897000565,0.7632527020072054,0.036444571548291525
0.42265610262214676,0.7632527020072054,0.03609284082582647
0.4229390681003584,0.7632527020072054,0.03606380547773418
0.42303338992642897,0.7632527020072054,0.036063805477734176
0.4231277117524995,0.7637673700463201,0.03601503827029914
0.4234106772307112,0.7637673700463201,0.03579721115535239
0.42350499905678174,0.7642820380854349,0.035770738079686476
0.4235993208828523,0.7642820380854349,0.035769963922255774
0.4239766081871345,0.7658260422027792,0.03576979797437792
0.4241652518392756,0.7658260422027792,0.035625300982696964
0.42473118279569894,0.7658260422027792,0.035456474650558005
0.42491982644784004,0.7658260422027792,0.03535453784527083
0.4255800792303339,0.7658260422027792,0.034987783703663816
0.425768722882475,0.7658260422027792,0.034931518327240105
0.4258630447085456,0.766340710241894,0.034930578221931546
0.4262403320128278,0.766340710241894,0.03493057822193154
0.42633465383889835,0.766340710241894,0.034904539183153824
0.4267119411431805,0.7668553782810088,0.03490453918315382
0.4271835502735333,0.7668553782810088,0.034681288266048084
0.4275608375778155,0.7673700463201235,0.034636570718575274
0.4279381248820977,0.7673700463201235,0.03432324739475536
0.4281267685342388,0.7673700463201235,0.03422225069477676
0.42840973401245047,0.7673700463201235,0.034221310589468194
0.42888134314280324,0.7673700463201235,0.03377964861643552
0.4291643086210149,0.7673700463201235,0.03377131192735118
0.42925863044708545,0.7673700463201235,0.033760594123046474
0.42944727409922656,0.7673700463201235,0.033646669557837336
0.4297302395774382,0.7673700463201235,0.03349550085323496
0.42991888322957933,0.7673700463201235,0.0333560517982441
0.43010752688172044,0.7673700463201235,0.03322176982918948
0.43029617053386154,0.7673700463201235,0.033089023438974116
0.4305791360120732,0.7678847143592383,0.03308808333366555
0.43067345783814376,0.7678847143592383,0.032995866056007024
0.43067345783814376,0.768399382398353,0.032832594868855855
0.4307677796642143,0.7689140504374679,0.032831225152387684
0.43133371062063763,0.7689140504374679,0.03246313000448224
0.43152235427277874,0.7689140504374679,0.03226754208991427
0.4316166760988493,0.7689140504374679,0.03225564401544826
0.4318053197509904,0.7689140504374679,0.032222824542441464
0.4318053197509904,0.7699433865156974,0.03207740592032939
0.43208828522920206,0.7699433865156974,0.03185736241568585
0.43227692888134317,0.7704580545548122,0.03169936761305321
0.4325598943595548,0.7704580545548122,0.031641532754043
0.4327485380116959,0.7704580545548122,0.03162844418492646
0.43303150348990754,0.7704580545548122,0.03135756575121736
0.43322014714204865,0.7704580545548122,0.03134100625645482
0.4335031126202603,0.7704580545548122,0.03113431483411163
0.4335031126202603,0.7714873906330417,0.031072602373871182
0.43359743444633086,0.7714873906330417,0.030989670369430254
0.43378607809847197,0.7714873906330417,0.030964954917124973
0.4339747217506131,0.7714873906330417,0.030776273962818904
0.4339747217506131,0.7720020586721564,0.030675631729638317
0.4345406527070364,0.7720020586721564,0.030560971596632926
0.43463497453310695,0.7720020586721564,0.030407308798261753
0.4349179400113186,0.7720020586721564,0.030406368692953184
0.4349179400113186,0.7725167267112713,0.030324934294403475
0.43529522731560083,0.7725167267112713,0.030146215380428224
0.43548387096774194,0.7725167267112713,0.03006700633035556
0.4355781927938125,0.7725167267112713,0.030015982092930594
0.45019807583474813,0.7812660833762224,0.03
0.450858328617242,0.7812660833762224,0.02970368166945061
0.45180154687794755,0.7812660833762224,0.02942441886306058
0.4518958687040181,0.7812660833762224,0.02931716319535987
0.4539709488775703,0.7828100874935666,0.029160780247553628
0.4541595925297114,0.7828100874935666,0.02892606274421664
0.45444255800792305,0.7833247555326814,0.02891149029167017
0.4545368798339936,0.7833247555326814,0.028722791949789227
0.4547255234861347,0.7833247555326814,0.02872161895360316
0.4549141671382758,0.7833247555326814,0.0284779434429135
0.45802678739860403,0.7869274318064848,0.02845151261509028
0.4581211092246746,0.7869274318064848,0.028335909154730752
0.4581211092246746,0.7874420998455995,0.02832284826378466
0.4583097528768157,0.7874420998455995,0.028321560495107253
0.4584983965289568,0.7874420998455995,0.028151024464648584
0.4586870401810979,0.7874420998455995,0.028098025512592665
0.45878136200716846,0.7874420998455995,0.028072270539223797
0.458875683833239,0.7879567678847144,0.02803668890236507
0.4595359366157329,0.7884714359238292,0.02787593147815086
0.45981890209394455,0.7884714359238292,0.0278441817879141
0.4599132239200151,0.7884714359238292,0.027822980583340335
0.4602905112242973,0.7884714359238292,0.027612292862643904
0.4604791548764384,0.7884714359238292,0.02736300290676045
0.4630258441803433,0.7889861039629439,0.02731828535928764
0.46340313148462553,0.7889861039629439,0.026986269750690548
0.46359177513676664,0.7889861039629439,0.026983760830893964
0.46359177513676664,0.7895007720020587,0.026964798256790025
0.4642520279192605,0.7910447761194029,0.026903025230180556
0.4644406715714016,0.7910447761194029,0.02688029706152324
0.4645349933974722,0.7910447761194029,0.02677307311019753
0.4646293152235427,0.7915594441585178,0.026742704222348215
0.4647236370496133,0.7915594441585178,0.026627024113762044
0.4652895680060366,0.7920741121976326,0.02647906560684126
0.4665157517449538,0.7925887802367473,0.02645302656806354
0.46661007357102435,0.7925887802367473,0.02632744409324114
0.46698736087530657,0.7925887802367473,0.026295694403004378
0.4670816827013771,0.7925887802367473,0.026092840825826472
0.46727032635351823,0.7925887802367473,0.026063805477734184
0.4675532918317299,0.7925887802367473,0.025814515521850726
0.46793057913601205,0.7925887802367473,0.02577073807968648
0.47019430296170533,0.7931034482758621,0.025769797974377916
0.4702886247877759,0.7931034482758621,0.025688363575828203
0.47076023391812866,0.7931034482758621,0.02561380681561717
0.47076023391812866,0.7936181163149768,0.025456474650558003
0.4710431993963403,0.7936181163149768,0.025390529767180037
0.4710431993963403,0.7941327843540916,0.025354974261652705
0.47113752122241087,0.7941327843540916,0.025331809676613515
0.47160913035276364,0.7946474523932063,0.02521893228974378
0.47160913035276364,0.7951621204323212,0.025207184694674548
0.47198641765704585,0.7951621204323212,0.025162467147201738
0.4731182795698925,0.7951621204323212,0.024904539183153825
0.4737785323523863,0.795676788471436,0.02490453918315382
0.4739671760045274,0.795676788471436,0.02476344520824909
0.4742501414827391,0.795676788471436,0.024747207018094658
0.47434446330880964,0.795676788471436,0.024682228371356647
0.47453310696095075,0.795676788471436,0.024636570718575276
0.4748160724391624,0.795676788471436,0.024381082253765573
0.47538200339558573,0.795676788471436,0.024323247394755363
0.4754763252216563,0.795676788471436,0.024297208355977644
0.4758536125259385,0.795676788471436,0.024221310589468192
0.4760422561780796,0.795676788471436,0.024198582420810872
0.4762308998302207,0.795676788471436,0.024065319430707447
0.47632522165629126,0.795676788471436,0.02401079720251549
0.47632522165629126,0.7961914565105507,0.02381602947482399
0.4764195434823618,0.7961914565105507,0.023784262397012357
0.4768911526127146,0.7961914565105507,0.02377131192735118
0.4772684399169968,0.7961914565105507,0.023670444904834057
0.4772684399169968,0.7967061245496655,0.023613979762292018
0.47755140539520846,0.7967061245496655,0.023358189672178432
0.4778343708734201,0.7967061245496655,0.023356051798244102
0.4781173363516318,0.7967061245496655,0.023195730790411758
0.478494623655914,0.7967061245496655,0.023088083333665552
0.47877758913412566,0.7967061245496655,0.022939085442938132
0.4792491982644784,0.7967061245496655,0.022369612294067615
0.4794378419166195,0.7967061245496655,0.02224980368652774
0.47972080739483114,0.7967061245496655,0.02222282454244146
0.47972080739483114,0.7972207925887802,0.022081730567536727
0.4800037728730428,0.7972207925887802,0.02206643248269086
0.48028673835125446,0.7972207925887802,0.021907841699705628
0.4805697038294661,0.7972207925887802,0.021825278585189026
0.4808526693076778,0.7972207925887802,0.02167195885780732
0.4814186002641011,0.7972207925887802,0.021540536054064394
0.4816072439162422,0.7972207925887802,0.020988730264121694
0.48170156574231277,0.7972207925887802,0.02076224590791387
0.4817958875683833,0.797735460627895,0.0206752772628403
0.48236181852480664,0.797735460627895,0.0201234714728976
0.5043388039992455,0.8085434894493052,0.02
0.5045274476513866,0.8085434894493052,0.01966798439140291
0.5049990567817393,0.8085434894493052,0.019562011702235604
0.5050933786078099,0.8085434894493052,0.01952488849411046
0.5051877004338804,0.8090581574884199,0.019441182984520536
0.5053763440860215,0.8090581574884199,0.01943601661717469
0.5066025278249386,0.8090581574884199,0.01942441886306058
0.5067911714770797,0.8090581574884199,0.01935907970419063
0.5067911714770797,0.8095728255275347,0.019317163195359872
0.5068854933031504,0.8106021616057643,0.01918186426480059
0.5102810790416903,0.8116314976839938,0.019160780247553626
0.5104697226938314,0.8116314976839938,0.019060653564226735
0.5105640445199019,0.8121461657231086,0.0190345095469677
0.510752688172043,0.8121461657231086,0.01898569590302585
0.5113186191284663,0.8126608337622233,0.018911490291670167
0.5115072627806074,0.8126608337622233,0.018859761518660596
0.511790228258819,0.8126608337622233,0.01853475713560027
0.5181097906055461,0.8142048378795677,0.018451512615090277
0.5185813997358989,0.8147195059186825,0.01832156049510725
0.51877004338804,0.8147195059186825,0.01813652977235445
0.5188643652141105,0.8152341739577972,0.018081940440961963
0.5192416525183927,0.8152341739577972,0.018019066400357938
0.5192416525183927,0.815748841996912,0.017994502727436502
0.5193359743444633,0.815748841996912,0.017958563224862063
0.5199019053008866,0.815748841996912,0.017875931478150857
0.5205621580833805,0.815748841996912,0.017844181787914103
0.5206564799094511,0.815748841996912,0.017768675810450153
0.5208451235615922,0.815748841996912,0.01766068138299794
0.5221656291265799,0.8162635100360268,0.017612292862643906
0.522354272778721,0.8162635100360268,0.017461107765425653
0.5224485946047915,0.8167781780751415,0.017363002906760447
0.5265987549518959,0.8183221821924859,0.017318285359287637
0.526787398604037,0.8188368502316006,0.017268600650974682
0.5269760422561781,0.8188368502316006,0.017161344983273975
0.5273533295604603,0.8193515182707154,0.017004962035467724
0.5273533295604603,0.8203808543489449,0.016964798256790023
0.5294284097340124,0.8214101904271744,0.016903025230180557
0.5296170533861535,0.8214101904271744,0.016880297061523237
0.5297113752122241,0.8214101904271744,0.01685847363058561
0.5297113752122241,0.8219248584662893,0.01682146163055157
0.5298056970382946,0.8219248584662893,0.01675567207958427
0.5300886625165063,0.8229541945445188,0.016742704222348217
0.5301829843425768,0.8229541945445188,0.01648820151745535
0.5309375589511413,0.8234688625836336,0.016479065606841262
0.5325410299943407,0.8260422027792074,0.016453026568063543
0.5330126391246934,0.8265568708183222,0.01629569440300438
0.533106960950764,0.827071538857437,0.016112193998088217
0.5332012827768345,0.827071538857437,0.01611015027205935
0.5335785700811168,0.827071538857437,0.016092840825826474
0.5337672137332579,0.827071538857437,0.01588087069027917
0.5342388228636107,0.827071538857437,0.015877445431124123
0.5346161101678929,0.827071538857437,0.01577073807968648
0.5364082248632334,0.8275862068965517,0.015769797974377914
0.5365968685153745,0.8275862068965517,0.01561380681561717
0.5367855121675156,0.8275862068965517,0.015462586797509049
0.5369741558196567,0.8275862068965517,0.015364516859733715
0.5372571212978683,0.8275862068965517,0.015354974261652707
0.53754008677608,0.8281008749356665,0.015309986245675889
0.5376344086021505,0.8281008749356665,0.015253621073380099
0.5380116959064327,0.8281008749356665,0.01521893228974378
0.5382003395585738,0.8286155429747812,0.015195156942747059
0.5383889832107149,0.8286155429747812,0.014931518327240106
0.5390492359932089,0.8291302110138961,0.014904539183153822
0.5391435578192794,0.8291302110138961,0.014890398812430632
0.5394265232974911,0.8291302110138961,0.014763445208249092
0.5395208451235616,0.8296448790530108,0.01464335115280436
0.5398038106017733,0.8306742151312404,0.014636570718575275
0.5399924542539144,0.8306742151312404,0.014636570718575272
0.5403697415581966,0.8306742151312404,0.014379712537297404
0.5405583852103377,0.8311888831703551,0.014222250694776757
0.5407470288624788,0.8311888831703551,0.014130422581413948
0.5412186379928315,0.8311888831703551,0.014055542804682122
0.5414072816449726,0.8311888831703551,0.013807426982051549
0.5415016034710431,0.8317035512094699,0.01377131192735118
0.5417845689492549,0.8317035512094699,0.013670444904834059
0.5418788907753254,0.8317035512094699,0.01341112618511411
0.5420675344274665,0.8317035512094699,0.013311500198649153
0.5421618562535371,0.8317035512094699,0.01329257254543574
0.5427277872099604,0.8317035512094699,0.013214957823339368
0.5434823618185248,0.8322182192485846,0.013089023438974117
0.5436710054706659,0.8322182192485846,0.012906053136127088
0.5439539709488775,0.8322182192485846,0.012832594868855853
0.5439539709488775,0.8327328872876995,0.012691602507519656
0.5440482927749482,0.8327328872876995,0.012661376980899523
0.5441426146010186,0.833762223365929,0.012629211710272087
0.5443312582531598,0.833762223365929,0.012579465854221433
0.5446142237313715,0.833762223365929,0.012545867393890018
0.5448971892095831,0.833762223365929,0.012507055419772399
0.5449915110356537,0.8342768914050438,0.012488517828767712
0.5453687983399359,0.8342768914050438,0.01169936761305321
0.5457460856442181,0.8353062274832733,0.011671958857807323
0.5457460856442181,0.835820895522388,0.011372307049414703
0.5458404074702886,0.8363355635615028,0.011251719817501997
0.5462176947745708,0.8363355635615028,0.010508569372745665
0.546594982078853,0.8363355635615028,0.010151820333452053
0.6026221467647613,0.8610396294390118,0.01
0.6028107904169024,0.8610396294390118,0.00964651289750239
0.6030937558951142,0.8610396294390118,0.009646512897502388
0.6031880777211847,0.8610396294390118,0.009600014543509353
0.6036596868515375,0.8615542974781266,0.009562011702235602
0.6061120543293718,0.8625836335563561,0.00942441886306058
0.6063950198075835,0.863098301595471,0.009424418863060578
0.606489341633654,0.8636129696345857,0.009317163195359874
0.6115827202414639,0.8646423057128152,0.009160780247553625
0.6118656857196755,0.8646423057128152,0.009009560229445506
0.6137521222410866,0.8682449819866186,0.008911490291670168
0.6140350877192983,0.8682449819866186,0.00851161927205158
0.6259196378041879,0.8728769943386516,0.008451512615090279
0.6262026032823995,0.8728769943386516,0.00815611830568033
0.6262026032823995,0.8733916623777663,0.008136529772354448
0.6270514997170346,0.8739063304168811,0.00803668890236507
0.6295038671948688,0.8759650025733402,0.0078441817879141
0.6295981890209394,0.8759650025733402,0.007844181787914099
0.6297868326730806,0.8759650025733402,0.0076606813829979414
0.6317675910205621,0.876479670612455,0.007318285359287638
0.6380871533672892,0.8790530108080288,0.007318285359287636
0.6382757970194303,0.8795676788471436,0.007080922683898114
0.638558762497642,0.8795676788471436,0.007005186824804256
0.6393133371062064,0.8811116829644879,0.00685847363058561
0.6399735898887002,0.8811116829644879,0.006858473630585608
0.6401622335408413,0.8811116829644879,0.0068584736305856075
0.6405395208451236,0.8811116829644879,0.006717779749081232
0.6410111299754764,0.8821410190427175,0.006453026568063545
0.6454442558007923,0.8841996911991765,0.006453026568063544
0.6459158649311451,0.8841996911991765,0.006092840825826474
0.6460101867572157,0.8841996911991765,0.006092840825826472
0.6463874740614979,0.8841996911991765,0.005770738079686481
0.6489341633654028,0.8847143592382913,0.00577073807968648
0.6506319562346727,0.8857436953165209,0.005218932289743779
0.6509149217128843,0.8857436953165209,0.005218932289743778
0.6515751744953783,0.8862583633556356,0.0047634452082490905
0.6517638181475194,0.8862583633556356,0.00476344520824909
0.6522354272778721,0.8867730313947504,0.004381082253765573
0.6526127145821543,0.8867730313947504,0.004212031822651292
0.653744576495001,0.8878023674729799,0.004055542804682121
0.6539332201471421,0.8878023674729799,0.003775036051914757
0.6543105074514243,0.8878023674729799,0.003126326963906582
0.6544991511035654,0.8878023674729799,0.0029569510103334314
0.6546877947557065,0.8878023674729799,0.002667874532895482
1.0,1.0,0.0
